productName,productId,productNameLower,lowStockThreshold,physicalStock,lastUpdated,systemStock,batches,_id,lastCorrectionAt,lastCorrectionReason
OKAY FLOOR CLEANER,0DKOHYcR7aYIOYH18LEl,okay floor cleaner,1,1,2026-07-21T12:45:24.344Z,1,"[{""purchaseDate"":""2026-07-20T11:44:41.155Z"",""quantity"":1,""batchNumber"":"""",""purchaseBillId"":""DpRyosVyLI5rlWmgtOFb"",""adjustmentReason"":null,""purchaseRate"":48,""adjustedByName"":null,""mrp"":71,""expiryDate"":""2027-07-27T18:30:00.000Z"",""isManualAdjustment"":false}]",0DKOHYcR7aYIOYH18LEl,,
ACILOC 150 1*30,,aciloc 150 1*30,1,81,2026-07-23T07:07:01.938Z,81,"[{""adjustedByName"":null,""batchNumber"":""MEDIHUB"",""adjustmentReason"":null,""mrp"":50.44,""purchaseRate"":38.43,""quantity"":81,""purchaseBillId"":""5XVz1nNKP2AiiFa1Q1iH"",""isManualAdjustment"":false,""purchaseDate"":""2026-07-23T05:29:17.079Z"",""expiryDate"":""2027-07-27T18:30:00.000Z""}]",1000000,,
RAZO D,,razo d,1,,,,,1000011,,
FOLITRAX 7.5,,folitrax 7.5,1,,,,,1000012,,
MAXORIF 400 1*10,,maxorif 400 1*10,1,,,,,1000019,,
APTIVATE 175 ML,1000025,aptivate 175 ml,1,1,2026-07-17T10:04:06.132Z,1,"[{""purchaseDate"":""2026-07-14T06:31:27.837Z"",""batchNumber"":""A25459TM (MEDIBASKET)"",""expiryDate"":""2027-04-29T18:30:00.000Z"",""purchaseBillId"":""6ay79HpxBVdyHOQ5EL0S"",""purchaseRate"":132.86,""mrp"":170,""quantity"":1,""adjustmentReason"":null,""isManualAdjustment"":false,""adjustedByName"":null}]",1000025,,
BEPLEX-FORTE,,beplex-forte,1,,,,,1000029,,
CREMAFFIN PLUS 225 ML,1000030,cremaffin plus 225 ml,1,1,2026-07-17T10:04:08.093Z,1,"[{""mrp"":337.8,""purchaseDate"":""2026-07-14T06:31:27.837Z"",""adjustedByName"":null,""quantity"":1,""purchaseBillId"":""6ay79HpxBVdyHOQ5EL0S"",""adjustmentReason"":null,""purchaseRate"":257.38,""expiryDate"":""2028-12-31T18:30:00.000Z"",""batchNumber"":""8625637 MEDI BASKET "",""isManualAdjustment"":false}]",1000030,,
DERIPHYLLIN-RT 300,,deriphyllin-rt 300,1,,,,,1000040,,
LIPAGLYN 4MG TABLETS 10,,lipaglyn 4mg tablets 10,1,,,,,1000042,,
DOXOLIN,,doxolin,1,,,,,1000044,,
ODIMONT FX,,odimont fx,1,,,,,1000050,,
QUADRIDERM RF CREAM 5 GM,1000054,quadriderm rf cream 5 gm,1,1,2026-07-21T17:21:36.941Z,1,"[{""expiryDate"":""2027-09-27T18:30:00.000Z"",""isManualAdjustment"":false,""purchaseRate"":57.9,""mrp"":89,""adjustedByName"":null,""purchaseBillId"":""VNM2zTVGrJ4ZaMslUtMG"",""adjustmentReason"":null,""purchaseDate"":""2026-07-18T06:19:24.778Z"",""quantity"":1,""batchNumber"":""DC""}]",1000054,,
RAMITORVA CAPSULE,,ramitorva capsule,1,,,,,1000056,,
VILNIP-M 50/500,,vilnip-m 50/500,1,,,,,1000058,,
ARISTOZYME TABLET,,aristozyme tablet,1,,,,,1000062,,
ECOSPRIN GOLD 2O,,ecosprin gold 2o,1,,,,,1000068,,
ECOSPRIN GOLD 10 FORTE,,ecosprin gold 10 forte,1,,,,,1000069,,
ECOSPRIN 150,,ecosprin 150,1,,,,,1000072,,
ECOSPRIN 75,,ecosprin 75,1,,,,,1000074,,
ECOSPRIN AV 150/20,,ecosprin av 150/20,1,,,,,1000075,,
ECOSPRIN AV 75/20,,ecosprin av 75/20,1,,,,,1000076,,
ECOSPRIN AV 75,,ecosprin av 75,1,,,,,1000078,,
ECOSPRIN AV 150,,ecosprin av 150,1,,,,,1000079,,
EVION 400,,evion 400,1,,,,,1000081,,
GLIMY M1,,glimy m1,1,,,,,1000083,,
GLIMY M2,,glimy m2,1,,,,,1000084,,
KETOROL DT,,ketorol dt,1,,,,,1000085,,
ROSEDAY 10,,roseday 10,1,,,,,1000091,,
ROSEDAY GOLD 10,,roseday gold 10,1,,,,,1000093,,
TAZLOC-H,,tazloc-h,1,,,,,1000095,,
TUSSIN-DMR,,tussin-dmr,1,,,,,1000097,,
ISTAMET 50/500MG,,istamet 50/500mg,1,,,,,1000098,,
ISTAMET 50/1000MG,,istamet 50/1000mg,1,,,,,1000099,,
PANTOCID 40,,pantocid 40,1,,,,,1000100,,
ALEX LOZENGES 10,,alex lozenges 10,1,,,,,1000101,,
ALEX P 60ML,1000102,alex p 60ml,1,6,2026-07-23T07:11:41.418Z,6,"[{""expiryDate"":""2026-08-27T18:30:00.000Z"",""isManualAdjustment"":false,""purchaseDate"":""2026-07-17T15:06:47.110Z"",""purchaseRate"":82.15,""purchaseBillId"":""sIBrxawP5tddMZN0yUmB"",""quantity"":6,""adjustmentReason"":null,""mrp"":115,""batchNumber"":""MEDIBASKET "",""adjustedByName"":null}]",1000102,,
AMLOVAS AT 15,,amlovas at 15,1,,,,,1000104,,
CANDID POWDER 120 GM,1000106,candid powder 120 gm,10,1,2026-07-21T17:21:37.104Z,1,"[{""quantity"":1,""batchNumber"":""MEDIHUB"",""purchaseDate"":""2026-07-18T06:19:24.778Z"",""adjustmentReason"":null,""purchaseBillId"":""VNM2zTVGrJ4ZaMslUtMG"",""mrp"":174,""adjustedByName"":null,""purchaseRate"":124.29,""isManualAdjustment"":false,""expiryDate"":""2029-03-27T18:30:00.000Z""}]",1000106,,
CANDID TOTAL PLUS 1,1000110,candid total plus 1,1,2,2026-07-21T17:22:02.873Z,2,"[{""purchaseDate"":""2026-07-18T06:19:24.778Z"",""quantity"":1,""batchNumber"":""MEDIBASKET"",""purchaseBillId"":""VNM2zTVGrJ4ZaMslUtMG"",""adjustmentReason"":null,""purchaseRate"":84.29,""mrp"":118,""adjustedByName"":null,""isManualAdjustment"":false,""expiryDate"":""2026-12-27T18:30:00.000Z""},{""adjustmentReason"":null,""purchaseBillId"":""VNM2zTVGrJ4ZaMslUtMG"",""quantity"":1,""batchNumber"":""MEDIBASKET"",""purchaseDate"":""2026-07-18T06:19:24.778Z"",""isManualAdjustment"":false,""expiryDate"":""2027-04-27T18:30:00.000Z"",""purchaseRate"":84.29,""mrp"":124,""adjustedByName"":null}]",1000110,,
CANDID-B LOTION 30GM,1000131,candid-b lotion 30gm,1,3,2026-07-23T07:11:43.466Z,3,"[{""isManualAdjustment"":false,""purchaseDate"":""2026-07-17T15:06:47.110Z"",""expiryDate"":""2026-12-27T18:30:00.000Z"",""purchaseRate"":164.29,""purchaseBillId"":""sIBrxawP5tddMZN0yUmB"",""quantity"":3,""adjustedByName"":null,""batchNumber"":""MEDIHUB "",""adjustmentReason"":null,""mrp"":230}]",1000131,,
CANDID-CL,,candid-cl,1,,,,,1000135,,
GLYCINORM-M 40,,glycinorm-m 40,1,,,,,1000139,,
GLYCINORM-M 60 OD,,glycinorm-m 60 od,1,,,,,1000140,,
IT-MAC 200,,it-mac 200,1,,,,,1000141,,
CANDID TV 75ML,1000146,candid tv 75ml,10,1,2026-07-21T12:45:24.172Z,1,"[{""expiryDate"":""2026-10-27T18:30:00.000Z"",""isManualAdjustment"":false,""mrp"":353.5,""adjustedByName"":null,""purchaseRate"":252.5,""purchaseBillId"":""DpRyosVyLI5rlWmgtOFb"",""adjustmentReason"":null,""purchaseDate"":""2026-07-20T11:44:41.155Z"",""quantity"":1,""batchNumber"":""MEDIBASKET ""}]",1000146,,
LANOL ER,,lanol er,1,,,,,1000148,,
MOMATE CREAM 20GM,1000149,momate cream 20gm,1,1,2026-07-21T17:21:36.769Z,1,"[{""purchaseDate"":""2026-07-18T06:19:24.778Z"",""quantity"":1,""batchNumber"":""MEDIHUB"",""purchaseBillId"":""VNM2zTVGrJ4ZaMslUtMG"",""adjustmentReason"":null,""mrp"":325,""adjustedByName"":null,""purchaseRate"":232.14,""expiryDate"":""2027-08-27T18:30:00.000Z"",""isManualAdjustment"":false}]",1000149,,
MYLAMIN 10,,mylamin 10,1,,,,,1000150,,
OLMESAR 20,,olmesar 20,1,,,,,1000153,,
OLMESAR 10,,olmesar 10,1,,,,,1000155,,
OMNACORTIL 5MG,,omnacortil 5mg,1,,,,,1000157,,
RABEMAC-DSR,,rabemac-dsr,1,,,,,1000160,,
REVELOL-XL 50,,revelol-xl 50,1,,,,,1000161,,
SOLVIN COLD,,solvin cold,1,,,,,1000162,,
VICKS BABY RUB 25ML,1000164,vicks baby rub 25ml,10,1,2026-07-22T05:53:07.813Z,1,"[{""purchaseBillId"":""6avEgRRYxJgFAOuxhlU4"",""adjustmentReason"":null,""purchaseRate"":101.72,""purchaseDate"":""2026-07-21T06:31:03.547Z"",""adjustedByName"":null,""isManualAdjustment"":false,""batchNumber"":"""",""quantity"":1,""mrp"":128,""expiryDate"":""2027-07-27T18:30:00.000Z""}]",1000164,,
VICKS INHALER 0.5ML,1000165,vicks inhaler 0.5ml,1,4,2026-07-21T17:28:11.817Z,4,"[{""quantity"":4,""batchNumber"":""PRIDE DISTRIBUTORS"",""purchaseDate"":""2026-07-18T07:33:44.306Z"",""adjustmentReason"":null,""purchaseBillId"":""MLZKoBJjUBLJggKAF22A"",""purchaseRate"":49.22,""adjustedByName"":null,""mrp"":69,""expiryDate"":""2027-04-27T18:30:00.000Z"",""isManualAdjustment"":false}]",1000165,,
VICKS VAPOUR RUB 25GM,1000167,vicks vapour rub 25gm,10,2,2026-07-22T05:53:07.811Z,2,"[{""purchaseBillId"":""6avEgRRYxJgFAOuxhlU4"",""adjustmentReason"":null,""purchaseRate"":81.07,""purchaseDate"":""2026-07-21T06:31:03.547Z"",""adjustedByName"":null,""mrp"":102,""expiryDate"":""2027-07-27T18:30:00.000Z"",""isManualAdjustment"":false,""batchNumber"":"""",""quantity"":2}]",1000167,,
BANDY PLUS 10ML,1000169,bandy plus 10ml,1,9,2026-07-23T07:11:40.735Z,9,"[{""purchaseDate"":""2026-07-17T15:06:47.110Z"",""isManualAdjustment"":false,""expiryDate"":""2027-08-27T18:30:00.000Z"",""batchNumber"":""B0AGY035 MEDIBASKET"",""adjustedByName"":null,""mrp"":45.1,""adjustmentReason"":null,""quantity"":9,""purchaseRate"":32.21,""purchaseBillId"":""sIBrxawP5tddMZN0yUmB""}]",1000169,,
BANDY 10ML,1000170,bandy 10ml,1,6,2026-07-23T07:11:40.801Z,6,"[{""adjustmentReason"":null,""mrp"":19.09,""adjustedByName"":null,""batchNumber"":""A7AGZ007 MEDIBASKET"",""purchaseBillId"":""sIBrxawP5tddMZN0yUmB"",""purchaseRate"":14.54,""quantity"":6,""expiryDate"":""2028-01-27T18:30:00.000Z"",""isManualAdjustment"":false,""purchaseDate"":""2026-07-17T15:06:47.110Z""}]",1000170,,
BANDY TAB,,bandy tab,1,,,,,1000171,,
BETAKIND GARGAL 50ML,,betakind gargal 50ml,1,,,,,1000172,,
CITAL LIQUID 100ML,1000175,cital liquid 100ml,1,3,2026-07-17T10:04:07.258Z,3,"[{""adjustedByName"":null,""purchaseDate"":""2026-07-14T06:31:27.837Z"",""mrp"":131,""purchaseBillId"":""6ay79HpxBVdyHOQ5EL0S"",""purchaseRate"":99.81,""adjustmentReason"":null,""quantity"":3,""expiryDate"":""2029-02-27T18:30:00.000Z"",""isManualAdjustment"":false,""batchNumber"":""ANILA""}]",1000175,,
D3 MUST 60K,,d3 must 60k,1,,,,,1000178,,
DOLO 650,,dolo 650,1,,,,,1000179,,
FLORA BC,,flora bc,1,,,,,1000180,,
MANFORCE 50MG 9,1000181,manforce 50mg 9,10,21,2026-07-22T14:29:02.806Z,21,"[{""expiryDate"":""2027-07-27T18:30:00.000Z"",""isManualAdjustment"":false,""purchaseDate"":""2026-07-22T14:03:03.157Z"",""adjustmentReason"":null,""mrp"":30,""batchNumber"":"""",""adjustedByName"":null,""purchaseRate"":24,""quantity"":21,""purchaseBillId"":""7GYLboh1MB0fGMIWHdhW""}]",1000181,,
NUROKIND LC,,nurokind lc,1,,,,,1000182,,
NUROKIND Z FORTE 15,,nurokind z forte 15,1,,,,,1000183,,
RINIFOL,,rinifol,1,,,,,1000185,,
VENTIDOX-M,,ventidox-m,1,,,,,1000189,,
AVOMINE 25,,avomine 25,1,10,2026-07-23T07:07:02.040Z,10,"[{""purchaseDate"":""2026-07-23T05:29:17.079Z"",""isManualAdjustment"":false,""expiryDate"":""2028-10-27T18:30:00.000Z"",""batchNumber"":""MEDIBASKET"",""adjustedByName"":null,""mrp"":69.83,""adjustmentReason"":null,""purchaseBillId"":""5XVz1nNKP2AiiFa1Q1iH"",""purchaseRate"":53.2,""quantity"":10}]",1000191,,
LEVOSIZ 10MG,,levosiz 10mg,1,,,,,1000193,,
NOPILE 30,,nopile 30,1,,,,,1000194,,
DUPHASTON,,duphaston,1,,,,,1000195,,
OSTOCALCIUM TOTAL,,ostocalcium total,1,90,2026-07-17T10:04:06.945Z,90,"[{""adjustedByName"":null,""isManualAdjustment"":false,""adjustmentReason"":null,""quantity"":90,""mrp"":260,""purchaseRate"":183.62,""purchaseBillId"":""6ay79HpxBVdyHOQ5EL0S"",""expiryDate"":""2027-05-31T18:30:00.000Z"",""batchNumber"":""TCT25081 ANILA"",""purchaseDate"":""2026-07-14T06:31:27.837Z""}]",1000197,,
CYCLOPAM SYRUP 60ML,1000199,cyclopam syrup 60ml,1,3,2026-07-19T12:27:31.762Z,3,"[{""adjustmentReason"":null,""purchaseBillId"":""iWGAUP8RNvmP0LcHYz2w"",""batchNumber"":""DC"",""quantity"":3,""purchaseDate"":""2026-07-16T15:54:16.728Z"",""expiryDate"":""2027-07-16T16:35:35.906Z"",""isManualAdjustment"":false,""mrp"":103,""adjustedByName"":null,""purchaseRate"":73.57}]",1000199,,
LISTRINE MOUTH WASH 250ML,1000203,listrine mouth wash 250ml,10,2,2026-07-19T10:13:19.927Z,2,"[{""purchaseBillId"":""xiMCJHYWelCBQ90mlTTr"",""adjustmentReason"":null,""purchaseDate"":""2026-07-18T16:34:09.706Z"",""quantity"":2,""batchNumber"":"""",""isManualAdjustment"":false,""expiryDate"":""2027-07-27T18:30:00.000Z"",""purchaseRate"":160,""adjustedByName"":null,""mrp"":185}]",1000203,,
HIMALAYA BABY LOTION 100ML,1000213,himalaya baby lotion 100ml,10,2,2026-07-19T12:27:32.747Z,2,"[{""batchNumber"":""?"",""quantity"":2,""purchaseDate"":""2026-07-16T15:54:16.728Z"",""adjustmentReason"":null,""purchaseBillId"":""iWGAUP8RNvmP0LcHYz2w"",""purchaseRate"":86,""mrp"":110,""adjustedByName"":null,""expiryDate"":""2027-02-27T18:30:00.000Z"",""isManualAdjustment"":false}]",1000213,,
PANCHARISHTA 200ML,1000230,pancharishta 200ml,10,1,2026-07-22T06:39:51.849Z,1,"[{""purchaseBillId"":""bhRRAkKAOo0qkLvJKDIR"",""purchaseRate"":64.27,""adjustmentReason"":null,""purchaseDate"":""2026-07-19T14:37:06.308Z"",""adjustedByName"":null,""quantity"":1,""isManualAdjustment"":false,""batchNumber"":""CHIRAYU"",""mrp"":80,""expiryDate"":""2029-07-27T18:30:00.000Z""}]",1000230,,
DISPRIN TABLET 10,,disprin tablet 10,1,,,,,1000231,,
MEDIMIX SOAP 100GM,1000234,medimix soap 100gm,10,1,2026-07-21T17:21:37.484Z,1,"[{""isManualAdjustment"":false,""expiryDate"":""2027-07-27T18:30:00.000Z"",""mrp"":150,""adjustedByName"":null,""purchaseRate"":115.56,""adjustmentReason"":null,""purchaseBillId"":""VNM2zTVGrJ4ZaMslUtMG"",""batchNumber"":""?"",""quantity"":1,""purchaseDate"":""2026-07-18T06:19:24.778Z""}]",1000234,,
SENSODYNE FRESH GEL 80GM,1000242,sensodyne fresh gel 80gm,10,1,2026-07-19T10:13:23.580Z,1,"[{""isManualAdjustment"":false,""expiryDate"":""2027-11-27T18:30:00.000Z"",""adjustedByName"":null,""mrp"":124,""purchaseRate"":103.11,""purchaseBillId"":""xiMCJHYWelCBQ90mlTTr"",""adjustmentReason"":null,""purchaseDate"":""2026-07-18T16:34:09.706Z"",""batchNumber"":""VN SUPPPLIES"",""quantity"":1}]",1000242,,
JOHNSON BABY LOTION 100ML,1000244,johnson baby lotion 100ml,10,2,2026-07-19T12:27:32.378Z,2,"[{""isManualAdjustment"":false,""expiryDate"":""2028-03-27T18:30:00.000Z"",""adjustedByName"":null,""mrp"":124,""purchaseRate"":99.2,""purchaseBillId"":""iWGAUP8RNvmP0LcHYz2w"",""adjustmentReason"":null,""purchaseDate"":""2026-07-16T15:54:16.728Z"",""batchNumber"":""KRATIKA"",""quantity"":2}]",1000244,,
JOHNSON BABY SHAMPOO 100ML,1000249,johnson baby shampoo 100ml,10,2,2026-07-19T12:27:32.477Z,2,"[{""adjustmentReason"":null,""purchaseBillId"":""iWGAUP8RNvmP0LcHYz2w"",""quantity"":2,""batchNumber"":""KRATIKA"",""purchaseDate"":""2026-07-16T15:54:16.728Z"",""isManualAdjustment"":false,""expiryDate"":""2027-06-27T18:30:00.000Z"",""adjustedByName"":null,""mrp"":115,""purchaseRate"":84.02}]",1000249,,
JOHNSON BABY SOAP 50GM,1000251,johnson baby soap 50gm,10,3,2026-07-19T12:27:32.298Z,3,"[{""purchaseBillId"":""iWGAUP8RNvmP0LcHYz2w"",""adjustmentReason"":null,""purchaseDate"":""2026-07-16T15:54:16.728Z"",""quantity"":3,""batchNumber"":""KRATIKA"",""expiryDate"":""2028-08-27T18:30:00.000Z"",""isManualAdjustment"":false,""purchaseRate"":37.41,""mrp"":50,""adjustedByName"":null}]",1000251,,
AMLODAC 2.5 30,,amlodac 2.5 30,1,,,,,1000266,,
AMLODAC 5 30,,amlodac 5 30,1,,,,,1000267,,
BECOZYME-C FORTE,,becozyme-c forte,1,,,,,1000268,,
CINOD 5,,cinod 5,1,,,,,1000270,,
CINOD 10,,cinod 10,1,,,,,1000272,,
DERIPHYLLIN,,deriphyllin,1,,,,,1000273,,
DERIPHYLLIN-RT 150,,deriphyllin-rt 150,1,,,,,1000274,,
FLAGYL 200,,flagyl 200,1,,,,,1000275,,
FLAGYL 400,,flagyl 400,1,,,,,1000276,,
LIMCEE 15,,limcee 15,1,90,2026-07-23T07:11:43.467Z,90,"[{""mrp"":25,""adjustmentReason"":null,""adjustedByName"":null,""batchNumber"":""LBR26408 MEDIHUB"",""quantity"":90,""purchaseRate"":18.93,""purchaseBillId"":""sIBrxawP5tddMZN0yUmB"",""expiryDate"":""2027-07-27T18:30:00.000Z"",""purchaseDate"":""2026-07-17T15:06:47.110Z"",""isManualAdjustment"":false}]",1000277,,
MET-XL 25 20,,met-xl 25 20,1,,,,,1000278,,
MET-XL 50 20,,met-xl 50 20,1,,,,,1000279,,
MET-XL AM 25/2.5 20,,met-xl am 25/2.5 20,1,,,,,1000281,,
MET-XL AM 50 20,,met-xl am 50 20,1,,,,,1000282,,
NUCOXIA 90,,nucoxia 90,1,,,,,1000283,,
ODIMONT LC,,odimont lc,1,,,,,1000284,,
STEMETIL MD,,stemetil md,1,,,,,1000285,,
AZIWOK 250,,aziwok 250,1,,,,,1000286,,
AZIWOK 500 5,,aziwok 500 5,1,,,,,1000287,,
CONCOR COR 5,,concor cor 5,1,,,,,1000288,,
CONOR-AM 2.5,,conor-am 2.5,1,,,,,1000289,,
CONOR-AM 5,,conor-am 5,1,,,,,1000290,,
CONOR-COR 2.5,,conor-cor 2.5,1,,,,,1000291,,
ECONORM CAPSULE,,econorm capsule,1,,,,,1000292,,
ECONORM SACHET 1,1000293,econorm sachet 1,1,2,2026-07-23T04:45:40.627Z,2,"[{""expiryDate"":""2028-10-30T18:30:00.000Z"",""purchaseDate"":""2026-07-16T14:43:06.842Z"",""isManualAdjustment"":false,""purchaseBillId"":""IrTpu5j5Yl9Utbd6pboJ"",""purchaseRate"":54.18,""quantity"":2,""mrp"":71.1,""adjustmentReason"":null,""adjustedByName"":null,""batchNumber"":""9493""}]",1000293,,
FLEXON,,flexon,1,,,,,1000294,,
GLYCOMET 10,,glycomet 10,1,,,,,1000295,,
GLYCOMET-500 SR,,glycomet-500 sr,1,,,,,1000296,,
GLYCOMET-GP 1,,glycomet-gp 1,1,,,,,1000297,,
GLYCOMET-GP 2,,glycomet-gp 2,1,,,,,1000298,,
GLYCOMET-GP 0.5,,glycomet-gp 0.5,1,,,,,1000299,,
NEUROBION FORTE 30,,neurobion forte 30,1,,,,,1000301,,
NISE,,nise,1,,,,,1000302,,
TAZLOC 20,,tazloc 20,1,,,,,1000303,,
VOVERAN SR 100,,voveran sr 100,1,,,,,1000304,,
AMLOVAS 2.5,,amlovas 2.5,1,,,,,1000305,,
AMLOVAS 5 MG,,amlovas 5 mg,1,,,,,1000306,,
AMLOVAS M 2.5/25,,amlovas m 2.5/25,1,,,,,1000310,,
AMLOVAS M 5/25,,amlovas m 5/25,1,,,,,1000311,,
AMLOVAS M 5/50,,amlovas m 5/50,1,,,,,1000312,,
ATROMAC 10 MG,,atromac 10 mg,1,,,,,1000313,,
ATROMAC 20MG,,atromac 20mg,1,10,2026-07-22T11:50:21.070Z,10,"[{""expiryDate"":""2029-02-27T18:30:00.000Z"",""isManualAdjustment"":false,""purchaseDate"":""2026-07-22T11:40:57.019Z"",""quantity"":10,""purchaseRate"":153.33,""purchaseBillId"":""PENDING_BATCH"",""adjustmentReason"":null,""mrp"":201.25,""batchNumber"":"""",""adjustedByName"":null}]",1000314,,
AZIBACT 250MG,,azibact 250mg,1,,,,,1000315,,
AZIBACT 500MG,,azibact 500mg,1,,,,,1000317,,
CROCIN PAIN RLF,,crocin pain rlf,1,,,,,1000318,,
CTD 12.5,,ctd 12.5,1,,,,,1000319,,
CTD-T 6.25/40,,ctd-t 6.25/40,1,,,,,1000321,,
LEVOMAC 250MG,,levomac 250mg,1,,,,,1000323,,
LEVOMAC 500MG,,levomac 500mg,1,,,,,1000324,,
REVELOL-AM 25/2.5,,revelol-am 25/2.5,1,,,,,1000325,,
REVELOL-AM 25/5,,revelol-am 25/5,1,,,,,1000326,,
REVELOL XL 25,,revelol xl 25,1,,,,,1000327,,
TELMA 20,,telma 20,1,,,,,1000328,,
TELMA 40,,telma 40,1,,,,,1000329,,
TELMA-AM,,telma-am,1,,,,,1000330,,
TELMA H,,telma h,1,,,,,1000331,,
VICKS ACT 500,,vicks act 500,1,,,,,1000332,,
ZERODOL 100,,zerodol 100,1,,,,,1000333,,
ZERODOL MR,,zerodol mr,1,,,,,1000334,,
ZERODOL P,,zerodol p,1,,,,,1000335,,
ZERODOL SP,,zerodol sp,1,,,,,1000336,,
ZERODOL TH 4,,zerodol th 4,1,,,,,1000337,,
BANDY PLUS TAB,,bandy plus tab,1,,,,,1000339,,
CYCLOPAM TABLET,,cyclopam tablet,1,,,,,1000340,,
GLIMESTAR M1,,glimestar m1,1,,,,,1000341,,
MOXIKIND CV 375 10,,moxikind cv 375 10,1,,,,,1000343,,
MOXIKIND CV 625 10,,moxikind cv 625 10,1,,,,,1000344,,
REFLORA-R SACHET 1GM,1000345,reflora-r sachet 1gm,1,5,2026-07-23T04:45:40.935Z,5,"[{""purchaseDate"":""2026-07-16T14:43:06.842Z"",""isManualAdjustment"":false,""expiryDate"":""2027-11-29T18:30:00.000Z"",""batchNumber"":""12SRF020"",""adjustedByName"":null,""mrp"":41.29,""adjustmentReason"":null,""purchaseRate"":31.46,""purchaseBillId"":""IrTpu5j5Yl9Utbd6pboJ"",""quantity"":5}]",1000345,,
TELMIKIND-40,,telmikind-40,1,,,,,1000346,,
TELMIKIND H,,telmikind h,1,,,,,1000347,,
TELMIKIND AM,,telmikind am,1,,,,,1000348,,
TELMIKIND 20,,telmikind 20,1,,,,,1000349,,
TELMIKIND H 80,,telmikind h 80,1,,,,,1000350,,
TELMIKIND-BETA 25,,telmikind-beta 25,1,,,,,1000351,,
TELMIKIND BETA 50,,telmikind beta 50,1,,,,,1000352,,
VOMIKIND-MD4,,vomikind-md4,1,,,,,1000353,,
CYRA-D 10,,cyra-d 10,1,,,,,1000354,,
ECOSPRIN AV 150/20,,ecosprin av 150/20,1,,,,,1000359,,
TAZLOC-40,,tazloc-40,1,,,,,1000362,,
DYNAPAR MR,,dynapar mr,1,,,,,1000368,,
DYNAPAR S,,dynapar s,1,,,,,1000369,,
DYNAPAR SR 100MG,,dynapar sr 100mg,1,,,,,1000370,,
DYNAPAR TAB,,dynapar tab,1,,,,,1000371,,
CRESAR LN 40MG,,cresar ln 40mg,1,,,,,1000372,,
NORFLOX TZ,,norflox tz,1,,,,,1000373,,
LIV 52 SYP 100ML,1000380,liv 52 syp 100ml,10,2,2026-07-19T15:49:17.901Z,2,"[{""adjustmentReason"":null,""purchaseBillId"":""741nuHnyq2HPzUHwPany"",""batchNumber"":""MEDIBASKET"",""quantity"":2,""purchaseDate"":""2026-07-16T14:35:03.825Z"",""expiryDate"":""2026-07-27T18:30:00.000Z"",""isManualAdjustment"":false,""mrp"":150,""adjustedByName"":null,""purchaseRate"":106.66}]",1000380,,
LIV 52 TAB 100,,liv 52 tab 100,1,,,,,1000384,,
RENALKA 2OO SYP 200ML,1000386,renalka 2oo syp 200ml,10,1,2026-07-19T15:49:17.901Z,1,"[{""purchaseBillId"":""741nuHnyq2HPzUHwPany"",""adjustmentReason"":null,""purchaseDate"":""2026-07-16T14:35:03.825Z"",""batchNumber"":""DC"",""quantity"":1,""isManualAdjustment"":false,""expiryDate"":""2028-04-27T18:30:00.000Z"",""purchaseRate"":160.72,""adjustedByName"":null,""mrp"":225}]",1000386,,
NEERI 100ML,1000387,neeri 100ml,1,1,2026-07-17T10:04:07.401Z,1,"[{""expiryDate"":""2028-09-30T18:30:00.000Z"",""batchNumber"":""MEDIHUB "",""isManualAdjustment"":false,""mrp"":154,""purchaseDate"":""2026-07-14T06:31:27.837Z"",""adjustedByName"":null,""quantity"":1,""adjustmentReason"":null,""purchaseRate"":117.33,""purchaseBillId"":""6ay79HpxBVdyHOQ5EL0S""}]",1000387,,
PANCHARISHTA 450ML,1000393,pancharishta 450ml,10,2,2026-07-22T06:39:51.926Z,2,"[{""adjustedByName"":null,""mrp"":160,""expiryDate"":""2030-10-27T18:30:00.000Z"",""isManualAdjustment"":false,""quantity"":2,""batchNumber"":""CHIRAYU"",""purchaseDate"":""2026-07-19T14:37:06.308Z"",""purchaseBillId"":""bhRRAkKAOo0qkLvJKDIR"",""purchaseRate"":125.33,""adjustmentReason"":null}]",1000393,,
CERELAC 6 MONTH 300GM,1000395,cerelac 6 month 300gm,1,2,2026-07-19T15:49:33.559Z,2,"[{""expiryDate"":""2027-01-30T18:30:00.000Z"",""isManualAdjustment"":false,""adjustedByName"":null,""mrp"":260,""purchaseRate"":227.17,""adjustmentReason"":null,""purchaseBillId"":""741nuHnyq2HPzUHwPany"",""quantity"":1,""batchNumber"":""ASHRO"",""purchaseDate"":""2026-07-16T14:35:03.825Z""},{""adjustedByName"":null,""mrp"":265,""purchaseRate"":227.17,""isManualAdjustment"":false,""expiryDate"":""2027-01-30T18:30:00.000Z"",""purchaseDate"":""2026-07-16T14:35:03.825Z"",""batchNumber"":""ASHRO"",""quantity"":1,""purchaseBillId"":""741nuHnyq2HPzUHwPany"",""adjustmentReason"":null}]",1000395,,
CERELAC 8 MONTH 300GM,1000396,cerelac 8 month 300gm,1,4,2026-07-22T11:14:55.195Z,4,"[{""quantity"":1,""purchaseRate"":241.02,""purchaseBillId"":""741nuHnyq2HPzUHwPany"",""adjustedByName"":null,""batchNumber"":""ASHRO"",""mrp"":325,""adjustmentReason"":null,""purchaseDate"":""2026-07-16T14:35:03.825Z"",""isManualAdjustment"":false,""expiryDate"":""2026-07-30T18:30:00.000Z""},{""expiryDate"":""2026-08-30T18:30:00.000Z"",""purchaseDate"":""2026-07-16T14:35:03.825Z"",""isManualAdjustment"":false,""mrp"":325,""adjustmentReason"":null,""adjustedByName"":null,""batchNumber"":""ASHRO"",""quantity"":1,""purchaseRate"":241.02,""purchaseBillId"":""741nuHnyq2HPzUHwPany""},{""isManualAdjustment"":false,""purchaseDate"":""2026-07-18T09:13:08.334Z"",""expiryDate"":""2027-06-27T18:30:00.000Z"",""quantity"":1,""purchaseRate"":253.39,""purchaseBillId"":""Q2efXJCAnKGGkVR1jus1"",""batchNumber"":"""",""adjustedByName"":null,""adjustmentReason"":null,""mrp"":299},{""quantity"":1,""purchaseBillId"":""Q2efXJCAnKGGkVR1jus1"",""purchaseRate"":261.25,""mrp"":290,""adjustmentReason"":null,""adjustedByName"":null,""batchNumber"":"""",""expiryDate"":""2027-02-27T18:30:00.000Z"",""purchaseDate"":""2026-07-18T09:13:08.334Z"",""isManualAdjustment"":false}]",1000396,,
CERELAC 10 MONTH 300GM,1000397,cerelac 10 month 300gm,1,2,2026-07-22T11:14:53.757Z,2,"[{""purchaseRate"":253.39,""purchaseBillId"":""741nuHnyq2HPzUHwPany"",""quantity"":1,""adjustedByName"":null,""batchNumber"":""ASHRO"",""mrp"":290,""adjustmentReason"":null,""purchaseDate"":""2026-07-16T14:35:03.825Z"",""isManualAdjustment"":false,""expiryDate"":""2027-05-30T18:30:00.000Z""},{""expiryDate"":""2037-05-27T18:30:00.000Z"",""isManualAdjustment"":false,""purchaseDate"":""2026-07-18T09:13:08.334Z"",""adjustmentReason"":null,""mrp"":290,""adjustedByName"":null,""batchNumber"":"""",""quantity"":1,""purchaseBillId"":""Q2efXJCAnKGGkVR1jus1"",""purchaseRate"":253.39}]",1000397,,
CERELAC 12 MONTH 300GM,1000399,cerelac 12 month 300gm,1,2,2026-07-19T15:49:16.918Z,2,"[{""batchNumber"":""ASHRO"",""quantity"":2,""purchaseDate"":""2026-07-16T14:35:03.825Z"",""adjustmentReason"":null,""purchaseBillId"":""741nuHnyq2HPzUHwPany"",""mrp"":295,""adjustedByName"":null,""purchaseRate"":257.75,""expiryDate"":""2027-02-27T18:30:00.000Z"",""isManualAdjustment"":false}]",1000399,,
KAYAM CHURN 100GM,1000400,kayam churn 100gm,10,2,2026-07-22T06:39:51.928Z,2,"[{""isManualAdjustment"":false,""batchNumber"":""CHIRAYU"",""quantity"":2,""mrp"":115,""expiryDate"":""2027-06-27T18:30:00.000Z"",""adjustedByName"":null,""purchaseRate"":94,""purchaseBillId"":""bhRRAkKAOo0qkLvJKDIR"",""adjustmentReason"":null,""purchaseDate"":""2026-07-19T14:37:06.308Z""}]",1000400,,
SAFI 200ML,1000402,safi 200ml,10,1,2026-07-19T15:49:17.615Z,1,"[{""purchaseDate"":""2026-07-16T14:35:03.825Z"",""quantity"":1,""batchNumber"":""CHIRAYU"",""purchaseBillId"":""741nuHnyq2HPzUHwPany"",""adjustmentReason"":null,""purchaseRate"":90,""mrp"":112.5,""adjustedByName"":null,""isManualAdjustment"":false,""expiryDate"":""2028-04-27T18:30:00.000Z""}]",1000402,,
IODEX 9GM 9GM,1000403,iodex 9gm 9gm,10,2,2026-07-19T15:49:17.500Z,2,"[{""adjustedByName"":null,""mrp"":50,""purchaseRate"":41.41,""expiryDate"":""2028-07-27T18:30:00.000Z"",""isManualAdjustment"":false,""purchaseDate"":""2026-07-16T14:35:03.825Z"",""quantity"":2,""batchNumber"":""VN SUPLLIES"",""purchaseBillId"":""741nuHnyq2HPzUHwPany"",""adjustmentReason"":null}]",1000403,,
HEMPUSHPA SYRUP 170ML,1000405,hempushpa syrup 170ml,1,2,2026-07-17T10:04:06.133Z,2,"[{""purchaseBillId"":""6ay79HpxBVdyHOQ5EL0S"",""expiryDate"":""2028-10-30T18:30:00.000Z"",""mrp"":267.15,""purchaseRate"":185,""adjustmentReason"":null,""quantity"":2,""isManualAdjustment"":false,""adjustedByName"":null,""purchaseDate"":""2026-07-14T06:31:27.837Z"",""batchNumber"":""5849 (DIV)""}]",1000405,,
ODOMAS 25GM 25GM,1000406,odomas 25gm 25gm,10,2,2026-07-19T16:51:29.751Z,2,"[{""adjustmentReason"":null,""purchaseBillId"":""Wb0URARJjcauzq4XREMe"",""batchNumber"":""GUPTA CO"",""quantity"":2,""purchaseDate"":""2026-07-16T11:46:43.781Z"",""expiryDate"":""2027-07-27T18:30:00.000Z"",""isManualAdjustment"":false,""adjustedByName"":null,""mrp"":34,""purchaseRate"":28.9}]",1000406,,
JOHNSON BABY HAIR OIL 50ML 60ML,1000409,johnson baby hair oil 50ml 60ml,10,1,2026-07-19T12:27:32.378Z,1,"[{""mrp"":95,""adjustedByName"":null,""purchaseRate"":84.82,""expiryDate"":""2028-02-27T18:30:00.000Z"",""isManualAdjustment"":false,""batchNumber"":""KRATIKA"",""quantity"":1,""purchaseDate"":""2026-07-16T15:54:16.728Z"",""adjustmentReason"":null,""purchaseBillId"":""iWGAUP8RNvmP0LcHYz2w""}]",1000409,,
DETTOL LIQUID 60ML,1000413,dettol liquid 60ml,10,3,2026-07-19T10:13:19.925Z,3,"[{""isManualAdjustment"":false,""expiryDate"":""2027-07-27T18:30:00.000Z"",""mrp"":41.49,""adjustedByName"":null,""purchaseRate"":34.66,""purchaseBillId"":""xiMCJHYWelCBQ90mlTTr"",""adjustmentReason"":null,""purchaseDate"":""2026-07-18T16:34:09.706Z"",""quantity"":3,""batchNumber"":""""}]",1000413,,
DETTOL SANITIZER 50ML,1000414,dettol sanitizer 50ml,1,6,2026-07-23T07:11:41.647Z,6,"[{""expiryDate"":""2027-12-27T18:30:00.000Z"",""purchaseDate"":""2026-07-17T15:06:47.110Z"",""isManualAdjustment"":false,""mrp"":35,""adjustmentReason"":null,""batchNumber"":""ITI INTERNATIONAL "",""adjustedByName"":null,""quantity"":6,""purchaseRate"":26.96,""purchaseBillId"":""sIBrxawP5tddMZN0yUmB""}]",1000414,,
JOSHINA 100ML,1000420,joshina 100ml,10,2,2026-07-19T15:49:17.616Z,2,"[{""adjustmentReason"":null,""purchaseBillId"":""741nuHnyq2HPzUHwPany"",""quantity"":2,""batchNumber"":""CHIRAYU"",""purchaseDate"":""2026-07-16T14:35:03.825Z"",""expiryDate"":""2028-10-27T18:30:00.000Z"",""isManualAdjustment"":false,""adjustedByName"":null,""mrp"":80,""purchaseRate"":61.05}]",1000420,,
WHISPER CHOICE ALOE 6,1000421,whisper choice aloe 6,10,2,2026-07-19T10:13:19.643Z,2,"[{""isManualAdjustment"":false,""expiryDate"":""2027-07-27T18:30:00.000Z"",""purchaseRate"":53.1,""adjustedByName"":null,""mrp"":60,""purchaseBillId"":""xiMCJHYWelCBQ90mlTTr"",""adjustmentReason"":null,""purchaseDate"":""2026-07-18T16:34:09.706Z"",""batchNumber"":"""",""quantity"":2}]",1000421,,
WHISPER CHOICE XL 1,1000422,whisper choice xl 1,10,5,2026-07-19T10:13:19.709Z,5,"[{""purchaseBillId"":""xiMCJHYWelCBQ90mlTTr"",""adjustmentReason"":null,""purchaseDate"":""2026-07-18T16:34:09.706Z"",""quantity"":5,""batchNumber"":"""",""isManualAdjustment"":false,""expiryDate"":""2027-07-27T18:30:00.000Z"",""mrp"":45,""adjustedByName"":null,""purchaseRate"":40.56}]",1000422,,
WHISPER CHOICE U 6,1000423,whisper choice u 6,10,9,2026-07-19T10:13:19.708Z,9,"[{""expiryDate"":""2027-07-27T18:30:00.000Z"",""isManualAdjustment"":false,""adjustedByName"":null,""mrp"":50,""purchaseRate"":45.04,""purchaseBillId"":""xiMCJHYWelCBQ90mlTTr"",""adjustmentReason"":null,""purchaseDate"":""2026-07-18T16:34:09.706Z"",""batchNumber"":"""",""quantity"":9}]",1000423,,
HIMALAYA BABY SOAP 125GM 125GM,1000431,himalaya baby soap 125gm 125gm,10,1,2026-07-19T12:27:32.748Z,1,"[{""adjustedByName"":null,""mrp"":100,""purchaseRate"":75,""isManualAdjustment"":false,""expiryDate"":""2027-07-27T18:30:00.000Z"",""quantity"":1,""batchNumber"":""?"",""purchaseDate"":""2026-07-16T15:54:16.728Z"",""adjustmentReason"":null,""purchaseBillId"":""iWGAUP8RNvmP0LcHYz2w""}]",1000431,,
VISSCO STICK 4 HEAD 1,1000433,vissco stick 4 head 1,10,1,2026-07-22T06:39:50.695Z,1,"[{""adjustedByName"":null,""batchNumber"":""SSD"",""isManualAdjustment"":false,""quantity"":1,""expiryDate"":""2027-07-27T18:30:00.000Z"",""mrp"":1300,""purchaseDate"":""2026-07-19T14:37:06.308Z"",""adjustmentReason"":null,""purchaseRate"":715,""purchaseBillId"":""bhRRAkKAOo0qkLvJKDIR""}]",1000433,,
JOHNSON BABY CREAM 30GM,1000448,johnson baby cream 30gm,10,2,2026-07-19T12:27:32.376Z,2,"[{""purchaseRate"":49.1,""adjustedByName"":null,""mrp"":65,""isManualAdjustment"":false,""expiryDate"":""2027-04-27T18:30:00.000Z"",""quantity"":2,""batchNumber"":""KRATIKA"",""purchaseDate"":""2026-07-16T15:54:16.728Z"",""adjustmentReason"":null,""purchaseBillId"":""iWGAUP8RNvmP0LcHYz2w""}]",1000448,,
COMBIFLAM TABLET,,combiflam tablet,1,,,,,1000450,,
CROCIN ADVANCE 500,,crocin advance 500,1,,,,,1000454,,
CROCIN 650,,crocin 650,1,,,,,1000455,,
BECASULE,,becasule,1,,,,,1000458,,
SUPRADYNE,,supradyne,1,,,,,1000460,,
MACBERRY SYRUP 100ML,1000462,macberry syrup 100ml,1,1,2026-07-17T10:04:08.763Z,1,"[{""isManualAdjustment"":false,""batchNumber"":""18254938A MEDIHUB"",""expiryDate"":""2027-10-31T18:30:00.000Z"",""purchaseRate"":94.06,""purchaseBillId"":""6ay79HpxBVdyHOQ5EL0S"",""adjustmentReason"":null,""quantity"":1,""adjustedByName"":null,""purchaseDate"":""2026-07-14T06:31:27.837Z"",""mrp"":123.46}]",1000462,,
TUSQ DX SYRUP 100ML,1000463,tusq dx syrup 100ml,1,5,2026-07-17T10:04:09.371Z,5,"[{""purchaseRate"":78.57,""adjustmentReason"":null,""purchaseBillId"":""6ay79HpxBVdyHOQ5EL0S"",""quantity"":5,""adjustedByName"":null,""purchaseDate"":""2026-07-14T06:31:27.837Z"",""mrp"":103.12,""isManualAdjustment"":false,""batchNumber"":""DX2607 ANILA "",""expiryDate"":""2027-11-30T18:30:00.000Z""}]",1000463,,
TUSQ X SYRUP 100ML,1000464,tusq x syrup 100ml,1,3,2026-07-17T10:04:11.308Z,3,"[{""expiryDate"":""2027-03-30T18:30:00.000Z"",""batchNumber"":""NX2508 MEDIBASKET "",""isManualAdjustment"":false,""mrp"":110,""purchaseDate"":""2026-07-14T06:31:27.837Z"",""adjustedByName"":null,""quantity"":3,""purchaseBillId"":""6ay79HpxBVdyHOQ5EL0S"",""purchaseRate"":78.57,""adjustmentReason"":null}]",1000464,,
ZEDEX SYRUP 100ML,1000465,zedex syrup 100ml,1,1,2026-07-17T10:04:09.640Z,1,"[{""purchaseDate"":""2026-07-14T06:31:27.837Z"",""adjustedByName"":null,""mrp"":197.48,""purchaseBillId"":""6ay79HpxBVdyHOQ5EL0S"",""purchaseRate"":150.47,""adjustmentReason"":null,""quantity"":1,""expiryDate"":""2027-11-30T18:30:00.000Z"",""isManualAdjustment"":false,""batchNumber"":""D260086 MEDIHUB ""}]",1000465,,
BRO ZEDEX SYRUP 100ML 100ML,1000466,bro zedex syrup 100ml 100ml,1,1,2026-07-17T10:04:09.572Z,1,"[{""purchaseDate"":""2026-07-14T06:31:27.837Z"",""adjustedByName"":null,""mrp"":177.42,""purchaseRate"":135.18,""adjustmentReason"":null,""purchaseBillId"":""6ay79HpxBVdyHOQ5EL0S"",""quantity"":1,""expiryDate"":""2027-08-31T18:30:00.000Z"",""isManualAdjustment"":false,""batchNumber"":""MEDIHUB ""}]",1000466,,
CIPLOX 500,,ciplox 500,1,,,,,1000469,,
NORFLOX 400 10,,norflox 400 10,1,,,,,1000471,,
BETADIN OINT 10% 15GM,1000477,betadin oint 10% 15gm,1,1,2026-07-21T17:21:36.687Z,1,"[{""purchaseBillId"":""VNM2zTVGrJ4ZaMslUtMG"",""adjustmentReason"":null,""purchaseDate"":""2026-07-18T06:19:24.778Z"",""batchNumber"":""MEDIHUB"",""quantity"":1,""expiryDate"":""2027-11-27T18:30:00.000Z"",""isManualAdjustment"":false,""adjustedByName"":null,""mrp"":132.3,""purchaseRate"":105.84}]",1000477,,
BETNOVATE N 25GM,1000478,betnovate n 25gm,1,2,2026-07-21T17:21:37.018Z,2,"[{""adjustedByName"":null,""mrp"":62.67,""purchaseRate"":47.74,""expiryDate"":""2027-06-27T18:30:00.000Z"",""isManualAdjustment"":false,""batchNumber"":""MEDIBASKET"",""quantity"":2,""purchaseDate"":""2026-07-18T06:19:24.778Z"",""adjustmentReason"":null,""purchaseBillId"":""VNM2zTVGrJ4ZaMslUtMG""}]",1000478,,
BETNOVATE C 30,1000479,betnovate c 30,1,3,2026-07-21T17:21:37.019Z,3,"[{""isManualAdjustment"":false,""expiryDate"":""2027-10-27T18:30:00.000Z"",""purchaseRate"":55.64,""mrp"":73,""adjustedByName"":null,""adjustmentReason"":null,""purchaseBillId"":""VNM2zTVGrJ4ZaMslUtMG"",""batchNumber"":""MEDIHUB"",""quantity"":3,""purchaseDate"":""2026-07-18T06:19:24.778Z""}]",1000479,,
AZEE 100 DRY SYRUP 15ML,,azee 100 dry syrup 15ml,1,3,2026-07-23T07:11:40.802Z,3,"[{""purchaseDate"":""2026-07-17T15:06:47.110Z"",""isManualAdjustment"":false,""expiryDate"":""2026-08-27T18:30:00.000Z"",""adjustedByName"":null,""batchNumber"":""MEDIBASKET "",""mrp"":50.46,""adjustmentReason"":null,""quantity"":3,""purchaseRate"":36.04,""purchaseBillId"":""sIBrxawP5tddMZN0yUmB""}]",1000482,2026-07-21T04:49:25.778Z,?
VOLINI SPRAY 40GM,1000484,volini spray 40gm,10,1,2026-07-19T15:49:17.450Z,1,"[{""mrp"":175,""adjustedByName"":null,""purchaseRate"":133.34,""expiryDate"":""2027-09-27T18:30:00.000Z"",""isManualAdjustment"":false,""quantity"":1,""batchNumber"":""MEDIBASKET"",""purchaseDate"":""2026-07-16T14:35:03.825Z"",""adjustmentReason"":null,""purchaseBillId"":""741nuHnyq2HPzUHwPany""}]",1000484,,
ELECTRAL POWDER 21.80GM,,electral powder 21.80gm,1,,,,,1000486,,
DEXORANGE 200ML,1000491,dexorange 200ml,1,2,2026-07-17T10:04:06.876Z,2,"[{""mrp"":217.3,""adjustedByName"":null,""purchaseDate"":""2026-07-14T06:31:27.837Z"",""quantity"":2,""purchaseRate"":165.56,""adjustmentReason"":null,""purchaseBillId"":""6ay79HpxBVdyHOQ5EL0S"",""expiryDate"":""2027-09-30T18:30:00.000Z"",""batchNumber"":""D0166076 MEDI BASKET "",""isManualAdjustment"":false}]",1000491,,
GELUSIL TAB 15,,gelusil tab 15,1,,,,,1000492,,
ONDEM SYRUP 30ML,1000497,ondem syrup 30ml,1,2,2026-07-19T12:27:31.614Z,2,"[{""adjustmentReason"":null,""purchaseBillId"":""iWGAUP8RNvmP0LcHYz2w"",""quantity"":2,""batchNumber"":""MEDIBASKET"",""purchaseDate"":""2026-07-16T15:54:16.728Z"",""expiryDate"":""2028-02-28T18:30:00.000Z"",""isManualAdjustment"":false,""mrp"":40.23,""adjustedByName"":null,""purchaseRate"":30.65}]",1000497,,
ONDEM MD4,,ondem md4,1,,,,,1000498,,
BETADINE SOLUTION 10% 100ML,1000505,betadine solution 10% 100ml,1,6,2026-07-23T07:11:43.465Z,6,"[{""isManualAdjustment"":false,""purchaseDate"":""2026-07-17T15:06:47.110Z"",""expiryDate"":""2028-02-27T18:30:00.000Z"",""quantity"":6,""purchaseBillId"":""sIBrxawP5tddMZN0yUmB"",""purchaseRate"":82.32,""adjustedByName"":null,""batchNumber"":""MEDIBASKET "",""adjustmentReason"":null,""mrp"":103}]",1000505,,
DIGENE GEL MINT 200ML,1000506,digene gel mint 200ml,1,1,2026-07-17T10:04:07.958Z,1,"[{""purchaseBillId"":""6ay79HpxBVdyHOQ5EL0S"",""adjustmentReason"":null,""purchaseRate"":137.71,""quantity"":1,""purchaseDate"":""2026-07-14T06:31:27.837Z"",""adjustedByName"":null,""mrp"":180.74,""isManualAdjustment"":false,""batchNumber"":""MEDIHUB"",""expiryDate"":""2027-11-30T18:30:00.000Z""}]",1000506,,
ELECTRAL POWDER ASSORTED 4.4*5 GM,1000508,electral powder assorted 4.4*5 gm,1,4,2026-07-21T17:28:12.018Z,4,"[{""expiryDate"":""2027-07-27T18:30:00.000Z"",""isManualAdjustment"":false,""purchaseRate"":17.83,""mrp"":23.4,""adjustedByName"":null,""purchaseBillId"":""MLZKoBJjUBLJggKAF22A"",""adjustmentReason"":null,""purchaseDate"":""2026-07-18T07:33:44.306Z"",""quantity"":4,""batchNumber"":""""}]",1000508,,
SINAREST PLUS SYRUP 60ML,1000509,sinarest plus syrup 60ml,1,6,2026-07-23T07:11:41.532Z,6,"[{""purchaseDate"":""2026-07-17T15:06:47.110Z"",""isManualAdjustment"":false,""expiryDate"":""2028-02-27T18:30:00.000Z"",""batchNumber"":""MEDIBASKET "",""adjustedByName"":null,""mrp"":148.2,""adjustmentReason"":null,""purchaseRate"":105.9,""purchaseBillId"":""sIBrxawP5tddMZN0yUmB"",""quantity"":6}]",1000509,,
SPOROLAC DS,,sporolac ds,1,,,,,1000511,,
DULCOFLEX TAB 10,,dulcoflex tab 10,1,,,,,1000513,,
AZEE 200 DRY SYRUP 15ML,,azee 200 dry syrup 15ml,1,,,,,1000518,,
COTTON 400GM 400GM,1000521,cotton 400gm 400gm,10,1,2026-07-21T12:45:23.808Z,1,"[{""adjustmentReason"":null,""purchaseBillId"":""DpRyosVyLI5rlWmgtOFb"",""quantity"":1,""batchNumber"":""SSD PHARMA "",""purchaseDate"":""2026-07-20T11:44:41.155Z"",""isManualAdjustment"":false,""expiryDate"":""2027-07-27T18:30:00.000Z"",""mrp"":395,""adjustedByName"":null,""purchaseRate"":90}]",1000521,,
COTTON 20GM 12*20GM,1000522,cotton 20gm 12*20gm,10,28,2026-07-21T12:45:23.808Z,28,"[{""adjustmentReason"":null,""purchaseBillId"":""DpRyosVyLI5rlWmgtOFb"",""batchNumber"":""SHREE RAM SURGICAL "",""quantity"":28,""purchaseDate"":""2026-07-20T11:44:41.155Z"",""isManualAdjustment"":false,""expiryDate"":""2027-07-27T18:30:00.000Z"",""adjustedByName"":null,""mrp"":30,""purchaseRate"":7.5}]",1000522,,
MAMY POKO PANTS S 4O,1000523,mamy poko pants s 4o,10,1,2026-07-19T10:13:19.776Z,1,"[{""adjustmentReason"":null,""purchaseBillId"":""xiMCJHYWelCBQ90mlTTr"",""quantity"":1,""batchNumber"":"""",""purchaseDate"":""2026-07-18T16:34:09.706Z"",""expiryDate"":""2027-07-27T18:30:00.000Z"",""isManualAdjustment"":false,""adjustedByName"":null,""mrp"":399,""purchaseRate"":275}]",1000523,,
PIOZ- MF 15,,pioz- mf 15,1,,,,,1000528,,
UDAPA-TRIO,,udapa-trio,1,,,,,1000530,,
LACTOGEN PRO 2= 6TO12MONTH 400GM,1000547,lactogen pro 2= 6to12month 400gm,1,2,2026-07-19T15:49:17.049Z,2,"[{""purchaseBillId"":""741nuHnyq2HPzUHwPany"",""adjustmentReason"":null,""purchaseDate"":""2026-07-16T14:35:03.825Z"",""batchNumber"":""ASHRO"",""quantity"":2,""isManualAdjustment"":false,""expiryDate"":""2027-07-15T18:30:00.000Z"",""mrp"":450,""adjustedByName"":null,""purchaseRate"":393.18}]",1000547,,
CLEAN AND CLEAR FACE WASH 100ML,1000553,clean and clear face wash 100ml,10,2,2026-07-21T06:24:35.926Z,2,"[{""purchaseDate"":""2026-07-16T15:54:16.728Z"",""batchNumber"":""KRATIKA"",""quantity"":1,""purchaseBillId"":""iWGAUP8RNvmP0LcHYz2w"",""adjustmentReason"":null,""mrp"":199,""adjustedByName"":null,""purchaseRate"":150.58,""expiryDate"":""2027-07-27T18:30:00.000Z"",""isManualAdjustment"":false},{""purchaseBillId"":""dnjvJhQGytUmyRCPiDsP"",""adjustmentReason"":null,""purchaseDate"":""2026-07-20T16:07:21.820Z"",""quantity"":1,""batchNumber"":""KRATIKA "",""expiryDate"":""2027-07-27T18:30:00.000Z"",""isManualAdjustment"":false,""adjustedByName"":null,""mrp"":164.62,""purchaseRate"":160}]",1000553,,
DETTOL SQUEEZ HAND 100ML,1000554,dettol squeez hand 100ml,10,6,2026-07-19T10:13:19.925Z,6,"[{""purchaseRate"":26.96,""mrp"":35,""adjustedByName"":null,""isManualAdjustment"":false,""expiryDate"":""2027-07-27T18:30:00.000Z"",""batchNumber"":"""",""quantity"":6,""purchaseDate"":""2026-07-18T16:34:09.706Z"",""adjustmentReason"":null,""purchaseBillId"":""xiMCJHYWelCBQ90mlTTr""}]",1000554,,
DETTOL HAND WASH 200ML,1000556,dettol hand wash 200ml,10,3,2026-07-19T10:13:19.924Z,3,"[{""adjustmentReason"":null,""purchaseBillId"":""xiMCJHYWelCBQ90mlTTr"",""quantity"":3,""batchNumber"":"""",""purchaseDate"":""2026-07-18T16:34:09.706Z"",""expiryDate"":""2027-07-27T18:30:00.000Z"",""isManualAdjustment"":false,""purchaseRate"":87,""mrp"":99,""adjustedByName"":null}]",1000556,,
GLUCON D PLAIN 500GM,1000558,glucon d plain 500gm,10,1,2026-07-21T12:45:24.641Z,1,"[{""purchaseBillId"":""DpRyosVyLI5rlWmgtOFb"",""adjustmentReason"":null,""purchaseDate"":""2026-07-20T11:44:41.155Z"",""batchNumber"":""GREEN TRADERS"",""quantity"":1,""expiryDate"":""2027-02-27T18:30:00.000Z"",""isManualAdjustment"":false,""purchaseRate"":115,""mrp"":140,""adjustedByName"":null}]",1000558,,
GLUCON D ORANGE 500GM,1000559,glucon d orange 500gm,10,1,2026-07-21T12:45:24.640Z,1,"[{""expiryDate"":""2026-09-27T18:30:00.000Z"",""isManualAdjustment"":false,""purchaseRate"":144.75,""mrp"":219,""adjustedByName"":null,""adjustmentReason"":null,""purchaseBillId"":""DpRyosVyLI5rlWmgtOFb"",""batchNumber"":""GREEN TRADERS"",""quantity"":1,""purchaseDate"":""2026-07-20T11:44:41.155Z""}]",1000559,,
VOCETIN TABLET,,vocetin tablet,1,,,,,1000569,,
APLEVM TABLET 10,,aplevm tablet 10,1,,,,,1000570,,
CHESTON COLD SYRUP 60ML,1000571,cheston cold syrup 60ml,1,3,2026-07-23T07:11:40.803Z,3,"[{""quantity"":3,""purchaseRate"":31.92,""purchaseBillId"":""sIBrxawP5tddMZN0yUmB"",""batchNumber"":""MEDIBASKET "",""adjustedByName"":null,""adjustmentReason"":null,""mrp"":72,""isManualAdjustment"":false,""purchaseDate"":""2026-07-17T15:06:47.110Z"",""expiryDate"":""2027-04-27T18:30:00.000Z""}]",1000571,,
NODARD PLUS 10,,nodard plus 10,1,,,,,1000577,,
PANTOSEC 40,,pantosec 40,1,,,,,1000578,,
ADULT DIAPER M 10,1000586,adult diaper m 10,10,0,2026-07-22T06:35:44.796Z,0,[],1000586,,
GLUCOMETER 1,1000591,glucometer 1,10,1,2026-07-22T06:39:50.503Z,1,"[{""purchaseDate"":""2026-07-19T14:37:06.308Z"",""adjustmentReason"":null,""purchaseRate"":400,""purchaseBillId"":""bhRRAkKAOo0qkLvJKDIR"",""adjustedByName"":null,""expiryDate"":""2027-07-27T18:30:00.000Z"",""mrp"":665,""isManualAdjustment"":false,""batchNumber"":""SSD"",""quantity"":1}]",1000591,,
LIVEASY CREPE BANDAGE 2INCH 1,1000592,liveasy crepe bandage 2inch 1,10,2,2026-07-22T06:39:50.598Z,2,"[{""mrp"":234,""expiryDate"":""2027-07-27T18:30:00.000Z"",""batchNumber"":""DC"",""isManualAdjustment"":false,""quantity"":2,""adjustedByName"":null,""purchaseDate"":""2026-07-19T14:37:06.308Z"",""purchaseBillId"":""bhRRAkKAOo0qkLvJKDIR"",""adjustmentReason"":null,""purchaseRate"":89.54}]",1000592,,
CRAP BANDAGE 3INCH 10,1000593,crap bandage 3inch 10,10,1,2026-07-22T06:39:50.694Z,1,"[{""adjustedByName"":null,""mrp"":300,""expiryDate"":""2027-07-27T18:30:00.000Z"",""isManualAdjustment"":false,""quantity"":1,""batchNumber"":""DC"",""purchaseDate"":""2026-07-19T14:37:06.308Z"",""adjustmentReason"":null,""purchaseBillId"":""bhRRAkKAOo0qkLvJKDIR"",""purchaseRate"":90}]",1000593,,
CRAP BANDAGE 4INCH 1,1000595,crap bandage 4inch 1,10,2,2026-07-22T06:39:50.697Z,2,"[{""adjustedByName"":null,""batchNumber"":""STAR"",""quantity"":2,""isManualAdjustment"":false,""expiryDate"":""2027-07-27T18:30:00.000Z"",""mrp"":320,""purchaseDate"":""2026-07-19T14:37:06.308Z"",""purchaseRate"":42.86,""purchaseBillId"":""bhRRAkKAOo0qkLvJKDIR"",""adjustmentReason"":null}]",1000595,,
ELBOW BAND M 1,1000601,elbow band m 1,10,1,2026-07-22T06:39:50.501Z,1,"[{""adjustmentReason"":null,""purchaseBillId"":""bhRRAkKAOo0qkLvJKDIR"",""purchaseRate"":120,""purchaseDate"":""2026-07-19T14:37:06.308Z"",""quantity"":1,""batchNumber"":""SSD"",""isManualAdjustment"":false,""expiryDate"":""2027-07-27T18:30:00.000Z"",""mrp"":220,""adjustedByName"":null}]",1000601,,
ELBOW BAND L 1,1000602,elbow band l 1,10,1,2026-07-22T06:39:50.500Z,1,"[{""adjustedByName"":null,""mrp"":220,""expiryDate"":""2027-07-27T18:30:00.000Z"",""batchNumber"":""SSD"",""quantity"":1,""isManualAdjustment"":false,""purchaseDate"":""2026-07-19T14:37:06.308Z"",""purchaseBillId"":""bhRRAkKAOo0qkLvJKDIR"",""purchaseRate"":120,""adjustmentReason"":null}]",1000602,,
SYRINGE 5ML 1,1000607,syringe 5ml 1,10,17,2026-07-21T12:45:23.976Z,17,"[{""adjustmentReason"":null,""purchaseBillId"":""DpRyosVyLI5rlWmgtOFb"",""batchNumber"":""SSD PHARMA "",""quantity"":17,""purchaseDate"":""2026-07-20T11:44:41.155Z"",""expiryDate"":""2027-07-27T18:30:00.000Z"",""isManualAdjustment"":false,""purchaseRate"":1.8,""mrp"":15,""adjustedByName"":null}]",1000607,,
SYRINGE 10ML 100,1000608,syringe 10ml 100,10,9,2026-07-21T12:45:23.974Z,9,"[{""purchaseBillId"":""DpRyosVyLI5rlWmgtOFb"",""adjustmentReason"":null,""purchaseDate"":""2026-07-20T11:44:41.155Z"",""batchNumber"":""SSD PHARMA "",""quantity"":9,""isManualAdjustment"":false,""expiryDate"":""2027-07-27T18:30:00.000Z"",""mrp"":21,""adjustedByName"":null,""purchaseRate"":1.8}]",1000608,,
MICROPORE 1INCH 1,1000609,micropore 1inch 1,10,2,2026-07-21T12:45:23.543Z,2,"[{""purchaseBillId"":""DpRyosVyLI5rlWmgtOFb"",""adjustmentReason"":null,""purchaseDate"":""2026-07-20T11:44:41.155Z"",""batchNumber"":""SSD PHARMA "",""quantity"":2,""isManualAdjustment"":false,""expiryDate"":""2027-07-27T18:30:00.000Z"",""purchaseRate"":15,""adjustedByName"":null,""mrp"":30}]",1000609,,
MICROPORE 2INCH 1,1000611,micropore 2inch 1,10,3,2026-07-21T12:45:23.543Z,3,"[{""batchNumber"":""SSD PHARMA "",""quantity"":3,""purchaseDate"":""2026-07-20T11:44:41.155Z"",""adjustmentReason"":null,""purchaseBillId"":""DpRyosVyLI5rlWmgtOFb"",""purchaseRate"":30,""mrp"":75,""adjustedByName"":null,""isManualAdjustment"":false,""expiryDate"":""2027-07-27T18:30:00.000Z""}]",1000611,,
MICROPORE 3INCH 1,1000612,micropore 3inch 1,10,2,2026-07-21T12:45:23.542Z,2,"[{""purchaseBillId"":""DpRyosVyLI5rlWmgtOFb"",""adjustmentReason"":null,""purchaseDate"":""2026-07-20T11:44:41.155Z"",""batchNumber"":""SSD PHARMA "",""quantity"":2,""expiryDate"":""2027-07-27T18:30:00.000Z"",""isManualAdjustment"":false,""mrp"":90,""adjustedByName"":null,""purchaseRate"":37.5}]",1000612,,
COTTON BANDAGE 2INCH 1,1000613,cotton bandage 2inch 1,10,12,2026-07-21T12:45:23.459Z,12,"[{""mrp"":5,""adjustedByName"":null,""purchaseRate"":1.5,""expiryDate"":""2027-07-27T18:30:00.000Z"",""isManualAdjustment"":false,""purchaseDate"":""2026-07-20T11:44:41.155Z"",""batchNumber"":""SSD PHARMA "",""quantity"":12,""purchaseBillId"":""DpRyosVyLI5rlWmgtOFb"",""adjustmentReason"":null}]",1000613,,
COTTON BANDAGE 3INCH 12,1000614,cotton bandage 3inch 12,10,12,2026-07-21T12:45:23.541Z,12,"[{""isManualAdjustment"":false,""expiryDate"":""2027-07-27T18:30:00.000Z"",""purchaseRate"":2.66,""adjustedByName"":null,""mrp"":10,""adjustmentReason"":null,""purchaseBillId"":""DpRyosVyLI5rlWmgtOFb"",""quantity"":12,""batchNumber"":""SSD PHARMA "",""purchaseDate"":""2026-07-20T11:44:41.155Z""}]",1000614,,
CANNULA 22NO 1,1000616,cannula 22no 1,10,3,2026-07-21T12:45:23.627Z,3,"[{""mrp"":185,""adjustedByName"":null,""purchaseRate"":8,""isManualAdjustment"":false,""expiryDate"":""2027-07-27T18:30:00.000Z"",""purchaseDate"":""2026-07-20T11:44:41.155Z"",""quantity"":3,""batchNumber"":""SSD PHARMA "",""purchaseBillId"":""DpRyosVyLI5rlWmgtOFb"",""adjustmentReason"":null}]",1000616,,
GAUZE SWAPS 1,1000617,gauze swaps 1,10,3,2026-07-21T12:45:23.893Z,3,"[{""isManualAdjustment"":false,""expiryDate"":""2027-07-27T18:30:00.000Z"",""purchaseRate"":8,""mrp"":80,""adjustedByName"":null,""adjustmentReason"":null,""purchaseBillId"":""DpRyosVyLI5rlWmgtOFb"",""batchNumber"":""SSD PHARMA "",""quantity"":3,""purchaseDate"":""2026-07-20T11:44:41.155Z""}]",1000617,,
CANNULA GRIP 1,1000618,cannula grip 1,10,5,2026-07-21T12:45:23.625Z,5,"[{""expiryDate"":""2027-07-27T18:30:00.000Z"",""isManualAdjustment"":false,""purchaseRate"":5,""adjustedByName"":null,""mrp"":80,""adjustmentReason"":null,""purchaseBillId"":""DpRyosVyLI5rlWmgtOFb"",""quantity"":5,""batchNumber"":""SSD PHARMA "",""purchaseDate"":""2026-07-20T11:44:41.155Z""}]",1000618,,
IV SET 1,1000619,iv set 1,10,5,2026-07-21T12:45:23.894Z,5,"[{""purchaseRate"":12,""adjustedByName"":null,""mrp"":176,""expiryDate"":""2027-07-27T18:30:00.000Z"",""isManualAdjustment"":false,""batchNumber"":""SSD PHARMA "",""quantity"":5,""purchaseDate"":""2026-07-20T11:44:41.155Z"",""adjustmentReason"":null,""purchaseBillId"":""DpRyosVyLI5rlWmgtOFb""}]",1000619,,
PAMPERS DIAPERS XL 22,1000621,pampers diapers xl 22,10,1,2026-07-19T10:13:19.850Z,1,"[{""adjustmentReason"":null,""purchaseBillId"":""xiMCJHYWelCBQ90mlTTr"",""quantity"":1,""batchNumber"":"""",""purchaseDate"":""2026-07-18T16:34:09.706Z"",""isManualAdjustment"":false,""expiryDate"":""2027-07-27T18:30:00.000Z"",""adjustedByName"":null,""mrp"":389,""purchaseRate"":308.73}]",1000621,,
STAYFREE SECURE XL 6,1000625,stayfree secure xl 6,10,7,2026-07-19T10:13:19.714Z,7,"[{""purchaseDate"":""2026-07-18T16:34:09.706Z"",""quantity"":7,""batchNumber"":"""",""purchaseBillId"":""xiMCJHYWelCBQ90mlTTr"",""adjustmentReason"":null,""purchaseRate"":32,""adjustedByName"":null,""mrp"":37,""expiryDate"":""2027-07-27T18:30:00.000Z"",""isManualAdjustment"":false}]",1000625,,
MAMA EARTH UPTAN FACEWASH 50ML,1000631,mama earth uptan facewash 50ml,10,1,2026-07-21T06:24:36.305Z,1,"[{""purchaseRate"":75,""adjustedByName"":null,""mrp"":125,""isManualAdjustment"":false,""expiryDate"":""2027-07-27T18:30:00.000Z"",""purchaseDate"":""2026-07-20T16:07:21.820Z"",""quantity"":1,""batchNumber"":""EKTA COSMETICS "",""purchaseBillId"":""dnjvJhQGytUmyRCPiDsP"",""adjustmentReason"":null}]",1000631,,
MAMA EARTH ONION OIL 100ML,1000632,mama earth onion oil 100ml,10,1,2026-07-21T12:45:24.172Z,1,"[{""batchNumber"":""EKTA COSMETIC "",""quantity"":1,""purchaseDate"":""2026-07-20T11:44:41.155Z"",""adjustmentReason"":null,""purchaseBillId"":""DpRyosVyLI5rlWmgtOFb"",""purchaseRate"":180,""mrp"":279,""adjustedByName"":null,""expiryDate"":""2027-01-27T18:30:00.000Z"",""isManualAdjustment"":false}]",1000632,,
SUMO,,sumo,1,,,,,1000649,,
MEFTAL SPAS 10,,meftal spas 10,1,,,,,1000651,,
IBUGESIC PLUS,,ibugesic plus,1,,,,,1000652,,
MONTAIR LC 15,,montair lc 15,1,,,,,1000654,,
THYROX 50MG 100,1000656,thyrox 50mg 100,10,1,2026-07-21T17:28:12.441Z,1,"[{""adjustedByName"":null,""mrp"":140.83,""purchaseRate"":98.87,""expiryDate"":""2027-03-27T18:30:00.000Z"",""isManualAdjustment"":false,""batchNumber"":""MEDIHUB "",""quantity"":1,""purchaseDate"":""2026-07-18T07:33:44.306Z"",""adjustmentReason"":null,""purchaseBillId"":""MLZKoBJjUBLJggKAF22A""}]",1000656,,
THYROX 75MG 100,1000658,thyrox 75mg 100,10,1,2026-07-21T17:28:12.440Z,1,"[{""batchNumber"":""MEDIHUB "",""quantity"":1,""purchaseDate"":""2026-07-18T07:33:44.306Z"",""adjustmentReason"":null,""purchaseBillId"":""MLZKoBJjUBLJggKAF22A"",""purchaseRate"":140.17,""mrp"":183.97,""adjustedByName"":null,""expiryDate"":""2027-07-27T18:30:00.000Z"",""isManualAdjustment"":false}]",1000658,,
ACILOC RD 15,,aciloc rd 15,1,30,2026-07-23T07:07:01.940Z,30,"[{""mrp"":94.69,""adjustmentReason"":null,""adjustedByName"":null,""batchNumber"":""ANILA"",""purchaseRate"":72.14,""purchaseBillId"":""5XVz1nNKP2AiiFa1Q1iH"",""quantity"":30,""expiryDate"":""2028-02-27T18:30:00.000Z"",""purchaseDate"":""2026-07-23T05:29:17.079Z"",""isManualAdjustment"":false}]",1000660,,
UNIENZYME,,unienzyme,1,,,,,1000662,,
ZOFER MD4,,zofer md4,1,,,,,1000664,,
HAJMOLA BIG 70 1,1000672,hajmola big 70 1,1,2,2026-07-21T17:28:12.020Z,2,"[{""expiryDate"":""2027-07-27T18:30:00.000Z"",""isManualAdjustment"":false,""purchaseRate"":53,""adjustedByName"":null,""mrp"":65,""purchaseBillId"":""MLZKoBJjUBLJggKAF22A"",""adjustmentReason"":null,""purchaseDate"":""2026-07-18T07:33:44.306Z"",""batchNumber"":"""",""quantity"":2}]",1000672,,
DETTOL LIQUID 125ML,1000676,dettol liquid 125ml,10,4,2026-07-19T10:13:19.924Z,4,"[{""isManualAdjustment"":false,""expiryDate"":""2027-07-27T18:30:00.000Z"",""mrp"":91.33,""adjustedByName"":null,""purchaseRate"":76.3,""adjustmentReason"":null,""purchaseBillId"":""xiMCJHYWelCBQ90mlTTr"",""quantity"":4,""batchNumber"":"""",""purchaseDate"":""2026-07-18T16:34:09.706Z""}]",1000676,,
DANT KANTI DENTAL CREAM 100GM,1000678,dant kanti dental cream 100gm,1,3,2026-07-18T05:24:03.290Z,3,"[{""quantity"":3,""purchaseRate"":49,""adjustmentReason"":null,""purchaseBillId"":""VeybXLCYY5P4zaQJq2Yg"",""mrp"":58,""adjustedByName"":null,""purchaseDate"":""2026-07-14T18:30:00.000Z"",""batchNumber"":"""",""isManualAdjustment"":false,""expiryDate"":""2028-02-27T18:30:00.000Z""}]",1000678,,
PUDIN HARA ACTIVE 30ML,1000681,pudin hara active 30ml,10,3,2026-07-22T06:39:51.849Z,3,"[{""purchaseDate"":""2026-07-19T14:37:06.308Z"",""adjustmentReason"":null,""purchaseBillId"":""bhRRAkKAOo0qkLvJKDIR"",""purchaseRate"":45,""batchNumber"":""GUPTA CO"",""quantity"":3,""isManualAdjustment"":false,""expiryDate"":""2028-01-27T18:30:00.000Z"",""mrp"":56,""adjustedByName"":null}]",1000681,,
PUDIN HARA CAP,,pudin hara cap,1,,,,,1000682,,
AP SPECIAL BALM 12GM,1000693,ap special balm 12gm,10,6,2026-07-19T15:49:17.557Z,6,"[{""isManualAdjustment"":false,""expiryDate"":""2029-01-27T18:30:00.000Z"",""purchaseRate"":27,""mrp"":40,""adjustedByName"":null,""adjustmentReason"":null,""purchaseBillId"":""741nuHnyq2HPzUHwPany"",""quantity"":6,""batchNumber"":""?"",""purchaseDate"":""2026-07-16T14:35:03.825Z""}]",1000693,,
VICKS VAPOUR RUB 50GM,1000695,vicks vapour rub 50gm,10,1,2026-07-22T05:53:07.750Z,1,"[{""purchaseRate"":158.15,""adjustmentReason"":null,""purchaseBillId"":""6avEgRRYxJgFAOuxhlU4"",""purchaseDate"":""2026-07-21T06:31:03.547Z"",""quantity"":1,""batchNumber"":"""",""isManualAdjustment"":false,""mrp"":199,""expiryDate"":""2027-07-27T18:30:00.000Z"",""adjustedByName"":null}]",1000695,,
BOROPLUS 7ML,1000697,boroplus 7ml,10,6,2026-07-21T17:28:12.124Z,6,"[{""expiryDate"":""2028-04-27T18:30:00.000Z"",""isManualAdjustment"":false,""adjustedByName"":null,""mrp"":10,""purchaseRate"":8.75,""purchaseBillId"":""MLZKoBJjUBLJggKAF22A"",""adjustmentReason"":null,""purchaseDate"":""2026-07-18T07:33:44.306Z"",""quantity"":6,""batchNumber"":""""}]",1000697,,
SIGNOFLAM TAB,,signoflam tab,1,,,,,1000701,,
VERTIN-16,,vertin-16,1,,,,,1000703,,
EVION 600,,evion 600,1,,,,,1000704,,
URIKIND-KM SACHET 5GM,1000706,urikind-km sachet 5gm,1,9,2026-07-23T07:11:41.645Z,9,"[{""adjustedByName"":null,""batchNumber"":""MEDIBASKET "",""mrp"":42,""adjustmentReason"":null,""quantity"":9,""purchaseRate"":28.47,""purchaseBillId"":""sIBrxawP5tddMZN0yUmB"",""purchaseDate"":""2026-07-17T15:06:47.110Z"",""isManualAdjustment"":false,""expiryDate"":""2027-06-27T18:30:00.000Z""}]",1000706,,
ZINCOVIT TAB,,zincovit tab,1,,,,,1000708,,
DERIPHYLLIN OD 300 MG,,deriphyllin od 300 mg,1,,,,,1000710,,
TONACT 10MG,,tonact 10mg,1,,,,,1000712,,
TENDOCARE,,tendocare,1,,,,,1000714,,
VELOZ D,,veloz d,1,,,,,1000718,,
REBNEX IT CAP,,rebnex it cap,1,,,,,1000722,,
ROSUR CV 10,,rosur cv 10,1,,,,,1000724,,
DIGERAFT PLUS SYRUP 200ML,1000725,digeraft plus syrup 200ml,1,1,2026-07-17T10:04:07.807Z,1,"[{""purchaseDate"":""2026-07-14T06:31:27.837Z"",""adjustedByName"":null,""mrp"":314.6,""purchaseBillId"":""6ay79HpxBVdyHOQ5EL0S"",""adjustmentReason"":null,""purchaseRate"":224.71,""quantity"":1,""expiryDate"":""2026-11-30T18:30:00.000Z"",""isManualAdjustment"":false,""batchNumber"":""ANILA ""}]",1000725,,
METBOON VG 2 10,,metboon vg 2 10,1,,,,,1000727,,
SBDAPA S 100,,sbdapa s 100,1,,,,,1000729,,
GARNIER ACNO FIGHT 50GM,1000731,garnier acno fight 50gm,10,2,2026-07-21T06:24:36.208Z,2,"[{""purchaseBillId"":""dnjvJhQGytUmyRCPiDsP"",""adjustmentReason"":null,""purchaseDate"":""2026-07-20T16:07:21.820Z"",""batchNumber"":""TWENTY PLUS "",""quantity"":2,""isManualAdjustment"":false,""expiryDate"":""2027-07-27T18:30:00.000Z"",""adjustedByName"":null,""mrp"":125,""purchaseRate"":94.58}]",1000731,,
GARNIER TURBOBRIGHT 50GM,1000732,garnier turbobright 50gm,10,1,2026-07-21T06:24:36.207Z,1,"[{""purchaseBillId"":""dnjvJhQGytUmyRCPiDsP"",""adjustmentReason"":null,""purchaseDate"":""2026-07-20T16:07:21.820Z"",""batchNumber"":""EKTA COSMETICS "",""quantity"":1,""isManualAdjustment"":false,""expiryDate"":""2027-07-27T18:30:00.000Z"",""purchaseRate"":110,""adjustedByName"":null,""mrp"":119}]",1000732,,
TAZPURE LN 40,,tazpure ln 40,1,,,,,1000741,,
NEOVAS 0 40 10,,neovas 0 40 10,1,,,,,1000745,,
TENORMIN 50,,tenormin 50,1,,,,,1000747,,
ROSUBOON EZ 10,,rosuboon ez 10,1,,,,,1000751,,
FOLITRAX 15,,folitrax 15,1,,,,,1000753,,
CIPLOX E/D 10ML,1000760,ciplox e/d 10ml,1,1,2026-07-17T10:04:10.208Z,1,"[{""expiryDate"":""2028-01-31T18:30:00.000Z"",""isManualAdjustment"":false,""batchNumber"":""6A40103 MEDI BASKET "",""adjustedByName"":null,""purchaseDate"":""2026-07-14T06:31:27.837Z"",""mrp"":16,""purchaseBillId"":""6ay79HpxBVdyHOQ5EL0S"",""purchaseRate"":12.56,""adjustmentReason"":null,""quantity"":1}]",1000760,,
I-KUL 10ML,1000762,i-kul 10ml,1,2,2026-07-17T10:04:10.127Z,2,"[{""expiryDate"":""2027-12-31T18:30:00.000Z"",""isManualAdjustment"":false,""batchNumber"":""IAB-101 EYE DERMA "",""purchaseDate"":""2026-07-14T06:31:27.837Z"",""adjustedByName"":null,""mrp"":80.12,""adjustmentReason"":null,""purchaseBillId"":""6ay79HpxBVdyHOQ5EL0S"",""purchaseRate"":61.02,""quantity"":2}]",1000762,,
GCPRED 4MG,,gcpred 4mg,1,,,,,1000763,,
IMOL +,,imol +,1,,,,,1000766,,
BACLOF OD 20,,baclof od 20,1,,,,,1000768,,
MIRNITE 10,,mirnite 10,1,,,,,1000770,,
HCQ 300 TAB 15,,hcq 300 tab 15,1,,,,,1000771,,
OMNACORTIL 10,,omnacortil 10,1,,,,,1000774,,
GEMER 1 TAB 10,,gemer 1 tab 10,1,,,,,1000775,,
NEXITO 2O 10,,nexito 2o 10,1,,,,,1000776,,
VORXAR TAB,,vorxar tab,1,,,,,1000777,,
NEXITO 10 TAB 1O,,nexito 10 tab 1o,1,,,,,1000779,,
ULTRACET TAB NRX 15,,ultracet tab nrx 15,1,15,2026-07-22T11:50:20.743Z,15,"[{""expiryDate"":""2028-01-27T18:30:00.000Z"",""isManualAdjustment"":false,""purchaseDate"":""2026-07-22T11:40:57.019Z"",""purchaseBillId"":""PENDING_BATCH"",""purchaseRate"":247.7,""quantity"":15,""adjustmentReason"":null,""mrp"":325.1,""batchNumber"":"""",""adjustedByName"":null}]",1000792,,
FOLCARE PLUS TAB,,folcare plus tab,1,,,,,1000794,,
VEET WOMEN 30GM,1000800,veet women 30gm,10,5,2026-07-22T06:40:55.414Z,5,"[{""purchaseDate"":""2026-07-19T14:37:06.308Z"",""purchaseBillId"":""bhRRAkKAOo0qkLvJKDIR"",""purchaseRate"":88.6,""adjustmentReason"":null,""adjustedByName"":null,""expiryDate"":""2027-07-27T18:30:00.000Z"",""mrp"":115,""isManualAdjustment"":false,""batchNumber"":""ITI"",""quantity"":3},{""expiryDate"":""2027-07-27T18:30:00.000Z"",""mrp"":109,""batchNumber"":""?"",""isManualAdjustment"":false,""quantity"":2,""adjustedByName"":null,""purchaseBillId"":""bhRRAkKAOo0qkLvJKDIR"",""purchaseRate"":88.6,""adjustmentReason"":null,""purchaseDate"":""2026-07-19T14:37:06.308Z""}]",1000800,,
TIGER KING CREAM 6,1000805,tiger king cream 6,10,6,2026-07-22T14:29:02.545Z,6,"[{""isManualAdjustment"":false,""purchaseDate"":""2026-07-22T14:03:03.157Z"",""expiryDate"":""2028-12-27T18:30:00.000Z"",""purchaseRate"":13.33,""quantity"":6,""purchaseBillId"":""7GYLboh1MB0fGMIWHdhW"",""adjustedByName"":null,""batchNumber"":"""",""adjustmentReason"":null,""mrp"":68.33}]",1000805,,
NYGARD-NT,,nygard-nt,1,,,,,1000810,,
PANTOP 40,,pantop 40,1,,,,,1000812,,
ELTROXIN 50MG 120,1000815,eltroxin 50mg 120,10,1,2026-07-21T17:28:12.883Z,1,"[{""isManualAdjustment"":false,""expiryDate"":""2026-08-27T18:30:00.000Z"",""mrp"":119.55,""adjustedByName"":null,""purchaseRate"":85.39,""purchaseBillId"":""MLZKoBJjUBLJggKAF22A"",""adjustmentReason"":null,""purchaseDate"":""2026-07-18T07:33:44.306Z"",""quantity"":1,""batchNumber"":""DC AGENCIES ""}]",1000815,,
NYGARD-D 20,,nygard-d 20,1,,,,,1000819,,
SELOKEN XL50,,seloken xl50,1,,,,,1000823,,
DIGENE MINT TABLET 15,,digene mint tablet 15,1,,,,,1000825,,
MUSHROOM POWDER 100GM,1000829,mushroom powder 100gm,10,2,2026-07-21T17:21:38.850Z,2,"[{""purchaseDate"":""2026-07-18T06:19:24.778Z"",""batchNumber"":""MW/1335"",""quantity"":2,""purchaseBillId"":""VNM2zTVGrJ4ZaMslUtMG"",""adjustmentReason"":null,""purchaseRate"":235,""adjustedByName"":null,""mrp"":337,""isManualAdjustment"":false,""expiryDate"":""2027-07-27T18:30:00.000Z""}]",1000829,,
REMYLIN D,,remylin d,1,,,,,1000833,,
ETROBAX 90,,etrobax 90,1,,,,,1000839,,
NEXITO 5 10,,nexito 5 10,1,,,,,1000841,,
SHELCAL 500,,shelcal 500,1,,,,,1000843,,
ZOCON 150,,zocon 150,1,,,,,1000855,,
AUGMENTIN 625,,augmentin 625,1,30,2026-07-23T07:07:06.722Z,30,"[{""quantity"":10,""purchaseBillId"":""5XVz1nNKP2AiiFa1Q1iH"",""purchaseRate"":148.87,""adjustmentReason"":null,""mrp"":195.39,""adjustedByName"":null,""batchNumber"":""MEDIHUB"",""expiryDate"":""2028-07-27T18:30:00.000Z"",""isManualAdjustment"":false,""purchaseDate"":""2026-07-23T05:29:17.079Z""},{""isManualAdjustment"":false,""purchaseDate"":""2026-07-23T05:29:17.079Z"",""expiryDate"":""2028-08-27T18:30:00.000Z"",""purchaseRate"":148.87,""quantity"":20,""purchaseBillId"":""5XVz1nNKP2AiiFa1Q1iH"",""batchNumber"":""MEDIHUB"",""adjustedByName"":null,""adjustmentReason"":null,""mrp"":195.39}]",1000857,,
BETNESOL,,betnesol,1,,,,,1000859,,
ZORYL M2 FORTE,,zoryl m2 forte,1,,,,,1000861,,
ISTAMET XR,,istamet xr,1,,,,,1000863,,
NORFLOKEM-TZ 10,,norflokem-tz 10,1,,,,,1000869,,
CTZ,,ctz,1,100,2026-07-22T11:14:22.372Z,100,"[{""purchaseDate"":""2026-07-21T13:09:59.408Z"",""isManualAdjustment"":false,""expiryDate"":""2029-03-27T18:30:00.000Z"",""adjustedByName"":null,""batchNumber"":""DIVFORD  HEALTHCRAE"",""mrp"":42,""adjustmentReason"":null,""purchaseRate"":7.14,""quantity"":100,""purchaseBillId"":""x7gQ1sPaC4imakdKE15v""}]",1000871,,
COBARISE D 10,,cobarise d 10,1,30,2026-07-23T04:41:38.310Z,30,"[{""expiryDate"":""2027-03-27T18:30:00.000Z"",""isManualAdjustment"":false,""purchaseDate"":""2026-07-22T14:44:06.335Z"",""adjustmentReason"":null,""mrp"":175.99,""batchNumber"":"""",""adjustedByName"":null,""purchaseBillId"":""JqsSYYOsP2YTNhCeQ6Cc"",""purchaseRate"":125.73,""quantity"":30}]",1000878,,
STAYFREE ADVANCE XXL 7,1000884,stayfree advance xxl 7,10,3,2026-07-19T10:13:19.711Z,3,"[{""purchaseRate"":88.39,""adjustedByName"":null,""mrp"":110,""expiryDate"":""2027-07-27T18:30:00.000Z"",""isManualAdjustment"":false,""quantity"":3,""batchNumber"":"""",""purchaseDate"":""2026-07-18T16:34:09.706Z"",""adjustmentReason"":null,""purchaseBillId"":""xiMCJHYWelCBQ90mlTTr""}]",1000884,,
ROSUMAC GOLD 20,,rosumac gold 20,1,,,,,1000886,,
ALKACITRAL SYRUP 100ML,1000890,alkacitral syrup 100ml,1,2,2026-07-17T10:04:07.259Z,2,"[{""expiryDate"":""2027-11-30T18:30:00.000Z"",""isManualAdjustment"":false,""batchNumber"":""DIVFORD"",""adjustedByName"":null,""purchaseDate"":""2026-07-14T06:31:27.837Z"",""mrp"":152,""adjustmentReason"":null,""purchaseRate"":20.95,""purchaseBillId"":""6ay79HpxBVdyHOQ5EL0S"",""quantity"":2}]",1000890,,
FLUNARIN 10,,flunarin 10,1,,,,,1000896,,
FORGLYN PLUS TAB 3O,,forglyn plus tab 3o,1,,,,,1000898,,
ALDIGESIC SP TAB 10,,aldigesic sp tab 10,1,,,,,1000907,,
FENAK PLUS TAB,,fenak plus tab,1,,,,,1000909,,
PET SAFA 100GM 100GM,1000911,pet safa 100gm 100gm,10,1,2026-07-22T06:39:51.927Z,1,"[{""expiryDate"":""2027-02-27T18:30:00.000Z"",""mrp"":115,""quantity"":1,""isManualAdjustment"":false,""batchNumber"":""CHIRAYU"",""adjustedByName"":null,""purchaseDate"":""2026-07-19T14:37:06.308Z"",""purchaseBillId"":""bhRRAkKAOo0qkLvJKDIR"",""purchaseRate"":87.5,""adjustmentReason"":null}]",1000911,,
VEET MEN 30GM,1000915,veet men 30gm,10,0,2026-07-20T07:23:54.119Z,0,[],1000915,,
ENO LEMON POUCH 5GM,1000923,eno lemon pouch 5gm,1,41,2026-07-22T13:15:53.718Z,41,"[{""expiryDate"":""2027-07-27T18:30:00.000Z"",""isManualAdjustment"":false,""purchaseDate"":""2026-07-18T07:33:44.306Z"",""purchaseBillId"":""MLZKoBJjUBLJggKAF22A"",""purchaseRate"":7.94,""quantity"":41,""adjustmentReason"":null,""mrp"":10,""batchNumber"":""VN SUPPLIES"",""adjustedByName"":null}]",1000923,,
APDROP-KT E/D DROP 5ML,1000925,apdrop-kt e/d drop 5ml,1,1,2026-07-19T16:51:29.140Z,1,"[{""expiryDate"":""2027-06-29T18:30:00.000Z"",""isManualAdjustment"":false,""mrp"":211,""adjustedByName"":null,""purchaseRate"":150.71,""purchaseBillId"":""Wb0URARJjcauzq4XREMe"",""adjustmentReason"":null,""purchaseDate"":""2026-07-16T11:46:43.781Z"",""quantity"":1,""batchNumber"":""GT00074 (AMIT)""}]",1000925,,
OLOPAT E/D 5ML,1000930,olopat e/d 5ml,1,1,2026-07-19T16:51:29.138Z,1,"[{""quantity"":1,""batchNumber"":""GT03646 (MEDIBASKET)"",""purchaseDate"":""2026-07-16T11:46:43.781Z"",""adjustmentReason"":null,""purchaseBillId"":""Wb0URARJjcauzq4XREMe"",""purchaseRate"":170,""mrp"":223.12,""adjustedByName"":null,""expiryDate"":""2029-01-30T18:30:00.000Z"",""isManualAdjustment"":false}]",1000930,,
TOVAXO E/D 2.5ML,1000935,tovaxo e/d 2.5ml,1,1,2026-07-17T10:04:10.424Z,1,"[{""purchaseDate"":""2026-07-14T06:31:27.837Z"",""adjustedByName"":null,""mrp"":492,""adjustmentReason"":null,""purchaseRate"":374.86,""purchaseBillId"":""6ay79HpxBVdyHOQ5EL0S"",""quantity"":1,""expiryDate"":""2027-12-31T18:30:00.000Z"",""isManualAdjustment"":false,""batchNumber"":""AD0146B  MEDIHUB ""}]",1000935,,
CLOHEX ADS MOUTH WASH 200ML,1000937,clohex ads mouth wash 200ml,10,1,2026-07-19T10:13:19.927Z,1,"[{""purchaseDate"":""2026-07-18T16:34:09.706Z"",""batchNumber"":"""",""quantity"":1,""purchaseBillId"":""xiMCJHYWelCBQ90mlTTr"",""adjustmentReason"":null,""mrp"":238.75,""adjustedByName"":null,""purchaseRate"":170.6,""expiryDate"":""2027-07-27T18:30:00.000Z"",""isManualAdjustment"":false}]",1000937,,
PREDMET E/D 10ML,1000952,predmet e/d 10ml,1,1,2026-07-19T16:51:29.141Z,1,"[{""purchaseDate"":""2026-07-16T11:46:43.781Z"",""batchNumber"":""GTG2949A (EYE DERMA)"",""quantity"":1,""purchaseBillId"":""Wb0URARJjcauzq4XREMe"",""adjustmentReason"":null,""purchaseRate"":46.88,""adjustedByName"":null,""mrp"":61.5,""expiryDate"":""2027-07-16T12:00:08.996Z"",""isManualAdjustment"":false}]",1000952,,
ASCORIL D PLUS 100ML,1000959,ascoril d plus 100ml,1,1,2026-07-17T10:04:09.222Z,1,"[{""mrp"":169,""adjustedByName"":null,""purchaseDate"":""2026-07-14T06:31:27.837Z"",""quantity"":1,""purchaseRate"":120.71,""adjustmentReason"":null,""purchaseBillId"":""6ay79HpxBVdyHOQ5EL0S"",""expiryDate"":""2027-04-30T18:30:00.000Z"",""batchNumber"":""11250857 MEDIHUB "",""isManualAdjustment"":false}]",1000959,,
ASCORIL LS 100ML,1000961,ascoril ls 100ml,1,2,2026-07-17T10:04:09.140Z,2,"[{""batchNumber"":""11251025 MEDIHUB "",""isManualAdjustment"":false,""expiryDate"":""2027-04-30T18:30:00.000Z"",""quantity"":2,""adjustmentReason"":null,""purchaseRate"":110.36,""purchaseBillId"":""6ay79HpxBVdyHOQ5EL0S"",""mrp"":154.5,""adjustedByName"":null,""purchaseDate"":""2026-07-14T06:31:27.837Z""}]",1000961,,
ASCORIL SF 100ML,1000963,ascoril sf 100ml,1,1,2026-07-17T10:04:09.059Z,1,"[{""purchaseBillId"":""6ay79HpxBVdyHOQ5EL0S"",""adjustmentReason"":null,""purchaseRate"":126.07,""quantity"":1,""adjustedByName"":null,""purchaseDate"":""2026-07-14T06:31:27.837Z"",""mrp"":165.47,""isManualAdjustment"":false,""batchNumber"":""05251447A MEDIHUB "",""expiryDate"":""2027-09-30T18:30:00.000Z""}]",1000963,,
CANDID MOUTH PAINT 25ML,1000973,candid mouth paint 25ml,1,3,2026-07-23T07:11:43.467Z,3,"[{""expiryDate"":""2028-02-27T18:30:00.000Z"",""purchaseDate"":""2026-07-17T15:06:47.110Z"",""isManualAdjustment"":false,""mrp"":173,""adjustmentReason"":null,""adjustedByName"":null,""batchNumber"":""MEDIBASKET "",""purchaseBillId"":""sIBrxawP5tddMZN0yUmB"",""quantity"":3,""purchaseRate"":123.59}]",1000973,,
CANDID B CREAM 20GM,1000975,candid b cream 20gm,1,1,2026-07-21T17:21:36.588Z,1,"[{""purchaseBillId"":""VNM2zTVGrJ4ZaMslUtMG"",""adjustmentReason"":null,""purchaseDate"":""2026-07-18T06:19:24.778Z"",""batchNumber"":""MEDIHUB"",""quantity"":1,""expiryDate"":""2027-05-27T18:30:00.000Z"",""isManualAdjustment"":false,""purchaseRate"":135.71,""mrp"":190,""adjustedByName"":null}]",1000975,,
OMNACORTIL SOLUTION 60ML,,omnacortil solution 60ml,1,,,,,1000981,,
OSTOCALCIUM SYRUP 200ML,1000983,ostocalcium syrup 200ml,1,1,2026-07-17T10:04:06.804Z,1,"[{""batchNumber"":""NB25013 ANILA"",""isManualAdjustment"":false,""expiryDate"":""2026-07-31T18:30:00.000Z"",""quantity"":1,""adjustmentReason"":null,""purchaseBillId"":""6ay79HpxBVdyHOQ5EL0S"",""purchaseRate"":165.11,""mrp"":221.91,""adjustedByName"":null,""purchaseDate"":""2026-07-14T06:31:27.837Z""}]",1000983,,
REVELOL AM 50/5,,revelol am 50/5,1,,,,,1000988,,
SENSUR OIL 10ML,1000989,sensur oil 10ml,10,1,2026-07-19T15:49:17.558Z,1,"[{""purchaseDate"":""2026-07-16T14:35:03.825Z"",""quantity"":1,""batchNumber"":""?"",""purchaseBillId"":""741nuHnyq2HPzUHwPany"",""adjustmentReason"":null,""mrp"":130.78,""adjustedByName"":null,""purchaseRate"":99.64,""isManualAdjustment"":false,""expiryDate"":""2028-04-27T18:30:00.000Z""}]",1000989,,
SOLVIN COLD DROP 15ML,1000990,solvin cold drop 15ml,1,6,2026-07-23T07:11:41.417Z,6,"[{""purchaseBillId"":""sIBrxawP5tddMZN0yUmB"",""purchaseRate"":61.32,""quantity"":6,""adjustedByName"":null,""batchNumber"":""MEDIBASKET "",""mrp"":85.85,""adjustmentReason"":null,""purchaseDate"":""2026-07-17T15:06:47.110Z"",""isManualAdjustment"":false,""expiryDate"":""2027-07-27T18:30:00.000Z""}]",1000990,,
VWASH LIQUID 100ML,1000992,vwash liquid 100ml,10,2,2026-07-22T06:39:50.946Z,2,"[{""purchaseDate"":""2026-07-19T14:37:06.308Z"",""purchaseBillId"":""bhRRAkKAOo0qkLvJKDIR"",""purchaseRate"":151,""adjustmentReason"":null,""isManualAdjustment"":false,""quantity"":2,""batchNumber"":""GUPTA CO"",""expiryDate"":""2027-07-27T18:30:00.000Z"",""mrp"":200,""adjustedByName"":null}]",1000992,,
VICKS DROPS 1,1000993,vicks drops 1,10,217,2026-07-21T17:21:38.849Z,217,"[{""purchaseRate"":1.18,""mrp"":2,""adjustedByName"":null,""expiryDate"":""2027-07-27T18:30:00.000Z"",""isManualAdjustment"":false,""batchNumber"":""?"",""quantity"":217,""purchaseDate"":""2026-07-18T06:19:24.778Z"",""adjustmentReason"":null,""purchaseBillId"":""VNM2zTVGrJ4ZaMslUtMG""}]",1000993,,
VILDAMAC M 50/500,,vildamac m 50/500,1,,,,,1000995,,
DOLO 250 SUSPENSION 60ML,1001003,dolo 250 suspension 60ml,1,2,2026-07-19T12:27:31.617Z,2,"[{""expiryDate"":""2027-07-16T16:06:06.962Z"",""isManualAdjustment"":false,""adjustedByName"":null,""mrp"":45.69,""purchaseRate"":32.61,""adjustmentReason"":null,""purchaseBillId"":""iWGAUP8RNvmP0LcHYz2w"",""batchNumber"":""ANILA"",""quantity"":2,""purchaseDate"":""2026-07-16T15:54:16.728Z""}]",1001003,,
GLIMESTAR M2,,glimestar m2,1,,,,,1001010,,
GRILINCTUS BM SYRUP 100ML,1001011,grilinctus bm syrup 100ml,1,1,2026-07-17T10:04:08.309Z,1,"[{""purchaseDate"":""2026-07-14T06:31:27.837Z"",""adjustedByName"":null,""mrp"":131.7,""purchaseRate"":100.34,""adjustmentReason"":null,""purchaseBillId"":""6ay79HpxBVdyHOQ5EL0S"",""quantity"":1,""expiryDate"":""2027-05-31T18:30:00.000Z"",""isManualAdjustment"":false,""batchNumber"":""C0416008 MEDIBASKET ""}]",1001011,,
GRINLCTUS L 100ML,1001013,grinlctus l 100ml,1,1,2026-07-17T10:04:08.457Z,1,"[{""quantity"":1,""purchaseBillId"":""6ay79HpxBVdyHOQ5EL0S"",""adjustmentReason"":null,""purchaseRate"":101.66,""mrp"":156.4,""adjustedByName"":null,""purchaseDate"":""2026-07-14T06:31:27.837Z"",""batchNumber"":""PN1835009 ANILA "",""isManualAdjustment"":false,""expiryDate"":""2026-07-31T18:30:00.000Z""}]",1001013,,
HEALTH OK,,health ok,1,,,,,1001015,,
HEPATOGLOBINE SYRUP 300ML,1001016,hepatoglobine syrup 300ml,1,1,2026-07-17T10:04:06.243Z,1,"[{""purchaseDate"":""2026-07-14T06:31:27.837Z"",""adjustedByName"":null,""mrp"":255,""adjustmentReason"":null,""purchaseRate"":194.3,""purchaseBillId"":""6ay79HpxBVdyHOQ5EL0S"",""quantity"":1,""expiryDate"":""2027-11-29T18:30:00.000Z"",""isManualAdjustment"":false,""batchNumber"":""B01T24054 (ANILA)""}]",1001016,,
KETOSTAR 30GM,1001018,ketostar 30gm,10,1,2026-07-21T12:45:23.978Z,1,"[{""purchaseBillId"":""DpRyosVyLI5rlWmgtOFb"",""adjustmentReason"":null,""purchaseDate"":""2026-07-20T11:44:41.155Z"",""batchNumber"":""DC AGENCIES "",""quantity"":1,""isManualAdjustment"":false,""expiryDate"":""2026-09-27T18:30:00.000Z"",""mrp"":243.57,""adjustedByName"":null,""purchaseRate"":160}]",1001018,,
MOXIGRAM KT EYEDROP 5ML,1001022,moxigram kt eyedrop 5ml,1,1,2026-07-17T10:04:10.578Z,1,"[{""batchNumber"":""MOKS0010 DC AGENCIES "",""isManualAdjustment"":false,""expiryDate"":""2026-12-31T18:30:00.000Z"",""quantity"":1,""purchaseBillId"":""6ay79HpxBVdyHOQ5EL0S"",""adjustmentReason"":null,""purchaseRate"":99.29,""mrp"":139,""adjustedByName"":null,""purchaseDate"":""2026-07-14T06:31:27.837Z""}]",1001022,,
NUROKIND GOLD 10,,nurokind gold 10,1,,,,,1001028,,
THREPTIN BARS 275GM,1001032,threptin bars 275gm,1,1,2026-07-19T15:49:17.256Z,1,"[{""adjustedByName"":null,""mrp"":453.5,""purchaseRate"":345.52,""isManualAdjustment"":false,""expiryDate"":""2027-04-29T18:30:00.000Z"",""batchNumber"":""DC"",""quantity"":1,""purchaseDate"":""2026-07-16T14:35:03.825Z"",""adjustmentReason"":null,""purchaseBillId"":""741nuHnyq2HPzUHwPany""}]",1001032,,
THYRONORM 25 120,1001037,thyronorm 25 120,10,0,2026-07-21T17:28:01.471Z,0,[],1001037,,
THYRONORM 50 120,1001038,thyronorm 50 120,10,1,2026-07-21T17:28:12.661Z,1,"[{""adjustedByName"":null,""mrp"":132.87,""purchaseRate"":101.23,""expiryDate"":""2028-04-27T18:30:00.000Z"",""isManualAdjustment"":false,""batchNumber"":""MEDIBASKET "",""quantity"":1,""purchaseDate"":""2026-07-18T07:33:44.306Z"",""adjustmentReason"":null,""purchaseBillId"":""MLZKoBJjUBLJggKAF22A""}]",1001038,,
THYRONORM 100 120,1001039,thyronorm 100 120,10,1,2026-07-21T17:28:12.820Z,1,"[{""adjustmentReason"":null,""purchaseBillId"":""MLZKoBJjUBLJggKAF22A"",""quantity"":1,""batchNumber"":""MEDIHUB "",""purchaseDate"":""2026-07-18T07:33:44.306Z"",""expiryDate"":""2028-04-27T18:30:00.000Z"",""isManualAdjustment"":false,""purchaseRate"":129.46,""adjustedByName"":null,""mrp"":170}]",1001039,,
THYRONORM 75 120,1001040,thyronorm 75 120,10,1,2026-07-21T17:28:12.662Z,1,"[{""adjustmentReason"":null,""purchaseBillId"":""MLZKoBJjUBLJggKAF22A"",""quantity"":1,""batchNumber"":""ANILA "",""purchaseDate"":""2026-07-18T07:33:44.306Z"",""expiryDate"":""2028-02-27T18:30:00.000Z"",""isManualAdjustment"":false,""purchaseRate"":140.17,""mrp"":183.97,""adjustedByName"":null}]",1001040,,
FLEXON SYRUP 100ML,1001042,flexon syrup 100ml,1,1,2026-07-19T12:27:31.616Z,1,"[{""purchaseBillId"":""iWGAUP8RNvmP0LcHYz2w"",""adjustmentReason"":null,""purchaseDate"":""2026-07-16T15:54:16.728Z"",""quantity"":1,""batchNumber"":""MEDIBASKET"",""expiryDate"":""2027-07-16T16:04:47.223Z"",""isManualAdjustment"":false,""purchaseRate"":48.22,""mrp"":63,""adjustedByName"":null}]",1001042,,
TAZLOC-AM,,tazloc-am,1,,,,,1001046,,
ARISTROZMYE 200ML,1001054,aristrozmye 200ml,1,2,2026-07-17T10:04:06.323Z,2,"[{""expiryDate"":""2027-02-27T18:30:00.000Z"",""purchaseBillId"":""6ay79HpxBVdyHOQ5EL0S"",""mrp"":162,""purchaseRate"":115.71,""adjustedByName"":null,""adjustmentReason"":null,""quantity"":2,""isManualAdjustment"":false,""batchNumber"":""DPJ251185"",""purchaseDate"":""2026-07-14T06:31:27.837Z""}]",1001054,,
KUFFWAY Q TABLET 10,,kuffway q tablet 10,1,,,,,1001056,,
BRUFEN 400MG 15,,brufen 400mg 15,1,,,,,1001065,,
DUREX EXTRA THIN CONDOM 3,,durex extra thin condom 3,1,4,2026-07-21T05:21:14.994Z,4,"[{""purchaseBillId"":""hRBAIRVH8K5pGUwLPR08"",""adjustmentReason"":null,""purchaseDate"":""2026-07-18T18:30:00.000Z"",""batchNumber"":""?"",""quantity"":4,""expiryDate"":""2029-04-27T18:30:00.000Z"",""isManualAdjustment"":false,""purchaseRate"":82.5,""adjustedByName"":null,""mrp"":99}]",1001075,,
SARIDON 10,,saridon 10,1,,,,,1001082,,
O2 TABLET,,o2 tablet,1,,,,,1001098,,
SIGNOFLAM TH-8,,signoflam th-8,1,,,,,1001105,,
LEVOZET,,levozet,1,50,2026-07-22T11:14:22.289Z,50,"[{""purchaseDate"":""2026-07-21T13:09:59.408Z"",""isManualAdjustment"":false,""expiryDate"":""2028-11-27T18:30:00.000Z"",""purchaseBillId"":""x7gQ1sPaC4imakdKE15v"",""quantity"":50,""purchaseRate"":3.05,""batchNumber"":""DIVFORD  HEALTHCRAE"",""adjustedByName"":null,""mrp"":51.1,""adjustmentReason"":null}]",1001110,,
BLACK MASK 100,1001120,black mask 100,10,43,2026-07-21T12:45:23.891Z,43,"[{""purchaseDate"":""2026-07-20T11:44:41.155Z"",""quantity"":43,""batchNumber"":"""",""purchaseBillId"":""DpRyosVyLI5rlWmgtOFb"",""adjustmentReason"":null,""purchaseRate"":0.9,""adjustedByName"":null,""mrp"":10,""expiryDate"":""2027-07-27T18:30:00.000Z"",""isManualAdjustment"":false}]",1001120,,
MANFORCE CONDOM 50 1*3,1001123,manforce condom 50 1*3,10,1,2026-07-21T17:28:12.968Z,1,"[{""quantity"":1,""batchNumber"":""TRISHUL"",""purchaseDate"":""2026-07-18T07:33:44.306Z"",""adjustmentReason"":null,""purchaseBillId"":""MLZKoBJjUBLJggKAF22A"",""purchaseRate"":40,""adjustedByName"":null,""mrp"":50,""isManualAdjustment"":false,""expiryDate"":""2030-07-27T18:30:00.000Z""}]",1001123,,
MANFORCE STAYLONG GEL 1GM,1001124,manforce staylong gel 1gm,10,10,2026-07-21T17:28:13.267Z,10,"[{""mrp"":23,""adjustedByName"":null,""purchaseRate"":17.58,""expiryDate"":""2027-10-27T18:30:00.000Z"",""isManualAdjustment"":false,""purchaseDate"":""2026-07-18T07:33:44.306Z"",""batchNumber"":""TRISHUL"",""quantity"":10,""purchaseBillId"":""MLZKoBJjUBLJggKAF22A"",""adjustmentReason"":null}]",1001124,,
CYPON SYRUP 200ML,1001125,cypon syrup 200ml,1,1,2026-07-17T10:04:06.134Z,1,"[{""adjustedByName"":null,""quantity"":1,""adjustmentReason"":null,""isManualAdjustment"":false,""purchaseBillId"":""6ay79HpxBVdyHOQ5EL0S"",""expiryDate"":""2028-11-29T18:30:00.000Z"",""purchaseRate"":106.43,""mrp"":140,""batchNumber"":""EC045120 (MEDIBASKET)"",""purchaseDate"":""2026-07-14T06:31:27.837Z""}]",1001125,,
STREPSILS 1*8,,strepsils 1*8,1,,,,,1001131,,
PREVENT-N,,prevent-n,1,,,,,1001136,,
ORASORE GEL 12GM,1001143,orasore gel 12gm,1,1,2026-07-22T11:14:19.156Z,1,"[{""purchaseBillId"":""VNM2zTVGrJ4ZaMslUtMG"",""purchaseRate"":35.24,""quantity"":1,""adjustedByName"":null,""batchNumber"":""DIV"",""mrp"":80,""adjustmentReason"":null,""purchaseDate"":""2026-07-18T06:19:24.778Z"",""isManualAdjustment"":false,""expiryDate"":""2027-12-27T18:30:00.000Z""}]",1001143,,
ORASORE MOUTH ULCER TAB 10,,orasore mouth ulcer tab 10,1,,,,,1001144,,
VIGORA 50MG,,vigora 50mg,1,84,2026-07-22T14:29:02.805Z,84,"[{""purchaseDate"":""2026-07-22T14:03:03.157Z"",""isManualAdjustment"":false,""expiryDate"":""2027-07-27T18:30:00.000Z"",""purchaseRate"":2.5,""quantity"":84,""purchaseBillId"":""7GYLboh1MB0fGMIWHdhW"",""batchNumber"":"""",""adjustedByName"":null,""mrp"":20,""adjustmentReason"":null}]",1001145,,
VIGORA 100MG,,vigora 100mg,1,4,2026-07-22T14:29:02.806Z,4,"[{""mrp"":30,""adjustmentReason"":null,""adjustedByName"":null,""batchNumber"":"""",""quantity"":4,""purchaseRate"":4,""purchaseBillId"":""7GYLboh1MB0fGMIWHdhW"",""expiryDate"":""2027-07-27T18:30:00.000Z"",""purchaseDate"":""2026-07-22T14:03:03.157Z"",""isManualAdjustment"":false}]",1001146,,
ALMEFKEM SPAS 10,,almefkem spas 10,1,,,,,1001148,,
DYCLOPAR,,dyclopar,1,,,,,1001150,,
GASTICA DROP 15ML,1001156,gastica drop 15ml,1,2,2026-07-19T12:27:31.542Z,2,"[{""expiryDate"":""2027-07-15T18:30:00.000Z"",""isManualAdjustment"":false,""purchaseRate"":48.56,""adjustedByName"":null,""mrp"":63.8,""purchaseBillId"":""iWGAUP8RNvmP0LcHYz2w"",""adjustmentReason"":null,""purchaseDate"":""2026-07-16T15:54:16.728Z"",""quantity"":2,""batchNumber"":""MEDIBASKET""}]",1001156,,
OTRIVIN PEDIATRIC 10ML,1001158,otrivin pediatric 10ml,1,2,2026-07-19T16:51:49.611Z,2,"[{""purchaseDate"":""2026-07-16T11:46:43.781Z"",""batchNumber"":""VN SUPPLIES"",""quantity"":1,""purchaseBillId"":""Wb0URARJjcauzq4XREMe"",""adjustmentReason"":null,""mrp"":83.44,""adjustedByName"":null,""purchaseRate"":56.22,""expiryDate"":""2027-10-30T18:30:00.000Z"",""isManualAdjustment"":false},{""adjustedByName"":null,""mrp"":47,""purchaseRate"":34.91,""isManualAdjustment"":false,""expiryDate"":""2028-01-30T18:30:00.000Z"",""purchaseDate"":""2026-07-16T11:46:43.781Z"",""quantity"":1,""batchNumber"":""VN SUPPLIES"",""purchaseBillId"":""Wb0URARJjcauzq4XREMe"",""adjustmentReason"":null}]",1001158,,
ZINCOVIT SYRUP 200ML,1001163,zincovit syrup 200ml,1,2,2026-07-17T10:04:06.590Z,2,"[{""purchaseBillId"":""6ay79HpxBVdyHOQ5EL0S"",""purchaseRate"":122.03,""adjustmentReason"":null,""quantity"":2,""adjustedByName"":null,""purchaseDate"":""2026-07-14T06:31:27.837Z"",""mrp"":160,""isManualAdjustment"":false,""batchNumber"":""ZVS26006 MEDI BASKET "",""expiryDate"":""2027-07-16T04:21:03.983Z""}]",1001163,,
CLINISOL SOAP 75GM,1001167,clinisol soap 75gm,10,2,2026-07-21T17:21:37.186Z,2,"[{""purchaseDate"":""2026-07-18T06:19:24.778Z"",""quantity"":2,""batchNumber"":""DIV"",""purchaseBillId"":""VNM2zTVGrJ4ZaMslUtMG"",""adjustmentReason"":null,""purchaseRate"":26.5,""mrp"":75,""adjustedByName"":null,""isManualAdjustment"":false,""expiryDate"":""2028-02-27T18:30:00.000Z""}]",1001167,,
XTPARA,,xtpara,1,,,,,1001175,,
ALTRADAY 10,,altraday 10,1,,,,,1001184,,
GABABRAIN NT 400,,gababrain nt 400,1,,,,,1001186,,
ETOXIPAD 90,,etoxipad 90,1,,,,,1001188,,
NEUDULOX 20 10,,neudulox 20 10,1,,,,,1001189,,
THYROX 25 120,1001191,thyrox 25 120,10,1,2026-07-21T17:28:12.659Z,1,"[{""adjustmentReason"":null,""purchaseBillId"":""MLZKoBJjUBLJggKAF22A"",""quantity"":1,""batchNumber"":""MEDIHUB"",""purchaseDate"":""2026-07-18T07:33:44.306Z"",""isManualAdjustment"":false,""expiryDate"":""2027-07-27T18:30:00.000Z"",""adjustedByName"":null,""mrp"":185.4,""purchaseRate"":141.26}]",1001191,,
DIOVOL LA SYRUP 170ML,1001193,diovol la syrup 170ml,1,1,2026-07-17T10:04:07.609Z,1,"[{""mrp"":191,""purchaseDate"":""2026-07-14T06:31:27.837Z"",""adjustedByName"":null,""quantity"":1,""adjustmentReason"":null,""purchaseRate"":136.43,""purchaseBillId"":""6ay79HpxBVdyHOQ5EL0S"",""expiryDate"":""2028-11-30T18:30:00.000Z"",""batchNumber"":""CK PHARMA "",""isManualAdjustment"":false}]",1001193,,
DIOVOL MANGO SYRUP 200ML,1001195,diovol mango syrup 200ml,1,1,2026-07-17T10:04:07.676Z,1,"[{""batchNumber"":""DC AGENCIES "",""isManualAdjustment"":false,""expiryDate"":""2027-02-28T18:30:00.000Z"",""quantity"":1,""adjustmentReason"":null,""purchaseBillId"":""6ay79HpxBVdyHOQ5EL0S"",""purchaseRate"":117.87,""mrp"":165.6,""purchaseDate"":""2026-07-14T06:31:27.837Z"",""adjustedByName"":null}]",1001195,,
DUPHALAC 250ML,1001196,duphalac 250ml,1,1,2026-07-17T10:04:07.462Z,1,"[{""mrp"":328,""adjustedByName"":null,""purchaseDate"":""2026-07-14T06:31:27.837Z"",""quantity"":1,""purchaseRate"":250,""adjustmentReason"":null,""purchaseBillId"":""6ay79HpxBVdyHOQ5EL0S"",""expiryDate"":""2027-11-30T18:30:00.000Z"",""batchNumber"":""MEDIHUB"",""isManualAdjustment"":false}]",1001196,,
RAPILIF D 8/0.5,,rapilif d 8/0.5,1,,,,,1001198,,
FOLTOP 5,,foltop 5,1,,,,,1001200,,
VOAGE MS 1000,,voage ms 1000,1,,,,,1001202,,
COBARISE Q10,,cobarise q10,1,,,,,1001204,,
MONTAS FX 10,,montas fx 10,1,,,,,1001207,,
CALCIQUICK- D3 60K,,calciquick- d3 60k,1,,,,,1001209,,
KETOFORD DT,,ketoford dt,1,130,2026-07-19T16:51:31.267Z,130,"[{""expiryDate"":""2027-12-27T18:30:00.000Z"",""isManualAdjustment"":false,""mrp"":56.25,""adjustedByName"":null,""purchaseRate"":13.5,""adjustmentReason"":null,""purchaseBillId"":""Wb0URARJjcauzq4XREMe"",""quantity"":130,""batchNumber"":""DIV"",""purchaseDate"":""2026-07-16T11:46:43.781Z""}]",1001211,,
MONTEL LC 15,,montel lc 15,1,,,,,1001215,,
NICIP PLUS 10,,nicip plus 10,1,,,,,1001217,,
AMOXYCLAV 625 10,,amoxyclav 625 10,1,,,,,1001219,,
CALCIQUICK D3 ORAL SOLUTION 4,,calciquick d3 oral solution 4,1,,,,,1001220,,
DUREX EXTRA DOTS 3,1001230,durex extra dots 3,10,4,2026-07-21T05:21:15.076Z,4,"[{""isManualAdjustment"":false,""expiryDate"":""2029-04-27T18:30:00.000Z"",""purchaseRate"":82.5,""adjustedByName"":null,""mrp"":99,""purchaseBillId"":""hRBAIRVH8K5pGUwLPR08"",""adjustmentReason"":null,""purchaseDate"":""2026-07-18T18:30:00.000Z"",""quantity"":4,""batchNumber"":""?""}]",1001230,,
DUREX EXTRA TIME 3,1001232,durex extra time 3,10,6,2026-07-21T05:21:15.075Z,6,"[{""isManualAdjustment"":false,""expiryDate"":""2029-04-27T18:30:00.000Z"",""adjustedByName"":null,""mrp"":99,""purchaseRate"":82.5,""purchaseBillId"":""hRBAIRVH8K5pGUwLPR08"",""adjustmentReason"":null,""purchaseDate"":""2026-07-18T18:30:00.000Z"",""quantity"":6,""batchNumber"":""?""}]",1001232,,
TETANUS AMP 0.5ML,1001236,tetanus amp 0.5ml,10,45,2026-07-21T15:59:08.182Z,45,"[{""purchaseRate"":10,""mrp"":13.32,""adjustedByName"":null,""isManualAdjustment"":false,""expiryDate"":""2027-07-27T18:30:00.000Z"",""purchaseDate"":""2026-07-21T15:14:34.744Z"",""quantity"":45,""batchNumber"":""CK PHARMA "",""purchaseBillId"":""Jgat3IieqMJG7Pua1kp5"",""adjustmentReason"":null}]",1001236,,
SUPERMET XL 25,,supermet xl 25,1,,,,,1001237,,
SUPERMET XL 50,,supermet xl 50,1,,,,,1001238,,
SELOKEN XL 25,,seloken xl 25,1,,,,,1001240,,
OROFER XT 15,,orofer xt 15,1,,,,,1001244,,
MEGALIS 20 4,,megalis 20 4,1,4,2026-07-22T14:29:02.804Z,4,"[{""purchaseBillId"":""7GYLboh1MB0fGMIWHdhW"",""purchaseRate"":92.9,""quantity"":4,""batchNumber"":"""",""adjustedByName"":null,""mrp"":121.75,""adjustmentReason"":null,""purchaseDate"":""2026-07-22T14:03:03.157Z"",""isManualAdjustment"":false,""expiryDate"":""2029-11-27T18:30:00.000Z""}]",1001245,,
ROSEDAY 5,,roseday 5,1,,,,,1001248,,
BRO ZEDEX SF SYRUP 100ML,1001253,bro zedex sf syrup 100ml,1,1,2026-07-17T10:04:09.506Z,1,"[{""batchNumber"":""D24044 DC AGENCIES "",""isManualAdjustment"":false,""expiryDate"":""2027-03-31T18:30:00.000Z"",""quantity"":1,""purchaseBillId"":""6ay79HpxBVdyHOQ5EL0S"",""adjustmentReason"":null,""purchaseRate"":130.01,""mrp"":182,""adjustedByName"":null,""purchaseDate"":""2026-07-14T06:31:27.837Z""}]",1001253,,
PANTOP DSR,,pantop dsr,1,,,,,1001255,,
ODONIL ROOM SPRAY 220ML,1001264,odonil room spray 220ml,10,1,2026-07-19T16:51:29.485Z,1,"[{""expiryDate"":""2027-07-27T18:30:00.000Z"",""isManualAdjustment"":false,""adjustedByName"":null,""mrp"":169,""purchaseRate"":101,""adjustmentReason"":null,""purchaseBillId"":""Wb0URARJjcauzq4XREMe"",""batchNumber"":""GUPTA CO"",""quantity"":1,""purchaseDate"":""2026-07-16T11:46:43.781Z""}]",1001264,,
CHOICE TABLET 30*3,,choice tablet 30*3,1,,,,,1001268,,
DUPHALAC SYRUP 150ML,1001273,duphalac syrup 150ml,1,1,2026-07-17T10:04:07.541Z,1,"[{""batchNumber"":""MEDIHUB "",""isManualAdjustment"":false,""expiryDate"":""2026-11-30T18:30:00.000Z"",""quantity"":1,""purchaseBillId"":""6ay79HpxBVdyHOQ5EL0S"",""purchaseRate"":147.6,""adjustmentReason"":null,""mrp"":196.87,""adjustedByName"":null,""purchaseDate"":""2026-07-14T06:31:27.837Z""}]",1001273,,
ATARAX 10MG 15,,atarax 10mg 15,1,,,,,1001278,,
ZEMPRED 4,,zempred 4,1,,,,,1001286,,
ZEMPRED 8MG,,zempred 8mg,1,,,,,1001288,,
SUPERMET AM  TAB 10,,supermet am  tab 10,1,,,,,1001290,,
DABUR AMRITARISHTA SYRUP 450 ML,1001292,dabur amritarishta syrup 450 ml,10,2,2026-07-22T06:39:51.765Z,2,"[{""adjustedByName"":null,""batchNumber"":""SANDESH"",""isManualAdjustment"":false,""quantity"":2,""expiryDate"":""2034-05-27T18:30:00.000Z"",""mrp"":205,""purchaseDate"":""2026-07-19T14:37:06.308Z"",""purchaseBillId"":""bhRRAkKAOo0qkLvJKDIR"",""purchaseRate"":133.34,""adjustmentReason"":null}]",1001292,,
VICKS BABY RUB 1OML,1001298,vicks baby rub 1oml,10,2,2026-07-22T05:53:07.915Z,2,"[{""adjustedByName"":null,""batchNumber"":"""",""isManualAdjustment"":false,""quantity"":2,""mrp"":59,""expiryDate"":""2027-07-27T18:30:00.000Z"",""purchaseDate"":""2026-07-21T06:31:03.547Z"",""purchaseRate"":46.89,""adjustmentReason"":null,""purchaseBillId"":""6avEgRRYxJgFAOuxhlU4""}]",1001298,,
WHISPER CHOICE XL 20 20,1001304,whisper choice xl 20 20,10,2,2026-07-19T10:13:19.709Z,2,"[{""expiryDate"":""2027-07-27T18:30:00.000Z"",""isManualAdjustment"":false,""mrp"":160,""adjustedByName"":null,""purchaseRate"":144.14,""purchaseBillId"":""xiMCJHYWelCBQ90mlTTr"",""adjustmentReason"":null,""purchaseDate"":""2026-07-18T16:34:09.706Z"",""quantity"":2,""batchNumber"":""""}]",1001304,,
MANFORCE CONDOM 30 3,1001314,manforce condom 30 3,10,5,2026-07-21T17:28:12.967Z,5,"[{""adjustmentReason"":null,""purchaseBillId"":""MLZKoBJjUBLJggKAF22A"",""batchNumber"":""TRISHUL"",""quantity"":5,""purchaseDate"":""2026-07-18T07:33:44.306Z"",""expiryDate"":""2028-08-27T18:30:00.000Z"",""isManualAdjustment"":false,""adjustedByName"":null,""mrp"":30,""purchaseRate"":24}]",1001314,,
OMEE 20MG,,omee 20mg,1,,,,,1001326,,
VOMISTOP TAB 10,,vomistop tab 10,1,,,,,1001329,,
AVIL 25 TAB 15,,avil 25 tab 15,1,6,2026-07-23T07:07:01.940Z,6,"[{""expiryDate"":""2028-11-27T18:30:00.000Z"",""purchaseDate"":""2026-07-23T05:29:17.079Z"",""isManualAdjustment"":false,""mrp"":14,""adjustmentReason"":null,""batchNumber"":""ANILA"",""adjustedByName"":null,""quantity"":6,""purchaseBillId"":""5XVz1nNKP2AiiFa1Q1iH"",""purchaseRate"":10.4}]",1001334,,
GLIMY 1 15TAB 15,,glimy 1 15tab 15,1,,,,,1001335,,
DOMESTAL 10MG,,domestal 10mg,1,,,,,1001336,,
SAUNDRYA FACEWASH 60GM,1001342,saundrya facewash 60gm,1,6,2026-07-18T05:24:03.292Z,6,"[{""expiryDate"":""2028-07-27T18:30:00.000Z"",""batchNumber"":"""",""isManualAdjustment"":false,""mrp"":70,""adjustedByName"":null,""purchaseDate"":""2026-07-14T18:30:00.000Z"",""quantity"":6,""adjustmentReason"":null,""purchaseBillId"":""VeybXLCYY5P4zaQJq2Yg"",""purchaseRate"":51.676}]",1001342,,
IODEX 16GM 16GM,1001354,iodex 16gm 16gm,10,1,2026-07-19T15:49:17.500Z,1,"[{""isManualAdjustment"":false,""expiryDate"":""2028-07-27T18:30:00.000Z"",""purchaseRate"":78.67,""mrp"":95,""adjustedByName"":null,""purchaseBillId"":""741nuHnyq2HPzUHwPany"",""adjustmentReason"":null,""purchaseDate"":""2026-07-16T14:35:03.825Z"",""batchNumber"":""VN SUPPLIES"",""quantity"":1}]",1001354,,
AMLODAC 10MG 30,,amlodac 10mg 30,1,,,,,1001358,,
PILEX TABLET 1,,pilex tablet 1,1,60,2026-07-19T15:49:17.900Z,60,"[{""mrp"":215.63,""adjustedByName"":null,""purchaseRate"":164.3,""isManualAdjustment"":false,""expiryDate"":""2027-12-27T18:30:00.000Z"",""purchaseDate"":""2026-07-16T14:35:03.825Z"",""quantity"":60,""batchNumber"":""VISION"",""purchaseBillId"":""741nuHnyq2HPzUHwPany"",""adjustmentReason"":null}]",1001362,,
ZERODOL SPAS,,zerodol spas,1,,,,,1001364,,
DROTIN M,,drotin m,1,,,,,1001365,,
DROTIN TABLET 15,,drotin tablet 15,1,,,,,1001366,,
TELMA 80,,telma 80,1,,,,,1001385,,
D 5% SALINE 500ML,1001387,d 5% saline 500ml,10,12,2026-07-21T12:45:23.722Z,12,"[{""purchaseBillId"":""DpRyosVyLI5rlWmgtOFb"",""adjustmentReason"":null,""purchaseDate"":""2026-07-20T11:44:41.155Z"",""quantity"":12,""batchNumber"":""SSD PHARMA "",""isManualAdjustment"":false,""expiryDate"":""2027-07-27T18:30:00.000Z"",""purchaseRate"":15,""adjustedByName"":null,""mrp"":42.53}]",1001387,,
DNS 0.9 & 5% 500ML,1001388,dns 0.9 & 5% 500ml,10,3,2026-07-21T12:45:23.807Z,3,"[{""batchNumber"":""SSD PHARMA "",""quantity"":3,""purchaseDate"":""2026-07-20T11:44:41.155Z"",""adjustmentReason"":null,""purchaseBillId"":""DpRyosVyLI5rlWmgtOFb"",""purchaseRate"":15,""mrp"":42.82,""adjustedByName"":null,""isManualAdjustment"":false,""expiryDate"":""2027-07-27T18:30:00.000Z""}]",1001388,,
RL SALINE 500ML,1001389,rl saline 500ml,10,10,2026-07-21T12:45:23.722Z,10,"[{""isManualAdjustment"":false,""expiryDate"":""2027-07-27T18:30:00.000Z"",""purchaseRate"":27.38,""mrp"":63.27,""adjustedByName"":null,""purchaseBillId"":""DpRyosVyLI5rlWmgtOFb"",""adjustmentReason"":null,""purchaseDate"":""2026-07-20T11:44:41.155Z"",""quantity"":10,""batchNumber"":""DIVFORD HEALTHCARE""}]",1001389,,
NS SALINE 500ML,1001390,ns saline 500ml,10,4,2026-07-21T12:45:23.723Z,4,"[{""purchaseDate"":""2026-07-20T11:44:41.155Z"",""quantity"":4,""batchNumber"":""SSD PHARMA "",""purchaseBillId"":""DpRyosVyLI5rlWmgtOFb"",""adjustmentReason"":null,""mrp"":39.04,""adjustedByName"":null,""purchaseRate"":14.29,""isManualAdjustment"":false,""expiryDate"":""2027-07-27T18:30:00.000Z""}]",1001390,,
BD UITRA FINE PEN NEEDLES 5,1001397,bd uitra fine pen needles 5,10,1,2026-07-21T12:45:23.458Z,1,"[{""mrp"":108,""adjustedByName"":null,""purchaseRate"":80,""expiryDate"":""2027-07-27T18:30:00.000Z"",""isManualAdjustment"":false,""purchaseDate"":""2026-07-20T11:44:41.155Z"",""quantity"":1,""batchNumber"":""SSD PHARMA "",""purchaseBillId"":""DpRyosVyLI5rlWmgtOFb"",""adjustmentReason"":null}]",1001397,,
BD NEEDLE INSULIN SRINGES 10,1001398,bd needle insulin sringes 10,1,1,2026-07-21T17:21:37.104Z,1,"[{""isManualAdjustment"":false,""expiryDate"":""2030-04-27T18:30:00.000Z"",""purchaseRate"":90,""adjustedByName"":null,""mrp"":113,""adjustmentReason"":null,""purchaseBillId"":""VNM2zTVGrJ4ZaMslUtMG"",""batchNumber"":""DIV"",""quantity"":1,""purchaseDate"":""2026-07-18T06:19:24.778Z""}]",1001398,,
DRISTHTI EYE DROP 10ML,,dristhti eye drop 10ml,1,,,,,1001400,,
FUCIDIN CREAM 15GM,,fucidin cream 15gm,1,,,,,1001407,,
GRILINCTUS DX SYRUP 100ML,1001410,grilinctus dx syrup 100ml,1,1,2026-07-17T10:04:08.241Z,1,"[{""adjustedByName"":null,""purchaseDate"":""2026-07-14T06:31:27.837Z"",""mrp"":156.7,""adjustmentReason"":null,""purchaseBillId"":""6ay79HpxBVdyHOQ5EL0S"",""purchaseRate"":119.39,""quantity"":1,""expiryDate"":""2027-11-30T18:30:00.000Z"",""isManualAdjustment"":false,""batchNumber"":""MEDIBASKET ""}]",1001410,,
INUDAP M/500,,inudap m/500,1,,,,,1001412,,
XYKAA,,xykaa,1,,,,,1001418,,
COTQ 10,,cotq 10,1,,,,,1001422,,
CTD-T 12.5/80,,ctd-t 12.5/80,1,,,,,1001426,,
HIMALAYA ANTIHAIR FALL OIL 100ML,1001438,himalaya antihair fall oil 100ml,10,1,2026-07-21T12:45:24.078Z,1,"[{""isManualAdjustment"":false,""expiryDate"":""2026-12-27T18:30:00.000Z"",""purchaseRate"":136.4,""mrp"":150,""adjustedByName"":null,""adjustmentReason"":null,""purchaseBillId"":""DpRyosVyLI5rlWmgtOFb"",""quantity"":1,""batchNumber"":""EKTA COSMETICS"",""purchaseDate"":""2026-07-20T11:44:41.155Z""}]",1001438,,
PANTOSEC DSR,,pantosec dsr,1,,,,,1001442,,
DYTOR 10,,dytor 10,1,,,,,1001449,,
AMINOFIT 15,,aminofit 15,1,,,,,1001453,,
FLOCARE HAIR SERUM 50ML,1001455,flocare hair serum 50ml,10,1,2026-07-21T12:45:24.173Z,1,"[{""purchaseBillId"":""DpRyosVyLI5rlWmgtOFb"",""adjustmentReason"":null,""purchaseDate"":""2026-07-20T11:44:41.155Z"",""batchNumber"":""MEDIBASKET "",""quantity"":1,""expiryDate"":""2027-09-27T18:30:00.000Z"",""isManualAdjustment"":false,""mrp"":160,""adjustedByName"":null,""purchaseRate"":100}]",1001455,,
GEMER 2,,gemer 2,1,,,,,1001458,,
BILADEX 20MG,,biladex 20mg,1,,,,,1001460,,
GLUXIT TRIO 10/100/1000,,gluxit trio 10/100/1000,1,,,,,1001466,,
ETROBAX 60,,etrobax 60,1,,,,,1001467,,
ETIZOLA 0.5 15,,etizola 0.5 15,1,,,,,1001469,,
ALLEGRA 180 MG 10,,allegra 180 mg 10,1,,,,,1001477,,
FEBREX PLUS,,febrex plus,1,,,,,1001478,,
HEADSET  TABLET 2,,headset  tablet 2,1,,,,,1001479,,
SUMOCOLD TABLET 10,,sumocold tablet 10,1,,,,,1001482,,
VANTEJ PASTE 50GM,1001484,vantej paste 50gm,10,2,2026-07-19T10:13:23.580Z,2,"[{""adjustmentReason"":null,""purchaseBillId"":""xiMCJHYWelCBQ90mlTTr"",""batchNumber"":""MEDIBASKET"",""quantity"":2,""purchaseDate"":""2026-07-18T16:34:09.706Z"",""expiryDate"":""2027-09-27T18:30:00.000Z"",""isManualAdjustment"":false,""mrp"":200,""adjustedByName"":null,""purchaseRate"":152.38}]",1001484,,
CEFTUM 500 TABLET 10,,ceftum 500 tablet 10,1,,,,,1001486,,
LIV 52 SYRUP 200ML,1001489,liv 52 syrup 200ml,10,1,2026-07-19T15:49:18.755Z,1,"[{""isManualAdjustment"":false,""expiryDate"":""2027-01-27T18:30:00.000Z"",""purchaseRate"":271.24,""adjustedByName"":null,""mrp"":380,""purchaseBillId"":""741nuHnyq2HPzUHwPany"",""adjustmentReason"":null,""purchaseDate"":""2026-07-16T14:35:03.825Z"",""quantity"":1,""batchNumber"":""MEDIBASKET""}]",1001489,,
LOMOTIL 20,,lomotil 20,1,,,,,1001491,,
LOMOFEN PLUS TABLET 20,,lomofen plus tablet 20,1,140,2026-07-22T11:50:21.770Z,140,"[{""mrp"":51.68,""adjustmentReason"":null,""batchNumber"":"""",""adjustedByName"":null,""quantity"":140,""purchaseBillId"":""PENDING_BATCH"",""purchaseRate"":36.92,""expiryDate"":""2027-07-27T18:30:00.000Z"",""purchaseDate"":""2026-07-22T11:40:57.019Z"",""isManualAdjustment"":false}]",1001493,,
SOFY PAD XL 6,1001499,sofy pad xl 6,10,4,2026-07-19T10:13:19.773Z,4,"[{""purchaseBillId"":""xiMCJHYWelCBQ90mlTTr"",""adjustmentReason"":null,""purchaseDate"":""2026-07-18T16:34:09.706Z"",""quantity"":4,""batchNumber"":"""",""expiryDate"":""2027-07-27T18:30:00.000Z"",""isManualAdjustment"":false,""mrp"":45,""adjustedByName"":null,""purchaseRate"":37.5}]",1001499,,
LOMOLEN TABLET 10,,lomolen tablet 10,1,160,2026-07-22T11:14:22.373Z,160,"[{""quantity"":160,""purchaseBillId"":""x7gQ1sPaC4imakdKE15v"",""purchaseRate"":0.95,""adjustmentReason"":null,""mrp"":23,""adjustedByName"":null,""batchNumber"":""DIVFORD  HEALTHCRAE"",""expiryDate"":""2027-12-27T18:30:00.000Z"",""isManualAdjustment"":false,""purchaseDate"":""2026-07-21T13:09:59.408Z""}]",1001501,,
AZICIP 500MG,,azicip 500mg,1,,,,,1001503,,
VASOGRAIN,,vasograin,1,,,,,1001504,,
NAXDOM 500 MG 1*15,,naxdom 500 mg 1*15,1,,,,,1001506,,
NAXDOM 250MG 15,,naxdom 250mg 15,1,,,,,1001508,,
KLM KLIN FACE WASH 100ML,1001510,klm klin face wash 100ml,10,1,2026-07-21T12:45:24.077Z,1,"[{""isManualAdjustment"":false,""expiryDate"":""2027-03-27T18:30:00.000Z"",""mrp"":320,""adjustedByName"":null,""purchaseRate"":216.99,""purchaseBillId"":""DpRyosVyLI5rlWmgtOFb"",""adjustmentReason"":null,""purchaseDate"":""2026-07-20T11:44:41.155Z"",""batchNumber"":""MEDIBASKET "",""quantity"":1}]",1001510,,
VOZAN 10,,vozan 10,1,,,,,1001512,,
VOZAN 20,,vozan 20,1,,,,,1001513,,
BENADRYL SYRUP 150ML,,benadryl syrup 150ml,1,4,2026-07-19T12:27:57.720Z,4,"[{""adjustedByName"":null,""mrp"":159,""purchaseRate"":125.15,""expiryDate"":""2027-11-30T18:30:00.000Z"",""isManualAdjustment"":false,""purchaseDate"":""2026-07-14T06:31:27.837Z"",""quantity"":1,""batchNumber"":""KRYSTAL IMPEX "",""purchaseBillId"":""6ay79HpxBVdyHOQ5EL0S"",""adjustmentReason"":null},{""expiryDate"":""2027-12-27T18:30:00.000Z"",""isManualAdjustment"":false,""adjustedByName"":null,""mrp"":159,""purchaseRate"":125.15,""purchaseBillId"":""iWGAUP8RNvmP0LcHYz2w"",""adjustmentReason"":null,""purchaseDate"":""2026-07-16T15:54:16.728Z"",""batchNumber"":""NKF26014"",""quantity"":2},{""purchaseDate"":""2026-07-16T15:54:16.728Z"",""batchNumber"":""NKF26025"",""quantity"":1,""purchaseBillId"":""iWGAUP8RNvmP0LcHYz2w"",""adjustmentReason"":null,""mrp"":159,""adjustedByName"":null,""purchaseRate"":125.15,""isManualAdjustment"":false,""expiryDate"":""2028-01-27T18:30:00.000Z""}]",1001515,,
REVITAL H CAP BOTTLE 30,1001516,revital h cap bottle 30,1,3,2026-07-23T07:11:41.648Z,3,"[{""purchaseBillId"":""sIBrxawP5tddMZN0yUmB"",""purchaseRate"":223.24,""quantity"":3,""adjustmentReason"":null,""mrp"":293,""batchNumber"":""MEDIBASKET "",""adjustedByName"":null,""expiryDate"":""2027-09-27T18:30:00.000Z"",""isManualAdjustment"":false,""purchaseDate"":""2026-07-17T15:06:47.110Z""}]",1001516,,
REVITAL H WOMEN BOTTLE 30,1001517,revital h women bottle 30,1,6,2026-07-23T07:11:41.648Z,6,"[{""expiryDate"":""2027-04-27T18:30:00.000Z"",""isManualAdjustment"":false,""purchaseDate"":""2026-07-17T15:06:47.110Z"",""purchaseBillId"":""sIBrxawP5tddMZN0yUmB"",""quantity"":6,""purchaseRate"":270.48,""adjustmentReason"":null,""mrp"":355,""adjustedByName"":null,""batchNumber"":""MEDIBASKET ""}]",1001517,,
BOROPLUS CREAM 40ML,1001535,boroplus cream 40ml,10,1,2026-07-21T12:45:24.343Z,1,"[{""mrp"":85,""adjustedByName"":null,""purchaseRate"":80,""isManualAdjustment"":false,""expiryDate"":""2027-07-27T18:30:00.000Z"",""batchNumber"":""?"",""quantity"":1,""purchaseDate"":""2026-07-20T11:44:41.155Z"",""adjustmentReason"":null,""purchaseBillId"":""DpRyosVyLI5rlWmgtOFb""}]",1001535,,
FLUKA 150 1,,fluka 150 1,1,,,,,1001549,,
SPINFREE 15,,spinfree 15,1,,,,,1001552,,
IODEX  40GM,1001555,iodex  40gm,10,1,2026-07-19T15:49:17.501Z,1,"[{""expiryDate"":""2028-07-27T18:30:00.000Z"",""isManualAdjustment"":false,""purchaseRate"":157.35,""adjustedByName"":null,""mrp"":190,""purchaseBillId"":""741nuHnyq2HPzUHwPany"",""adjustmentReason"":null,""purchaseDate"":""2026-07-16T14:35:03.825Z"",""batchNumber"":""VN SUPPLIES"",""quantity"":1}]",1001555,,
MAMY POKO PANTS M SINGLE 1,1001558,mamy poko pants m single 1,10,1,2026-07-19T10:13:19.852Z,1,"[{""expiryDate"":""2027-07-27T18:30:00.000Z"",""isManualAdjustment"":false,""mrp"":12,""adjustedByName"":null,""purchaseRate"":8.43,""purchaseBillId"":""xiMCJHYWelCBQ90mlTTr"",""adjustmentReason"":null,""purchaseDate"":""2026-07-18T16:34:09.706Z"",""quantity"":1,""batchNumber"":""""}]",1001558,,
TEGRITAL CR 200,,tegrital cr 200,1,,,,,1001560,,
SUSTEN 100,,susten 100,1,,,,,1001561,,
OMNIDENT TOOTH PAST 100GM,1001564,omnident tooth past 100gm,1,1,2026-07-21T17:21:37.103Z,1,"[{""adjustmentReason"":null,""purchaseBillId"":""VNM2zTVGrJ4ZaMslUtMG"",""quantity"":1,""batchNumber"":""MEDIBASKET"",""purchaseDate"":""2026-07-18T06:19:24.778Z"",""expiryDate"":""2028-02-27T18:30:00.000Z"",""isManualAdjustment"":false,""mrp"":156,""adjustedByName"":null,""purchaseRate"":118.86}]",1001564,,
DIGENE ORANGE TABLET 15,,digene orange tablet 15,1,,,,,1001567,,
A TO Z GOLD TABLET 15,1001570,a to z gold tablet 15,1,0,2026-07-18T10:02:53.334Z,0,[],1001570,,
PILON 10,,pilon 10,1,,,,,1001572,,
ETIZOLA 0.25,,etizola 0.25,1,,,,,1001576,,
TRYPTOMER 25,,tryptomer 25,1,,,,,1001578,,
TRYPTOMER 10MG,,tryptomer 10mg,1,,,,,1001579,,
METHIMEZ 5MG 30,,methimez 5mg 30,1,,,,,1001581,,
METHIMEZ 10MG 30,,methimez 10mg 30,1,,,,,1001582,,
AZICIP 250MG,,azicip 250mg,1,,,,,1001585,,
ENEMA 100ML,1001591,enema 100ml,10,2,2026-07-21T12:45:23.459Z,2,"[{""expiryDate"":""2027-11-27T18:30:00.000Z"",""isManualAdjustment"":false,""purchaseRate"":14.29,""adjustedByName"":null,""mrp"":94,""purchaseBillId"":""DpRyosVyLI5rlWmgtOFb"",""adjustmentReason"":null,""purchaseDate"":""2026-07-20T11:44:41.155Z"",""quantity"":2,""batchNumber"":""DIVFORD HEALTHCARE""}]",1001591,,
HAJMOLA BOTTLE 50TAB,,hajmola bottle 50tab,1,,,,,1001595,,
PUDINHARA ACTIVE 10ML 10ML,1001597,pudinhara active 10ml 10ml,10,2,2026-07-22T06:39:51.849Z,2,"[{""purchaseDate"":""2026-07-19T14:37:06.308Z"",""adjustmentReason"":null,""purchaseBillId"":""bhRRAkKAOo0qkLvJKDIR"",""purchaseRate"":20,""quantity"":2,""isManualAdjustment"":false,""batchNumber"":""GUPTACO"",""mrp"":28,""expiryDate"":""2027-12-27T18:30:00.000Z"",""adjustedByName"":null}]",1001597,,
DUREX AIR 3,1001601,durex air 3,10,4,2026-07-21T05:21:14.992Z,4,"[{""adjustedByName"":null,""mrp"":99,""purchaseRate"":82.5,""expiryDate"":""2029-04-27T18:30:00.000Z"",""isManualAdjustment"":false,""purchaseDate"":""2026-07-18T18:30:00.000Z"",""quantity"":4,""batchNumber"":""?"",""purchaseBillId"":""hRBAIRVH8K5pGUwLPR08"",""adjustmentReason"":null}]",1001601,,
GEMER 0.5,,gemer 0.5,1,,,,,1001603,,
MET PCO CARE 10,,met pco care 10,1,,,,,1001613,,
KRIMSON 35,,krimson 35,1,,,,,1001616,,
NIFTAS 14,,niftas 14,1,,,,,1001618,,
RENOCAL 60K CAP,,renocal 60k cap,1,,,,,1001620,,
MAMY POKO PANTS XL 24,1001624,mamy poko pants xl 24,10,1,2026-07-19T10:13:19.776Z,1,"[{""expiryDate"":""2027-07-27T18:30:00.000Z"",""isManualAdjustment"":false,""mrp"":399,""adjustedByName"":null,""purchaseRate"":296.83,""purchaseBillId"":""xiMCJHYWelCBQ90mlTTr"",""adjustmentReason"":null,""purchaseDate"":""2026-07-18T16:34:09.706Z"",""quantity"":1,""batchNumber"":""""}]",1001624,,
CABLOK BETA 5,,cablok beta 5,1,,,,,1001626,,
GLYCINORM 40,,glycinorm 40,1,,,,,1001628,,
PREGALIN NT,,pregalin nt,1,,,,,1001630,,
ZANDU BALM ULTRA 8ML,1001636,zandu balm ultra 8ml,10,1,2026-07-19T15:49:17.501Z,1,"[{""purchaseDate"":""2026-07-16T14:35:03.825Z"",""quantity"":1,""batchNumber"":""GUPTA"",""purchaseBillId"":""741nuHnyq2HPzUHwPany"",""adjustmentReason"":null,""mrp"":48,""adjustedByName"":null,""purchaseRate"":41.77,""expiryDate"":""2028-07-27T18:30:00.000Z"",""isManualAdjustment"":false}]",1001636,,
METROFORD 400MG 10,,metroford 400mg 10,1,,,,,1001638,,
METROGYL 400 15,,metrogyl 400 15,1,,,,,1001640,,
CIPLOX TZ,,ciplox tz,1,,,,,1001646,,
OMNITAN H,,omnitan h,1,,,,,1001648,,
C-TRI T 10TAB,,c-tri t 10tab,1,,,,,1001652,,
FASTCARD 10,1001664,fastcard 10,10,12,2026-07-19T16:51:29.486Z,12,"[{""adjustedByName"":null,""mrp"":10,""purchaseRate"":8.66,""isManualAdjustment"":false,""expiryDate"":""2027-07-27T18:30:00.000Z"",""batchNumber"":""GUPTA CO"",""quantity"":12,""purchaseDate"":""2026-07-16T11:46:43.781Z"",""adjustmentReason"":null,""purchaseBillId"":""Wb0URARJjcauzq4XREMe""}]",1001664,,
DETTOL LIQUID 250ML,1001669,dettol liquid 250ml,10,1,2026-07-19T10:13:19.924Z,1,"[{""purchaseDate"":""2026-07-18T16:34:09.706Z"",""quantity"":1,""batchNumber"":"""",""purchaseBillId"":""xiMCJHYWelCBQ90mlTTr"",""adjustmentReason"":null,""mrp"":154.59,""adjustedByName"":null,""purchaseRate"":87.12,""isManualAdjustment"":false,""expiryDate"":""2027-07-27T18:30:00.000Z""}]",1001669,,
PILEX FORTE OINTMENT 30GM,1001677,pilex forte ointment 30gm,1,1,2026-07-21T17:21:36.684Z,1,"[{""isManualAdjustment"":false,""expiryDate"":""2029-01-27T18:30:00.000Z"",""purchaseRate"":114.28,""mrp"":150,""adjustedByName"":null,""adjustmentReason"":null,""purchaseBillId"":""VNM2zTVGrJ4ZaMslUtMG"",""batchNumber"":""MEDIBASKET"",""quantity"":1,""purchaseDate"":""2026-07-18T06:19:24.778Z""}]",1001677,,
CTD-T AM 12.5,,ctd-t am 12.5,1,,,,,1001679,,
CTD-T AM 6.25,,ctd-t am 6.25,1,,,,,1001681,,
TELMIKIND TRIO 6.25,,telmikind trio 6.25,1,,,,,1001683,,
PAMPERS DIAPER S SINGLE 1,1001686,pampers diaper s single 1,10,1,2026-07-19T10:13:19.850Z,1,"[{""mrp"":10,""adjustedByName"":null,""purchaseRate"":8,""expiryDate"":""2027-07-27T18:30:00.000Z"",""isManualAdjustment"":false,""batchNumber"":"""",""quantity"":1,""purchaseDate"":""2026-07-18T16:34:09.706Z"",""adjustmentReason"":null,""purchaseBillId"":""xiMCJHYWelCBQ90mlTTr""}]",1001686,,
DROTIN DS SUSPENTION 100ML,1001689,drotin ds suspention 100ml,1,1,2026-07-19T12:27:31.698Z,1,"[{""adjustmentReason"":null,""purchaseBillId"":""iWGAUP8RNvmP0LcHYz2w"",""batchNumber"":""MEDIHUB"",""quantity"":1,""purchaseDate"":""2026-07-16T15:54:16.728Z"",""expiryDate"":""2027-07-16T16:32:17.375Z"",""isManualAdjustment"":false,""purchaseRate"":159.95,""adjustedByName"":null,""mrp"":223.93}]",1001689,,
PROGYNOVA 2,,progynova 2,1,,,,,1001691,,
TELMIKIND TRIO 12.5,,telmikind trio 12.5,1,,,,,1001695,,
URIKIND K SYRUP 100ML,1001696,urikind k syrup 100ml,1,2,2026-07-17T10:04:07.093Z,2,"[{""quantity"":2,""adjustmentReason"":null,""purchaseRate"":62.61,""purchaseBillId"":""6ay79HpxBVdyHOQ5EL0S"",""mrp"":87.6,""purchaseDate"":""2026-07-14T06:31:27.837Z"",""adjustedByName"":null,""batchNumber"":""MEDI BASKET "",""isManualAdjustment"":false,""expiryDate"":""2027-06-30T18:30:00.000Z""}]",1001696,,
LIVEASY BABY WIPES 72,1001707,liveasy baby wipes 72,10,1,2026-07-22T06:39:51.147Z,1,"[{""adjustedByName"":null,""isManualAdjustment"":false,""batchNumber"":""DC"",""quantity"":1,""expiryDate"":""2027-07-27T18:30:00.000Z"",""mrp"":200,""purchaseDate"":""2026-07-19T14:37:06.308Z"",""purchaseRate"":108,""adjustmentReason"":null,""purchaseBillId"":""bhRRAkKAOo0qkLvJKDIR""}]",1001707,,
VELGUT TABLET 15,,velgut tablet 15,1,,,,,1001708,,
VITARESP FX 120 MG,,vitaresp fx 120 mg,1,,,,,1001709,,
SUSTEN SR 300,,susten sr 300,1,,,,,1001721,,
STAYFREE SECURE XXL NIGHTS 6,1001725,stayfree secure xxl nights 6,10,8,2026-07-19T10:13:19.713Z,8,"[{""isManualAdjustment"":false,""expiryDate"":""2027-07-27T18:30:00.000Z"",""purchaseRate"":44.64,""mrp"":50,""adjustedByName"":null,""purchaseBillId"":""xiMCJHYWelCBQ90mlTTr"",""adjustmentReason"":null,""purchaseDate"":""2026-07-18T16:34:09.706Z"",""batchNumber"":"""",""quantity"":8}]",1001725,,
COTTON BANDAGE 4INCH 12,1001729,cotton bandage 4inch 12,10,24,2026-07-21T12:45:23.542Z,24,"[{""quantity"":24,""batchNumber"":""SSD PHARMA "",""purchaseDate"":""2026-07-20T11:44:41.155Z"",""adjustmentReason"":null,""purchaseBillId"":""DpRyosVyLI5rlWmgtOFb"",""purchaseRate"":5.59,""mrp"":20,""adjustedByName"":null,""isManualAdjustment"":false,""expiryDate"":""2027-07-27T18:30:00.000Z""}]",1001729,,
CIPLOX D E/D 10ML,1001734,ciplox d e/d 10ml,1,4,2026-07-22T17:24:47.917Z,4,"[{""expiryDate"":""2027-11-30T18:30:00.000Z"",""isManualAdjustment"":false,""purchaseDate"":""2026-07-14T06:31:27.837Z"",""purchaseBillId"":""6ay79HpxBVdyHOQ5EL0S"",""purchaseRate"":22.93,""quantity"":4,""adjustmentReason"":null,""mrp"":30,""adjustedByName"":null,""batchNumber"":""5A40464 MEDI BASKET ""}]",1001734,,
PANTOCID DSR TABLET,,pantocid dsr tablet,1,,,,,1001739,,
SUMO GEL 15GM,1001741,sumo gel 15gm,10,2,2026-07-19T15:49:17.400Z,2,"[{""purchaseBillId"":""741nuHnyq2HPzUHwPany"",""adjustmentReason"":null,""purchaseDate"":""2026-07-16T14:35:03.825Z"",""batchNumber"":""ANILA"",""quantity"":2,""isManualAdjustment"":false,""expiryDate"":""2027-10-27T18:30:00.000Z"",""purchaseRate"":16.5,""adjustedByName"":null,""mrp"":76.85}]",1001741,,
PROLYTE ORS 200ML,1001745,prolyte ors 200ml,10,18,2026-07-21T15:59:08.180Z,18,"[{""purchaseDate"":""2026-07-21T15:14:34.744Z"",""quantity"":18,""batchNumber"":""STAR MARKETING "",""purchaseBillId"":""Jgat3IieqMJG7Pua1kp5"",""adjustmentReason"":null,""purchaseRate"":13.34,""adjustedByName"":null,""mrp"":31.5,""expiryDate"":""2027-05-27T18:30:00.000Z"",""isManualAdjustment"":false}]",1001745,,
GABANTIN GRS 300MG,,gabantin grs 300mg,1,,,,,1001751,,
MYOTOP P TABLET 10,,myotop p tablet 10,1,,,,,1001752,,
MAMY POKO PANTS M 4,1001754,mamy poko pants m 4,10,3,2026-07-19T10:13:19.849Z,3,"[{""mrp"":48,""adjustedByName"":null,""purchaseRate"":39,""expiryDate"":""2027-07-27T18:30:00.000Z"",""isManualAdjustment"":false,""purchaseDate"":""2026-07-18T16:34:09.706Z"",""quantity"":3,""batchNumber"":"""",""purchaseBillId"":""xiMCJHYWelCBQ90mlTTr"",""adjustmentReason"":null}]",1001754,,
MAMY POKO PANTS L 4,1001755,mamy poko pants l 4,10,4,2026-07-19T10:13:19.848Z,4,"[{""purchaseDate"":""2026-07-18T16:34:09.706Z"",""batchNumber"":"""",""quantity"":4,""purchaseBillId"":""xiMCJHYWelCBQ90mlTTr"",""adjustmentReason"":null,""adjustedByName"":null,""mrp"":56,""purchaseRate"":44,""isManualAdjustment"":false,""expiryDate"":""2027-07-27T18:30:00.000Z""}]",1001755,,
TELVAS 3D,,telvas 3d,1,,,,,1001763,,
NITROFUR SR 100,,nitrofur sr 100,1,,,,,1001767,,
URISPAS,,urispas,1,,,,,1001769,,
DERMIFORD OINTMENT 15GM,1001776,dermiford ointment 15gm,1,2,2026-07-21T17:21:36.767Z,2,"[{""purchaseBillId"":""VNM2zTVGrJ4ZaMslUtMG"",""adjustmentReason"":null,""purchaseDate"":""2026-07-18T06:19:24.778Z"",""quantity"":2,""batchNumber"":""DIV"",""isManualAdjustment"":false,""expiryDate"":""2027-09-27T18:30:00.000Z"",""mrp"":102,""adjustedByName"":null,""purchaseRate"":25.24}]",1001776,,
TIGBODERM RF CREAM 15GM,1001778,tigboderm rf cream 15gm,1,1,2026-07-21T17:21:36.942Z,1,"[{""purchaseBillId"":""VNM2zTVGrJ4ZaMslUtMG"",""adjustmentReason"":null,""purchaseDate"":""2026-07-18T06:19:24.778Z"",""batchNumber"":""DIV"",""quantity"":1,""expiryDate"":""2028-01-27T18:30:00.000Z"",""isManualAdjustment"":false,""adjustedByName"":null,""mrp"":90,""purchaseRate"":24.5}]",1001778,,
VILDAMBIC M 500,,vildambic m 500,1,,,,,1001780,,
OIMESAR 40,,oimesar 40,1,,,,,1001782,,
OLMESAR 40,,olmesar 40,1,,,,,1001786,,
ABROZU 10 10,,abrozu 10 10,1,,,,,1001797,,
SITARA-D 100/5,,sitara-d 100/5,1,,,,,1001799,,
TEGRITAL 100,,tegrital 100,1,,,,,1001801,,
GLYCOMET-850 SR,,glycomet-850 sr,1,,,,,1001804,,
TRIOBIMET 2,,triobimet 2,1,,,,,1001806,,
ZORYL M4,,zoryl m4,1,,,,,1001808,,
MOOV COOL OINTMENT 20 GM,1001812,moov cool ointment 20 gm,1,1,2026-07-19T15:49:17.348Z,1,"[{""adjustedByName"":null,""mrp"":110,""purchaseRate"":79.8,""isManualAdjustment"":false,""expiryDate"":""2027-07-17T06:45:13.658Z"",""batchNumber"":""ITI"",""quantity"":1,""purchaseDate"":""2026-07-16T14:35:03.825Z"",""adjustmentReason"":null,""purchaseBillId"":""741nuHnyq2HPzUHwPany""}]",1001812,,
EUTHYROX 50 MCG 100,,euthyrox 50 mcg 100,1,,,,,1001814,,
FEM GOLD BLEACH 8GM,1001816,fem gold bleach 8gm,10,2,2026-07-21T06:24:36.105Z,2,"[{""purchaseBillId"":""dnjvJhQGytUmyRCPiDsP"",""adjustmentReason"":null,""purchaseDate"":""2026-07-20T16:07:21.820Z"",""batchNumber"":""ekta cosmetics "",""quantity"":2,""expiryDate"":""2027-07-27T18:30:00.000Z"",""isManualAdjustment"":false,""adjustedByName"":null,""mrp"":45,""purchaseRate"":33}]",1001816,,
DUREX EXTRA RIBBED 3,1001822,durex extra ribbed 3,10,4,2026-07-21T05:21:14.994Z,4,"[{""isManualAdjustment"":false,""expiryDate"":""2029-03-27T18:30:00.000Z"",""mrp"":99,""adjustedByName"":null,""purchaseRate"":82.5,""adjustmentReason"":null,""purchaseBillId"":""hRBAIRVH8K5pGUwLPR08"",""batchNumber"":""?"",""quantity"":4,""purchaseDate"":""2026-07-18T18:30:00.000Z""}]",1001822,,
ODOMAS ROLL ON 8ML,1001824,odomas roll on 8ml,10,2,2026-07-19T16:51:29.751Z,2,"[{""quantity"":2,""batchNumber"":""GUPTA CO"",""purchaseDate"":""2026-07-16T11:46:43.781Z"",""adjustmentReason"":null,""purchaseBillId"":""Wb0URARJjcauzq4XREMe"",""adjustedByName"":null,""mrp"":80,""purchaseRate"":60,""expiryDate"":""2028-07-27T18:30:00.000Z"",""isManualAdjustment"":false}]",1001824,,
AF 150 TABLET 1,,af 150 tablet 1,1,,,,,1001830,,
ALERID TAB 10,,alerid tab 10,1,,,,,1001832,,
OFLOX 400,,oflox 400,1,,,,,1001837,,
QUTIPIN 25MG,,qutipin 25mg,1,,,,,1001838,,
TRICIUM ACTIVE,,tricium active,1,,,,,1001839,,
ZIFI 50 DRY SYRUP 30ML,1001844,zifi 50 dry syrup 30ml,1,3,2026-07-23T07:11:41.206Z,3,"[{""purchaseDate"":""2026-07-17T15:06:47.110Z"",""isManualAdjustment"":false,""expiryDate"":""2029-12-27T18:30:00.000Z"",""purchaseBillId"":""sIBrxawP5tddMZN0yUmB"",""quantity"":3,""purchaseRate"":39.79,""batchNumber"":""MEDIBASKET "",""adjustedByName"":null,""mrp"":55.7,""adjustmentReason"":null}]",1001844,,
HONEY 50GM,1001851,honey 50gm,10,2,2026-07-22T06:39:51.664Z,2,"[{""adjustmentReason"":null,""purchaseBillId"":""bhRRAkKAOo0qkLvJKDIR"",""purchaseRate"":23,""purchaseDate"":""2026-07-19T14:37:06.308Z"",""adjustedByName"":null,""mrp"":32,""expiryDate"":""2027-07-27T18:30:00.000Z"",""quantity"":2,""batchNumber"":""GUPTA CO"",""isManualAdjustment"":false}]",1001851,,
CREMAFFIN MIX FRUIT SYRUP 225ML,1001855,cremaffin mix fruit syrup 225ml,1,1,2026-07-17T10:04:08.173Z,1,"[{""mrp"":318.59,""purchaseDate"":""2026-07-14T06:31:27.837Z"",""adjustedByName"":null,""quantity"":1,""purchaseRate"":242.74,""adjustmentReason"":null,""purchaseBillId"":""6ay79HpxBVdyHOQ5EL0S"",""expiryDate"":""2029-06-30T18:30:00.000Z"",""batchNumber"":""MEDIHUB "",""isManualAdjustment"":false}]",1001855,,
DIGERAFT SUSPENSION 200ML,1001863,digeraft suspension 200ml,1,1,2026-07-17T10:04:07.743Z,1,"[{""adjustmentReason"":null,""purchaseRate"":209.14,""purchaseBillId"":""6ay79HpxBVdyHOQ5EL0S"",""quantity"":1,""purchaseDate"":""2026-07-14T06:31:27.837Z"",""adjustedByName"":null,""mrp"":274.5,""isManualAdjustment"":false,""batchNumber"":""MEDIHUB "",""expiryDate"":""2027-02-28T18:30:00.000Z""}]",1001863,,
ASCORIL + EXPECTORANT 120ML,1001865,ascoril + expectorant 120ml,1,1,2026-07-17T10:04:08.991Z,1,"[{""expiryDate"":""2026-12-31T18:30:00.000Z"",""isManualAdjustment"":false,""batchNumber"":""11250172 MEDIBASKET  "",""purchaseDate"":""2026-07-14T06:31:27.837Z"",""adjustedByName"":null,""mrp"":161,""adjustmentReason"":null,""purchaseBillId"":""6ay79HpxBVdyHOQ5EL0S"",""purchaseRate"":120,""quantity"":1}]",1001865,,
ZEDEX SF SYRUP 100ML,1001867,zedex sf syrup 100ml,1,2,2026-07-17T10:04:09.713Z,2,"[{""expiryDate"":""2027-09-30T18:30:00.000Z"",""batchNumber"":""D260134 MEDIHUB "",""isManualAdjustment"":false,""mrp"":209.34,""adjustedByName"":null,""purchaseDate"":""2026-07-14T06:31:27.837Z"",""quantity"":2,""adjustmentReason"":null,""purchaseBillId"":""6ay79HpxBVdyHOQ5EL0S"",""purchaseRate"":159.5}]",1001867,,
NICOTEX MINT 4 10,1001879,nicotex mint 4 10,10,1,2026-07-21T17:28:12.325Z,1,"[{""isManualAdjustment"":false,""expiryDate"":""2027-09-27T18:30:00.000Z"",""purchaseRate"":103.49,""adjustedByName"":null,""mrp"":152.61,""adjustmentReason"":null,""purchaseBillId"":""MLZKoBJjUBLJggKAF22A"",""batchNumber"":""MEDIHUB "",""quantity"":1,""purchaseDate"":""2026-07-18T07:33:44.306Z""}]",1001879,,
NICOTEX 2MG TIN 25,1001881,nicotex 2mg tin 25,10,2,2026-07-21T17:28:12.327Z,2,"[{""expiryDate"":""2027-11-27T18:30:00.000Z"",""isManualAdjustment"":false,""purchaseRate"":202.1,""mrp"":298.09,""adjustedByName"":null,""adjustmentReason"":null,""purchaseBillId"":""MLZKoBJjUBLJggKAF22A"",""batchNumber"":""STAR MARKETING "",""quantity"":2,""purchaseDate"":""2026-07-18T07:33:44.306Z""}]",1001881,,
NICOTEX 4MG TIN 29,1001882,nicotex 4mg tin 29,10,3,2026-07-21T17:28:12.326Z,3,"[{""adjustmentReason"":null,""purchaseBillId"":""MLZKoBJjUBLJggKAF22A"",""quantity"":3,""batchNumber"":""MEDIBASKET "",""purchaseDate"":""2026-07-18T07:33:44.306Z"",""expiryDate"":""2027-11-27T18:30:00.000Z"",""isManualAdjustment"":false,""purchaseRate"":248.31,""mrp"":366.26,""adjustedByName"":null}]",1001882,,
ROTAHALER 1,1001884,rotahaler 1,1,2,2026-07-19T16:51:29.485Z,2,"[{""isManualAdjustment"":false,""expiryDate"":""2027-07-16T13:35:32.555Z"",""adjustedByName"":null,""mrp"":203.5,""purchaseRate"":145.14,""purchaseBillId"":""Wb0URARJjcauzq4XREMe"",""adjustmentReason"":null,""purchaseDate"":""2026-07-16T11:46:43.781Z"",""batchNumber"":""DC"",""quantity"":2}]",1001884,,
NEERI 200ML,1001888,neeri 200ml,10,2,2026-07-23T05:28:53.689Z,2,"[{""isManualAdjustment"":false,""purchaseDate"":""2026-07-21T18:30:00.000Z"",""expiryDate"":""2028-08-27T18:30:00.000Z"",""purchaseBillId"":""PENDING_BATCH"",""quantity"":2,""purchaseRate"":293,""adjustedByName"":null,""batchNumber"":""293"",""adjustmentReason"":null,""mrp"":293}]",1001888,,
PROTINEX CREAMY VANILLA 250GM,1001892,protinex creamy vanilla 250gm,1,1,2026-07-19T15:49:17.200Z,1,"[{""adjustedByName"":null,""mrp"":390,""purchaseRate"":288.2,""expiryDate"":""2026-09-29T18:30:00.000Z"",""isManualAdjustment"":false,""quantity"":1,""batchNumber"":""SUNIL"",""purchaseDate"":""2026-07-16T14:35:03.825Z"",""adjustmentReason"":null,""purchaseBillId"":""741nuHnyq2HPzUHwPany""}]",1001892,,
NEBULIZER,1001896,nebulizer,10,2,2026-07-22T06:39:50.502Z,2,"[{""purchaseDate"":""2026-07-19T14:37:06.308Z"",""adjustmentReason"":null,""purchaseRate"":650,""purchaseBillId"":""bhRRAkKAOo0qkLvJKDIR"",""mrp"":1840,""expiryDate"":""2027-07-27T18:30:00.000Z"",""isManualAdjustment"":false,""quantity"":2,""batchNumber"":""SSD"",""adjustedByName"":null}]",1001896,,
BP MONITOR,1001900,bp monitor,10,1,2026-07-22T06:39:50.502Z,1,"[{""purchaseRate"":850,""purchaseBillId"":""bhRRAkKAOo0qkLvJKDIR"",""adjustmentReason"":null,""purchaseDate"":""2026-07-19T14:37:06.308Z"",""mrp"":2300,""expiryDate"":""2027-07-27T18:30:00.000Z"",""quantity"":1,""batchNumber"":""SSD"",""isManualAdjustment"":false,""adjustedByName"":null}]",1001900,,
MAMY POKO PANTS M 30,1001906,mamy poko pants m 30,10,1,2026-07-19T10:13:19.775Z,1,"[{""isManualAdjustment"":false,""expiryDate"":""2027-07-27T18:30:00.000Z"",""adjustedByName"":null,""mrp"":399,""purchaseRate"":280,""adjustmentReason"":null,""purchaseBillId"":""xiMCJHYWelCBQ90mlTTr"",""quantity"":1,""batchNumber"":"""",""purchaseDate"":""2026-07-18T16:34:09.706Z""}]",1001906,,
MAMY POKO PANTS S 4,1001912,mamy poko pants s 4,10,4,2026-07-19T10:13:19.849Z,4,"[{""purchaseRate"":32,""adjustedByName"":null,""mrp"":40,""isManualAdjustment"":false,""expiryDate"":""2027-07-27T18:30:00.000Z"",""quantity"":4,""batchNumber"":"""",""purchaseDate"":""2026-07-18T16:34:09.706Z"",""adjustmentReason"":null,""purchaseBillId"":""xiMCJHYWelCBQ90mlTTr""}]",1001912,,
MAMY POKO PANTS XL 4,1001914,mamy poko pants xl 4,10,3,2026-07-19T10:13:19.849Z,3,"[{""isManualAdjustment"":false,""expiryDate"":""2027-07-27T18:30:00.000Z"",""purchaseRate"":60,""adjustedByName"":null,""mrp"":75,""purchaseBillId"":""xiMCJHYWelCBQ90mlTTr"",""adjustmentReason"":null,""purchaseDate"":""2026-07-18T16:34:09.706Z"",""quantity"":3,""batchNumber"":""""}]",1001914,,
SOFY PADS ANTIBACTERIAL 7,1001916,sofy pads antibacterial 7,10,3,2026-07-19T10:13:19.773Z,3,"[{""expiryDate"":""2027-07-27T18:30:00.000Z"",""isManualAdjustment"":false,""purchaseRate"":58.33,""adjustedByName"":null,""mrp"":70,""purchaseBillId"":""xiMCJHYWelCBQ90mlTTr"",""adjustmentReason"":null,""purchaseDate"":""2026-07-18T16:34:09.706Z"",""quantity"":3,""batchNumber"":""""}]",1001916,,
TRESEMME HAIRFALL DEFENCE SHAM 85ML,1001923,tresemme hairfall defence sham 85ml,10,1,2026-07-21T12:45:24.259Z,1,"[{""batchNumber"":""?"",""quantity"":1,""purchaseDate"":""2026-07-20T11:44:41.155Z"",""adjustmentReason"":null,""purchaseBillId"":""DpRyosVyLI5rlWmgtOFb"",""purchaseRate"":76,""mrp"":85,""adjustedByName"":null,""isManualAdjustment"":false,""expiryDate"":""2028-01-27T18:30:00.000Z""}]",1001923,,
JUST TEARS E/D 10ML,1001944,just tears e/d 10ml,1,1,2026-07-17T10:04:10.344Z,1,"[{""quantity"":1,""purchaseBillId"":""6ay79HpxBVdyHOQ5EL0S"",""purchaseRate"":95,""adjustmentReason"":null,""mrp"":133,""purchaseDate"":""2026-07-14T06:31:27.837Z"",""adjustedByName"":null,""batchNumber"":""MN5006  DC AGENCIES"",""isManualAdjustment"":false,""expiryDate"":""2027-05-31T18:30:00.000Z""}]",1001944,,
ABDOMINAL SUPPORT BELT XL 1,1001952,abdominal support belt xl 1,10,1,2026-07-22T06:39:50.596Z,1,"[{""purchaseDate"":""2026-07-19T14:37:06.308Z"",""adjustmentReason"":null,""purchaseBillId"":""bhRRAkKAOo0qkLvJKDIR"",""purchaseRate"":180,""adjustedByName"":null,""batchNumber"":""STAR"",""quantity"":1,""isManualAdjustment"":false,""expiryDate"":""2027-07-27T18:30:00.000Z"",""mrp"":710}]",1001952,,
ABDOMINAL SUPPORT BELT L 1,1001953,abdominal support belt l 1,10,2,2026-07-22T06:40:40.286Z,2,"[{""quantity"":2,""batchNumber"":""STAR"",""isManualAdjustment"":false,""mrp"":710,""expiryDate"":""2027-07-27T18:30:00.000Z"",""adjustedByName"":null,""purchaseBillId"":""bhRRAkKAOo0qkLvJKDIR"",""adjustmentReason"":null,""purchaseRate"":171.43,""purchaseDate"":""2026-07-19T14:37:06.308Z""}]",1001953,,
NS SALINE 100ML,1001955,ns saline 100ml,10,1,2026-07-21T12:45:23.723Z,1,"[{""purchaseDate"":""2026-07-20T11:44:41.155Z"",""quantity"":1,""batchNumber"":""SSD PHARMA "",""purchaseBillId"":""DpRyosVyLI5rlWmgtOFb"",""adjustmentReason"":null,""purchaseRate"":10,""adjustedByName"":null,""mrp"":22,""isManualAdjustment"":false,""expiryDate"":""2027-07-27T18:30:00.000Z""}]",1001955,,
HOT WATER BAG 1,1001960,hot water bag 1,10,1,2026-07-21T12:45:23.457Z,1,"[{""isManualAdjustment"":false,""expiryDate"":""2027-07-27T18:30:00.000Z"",""mrp"":399,""adjustedByName"":null,""purchaseRate"":100,""adjustmentReason"":null,""purchaseBillId"":""DpRyosVyLI5rlWmgtOFb"",""batchNumber"":""SSD PHARMA "",""quantity"":1,""purchaseDate"":""2026-07-20T11:44:41.155Z""}]",1001960,,
PULSE-OXY METER 1,1001965,pulse-oxy meter 1,10,2,2026-07-22T06:39:50.598Z,2,"[{""adjustedByName"":null,""batchNumber"":""SSD"",""quantity"":2,""isManualAdjustment"":false,""mrp"":1999,""expiryDate"":""2027-07-27T18:30:00.000Z"",""purchaseDate"":""2026-07-19T14:37:06.308Z"",""purchaseBillId"":""bhRRAkKAOo0qkLvJKDIR"",""adjustmentReason"":null,""purchaseRate"":350}]",1001965,,
ACILOC INJECTION 3ML 1,1001967,aciloc injection 3ml 1,10,3,2026-07-21T15:59:08.282Z,3,"[{""adjustmentReason"":null,""purchaseBillId"":""Jgat3IieqMJG7Pua1kp5"",""quantity"":3,""batchNumber"":""PHARMA MART "",""purchaseDate"":""2026-07-21T15:14:34.744Z"",""isManualAdjustment"":false,""expiryDate"":""2026-12-27T18:30:00.000Z"",""purchaseRate"":5.15,""mrp"":7.2,""adjustedByName"":null}]",1001967,,
MONOCEF 1GM INJECTION 1,1001968,monocef 1gm injection 1,10,3,2026-07-21T15:59:08.282Z,3,"[{""expiryDate"":""2030-01-27T18:30:00.000Z"",""isManualAdjustment"":false,""purchaseRate"":49.92,""mrp"":71,""adjustedByName"":null,""purchaseBillId"":""Jgat3IieqMJG7Pua1kp5"",""adjustmentReason"":null,""purchaseDate"":""2026-07-21T15:14:34.744Z"",""batchNumber"":""CK PHARMA "",""quantity"":3}]",1001968,,
GLUFORMIN 500,,gluformin 500,1,,,,,1001970,,
AZAX 250,,azax 250,1,,,,,1001972,,
AZAX 500MG 3,,azax 500mg 3,1,,,,,1001973,,
VALCIVIR 1GM,,valcivir 1gm,1,,,,,1001978,,
ATARAX 25MG,,atarax 25mg,1,,,,,1001981,,
PIOZ 15MG,,pioz 15mg,1,,,,,1001983,,
ACILOC 300 20,,aciloc 300 20,1,40,2026-07-23T07:07:01.939Z,40,"[{""adjustmentReason"":null,""mrp"":56.25,""adjustedByName"":null,""batchNumber"":""MEDIHUB"",""quantity"":40,""purchaseBillId"":""5XVz1nNKP2AiiFa1Q1iH"",""purchaseRate"":42.86,""expiryDate"":""2028-03-27T18:30:00.000Z"",""isManualAdjustment"":false,""purchaseDate"":""2026-07-23T05:29:17.079Z""}]",1001985,,
ZIFI 1OOMG TABLET 10,,zifi 1oomg tablet 10,1,,,,,1001987,,
ZIFI 200 MG TABLET 10,,zifi 200 mg tablet 10,1,,,,,1001988,,
ZIFI 50MG TABLET 10,,zifi 50mg tablet 10,1,,,,,1001989,,
SHELCAL M TABLET 15,,shelcal m tablet 15,1,,,,,1001992,,
DOXINATE TAB 30,,doxinate tab 30,1,,,,,1001994,,
DR BONNE MAXI 250ML,1002006,dr bonne maxi 250ml,10,4,2026-07-22T06:39:51.147Z,4,"[{""purchaseRate"":27.5,""purchaseBillId"":""bhRRAkKAOo0qkLvJKDIR"",""adjustmentReason"":null,""purchaseDate"":""2026-07-19T14:37:06.308Z"",""batchNumber"":""GUPTA CO"",""isManualAdjustment"":false,""quantity"":4,""expiryDate"":""2027-07-27T18:30:00.000Z"",""mrp"":55,""adjustedByName"":null}]",1002006,,
TENDER KARE NIPPLE 1,1002011,tender kare nipple 1,10,14,2026-07-22T06:39:51.243Z,14,"[{""adjustedByName"":null,""mrp"":15,""expiryDate"":""2027-07-27T18:30:00.000Z"",""quantity"":14,""batchNumber"":""BONNE"",""isManualAdjustment"":false,""purchaseBillId"":""bhRRAkKAOo0qkLvJKDIR"",""adjustmentReason"":null,""purchaseRate"":8,""purchaseDate"":""2026-07-19T14:37:06.308Z""}]",1002011,,
CLOCIP DUSTING POWDER 75GM,1002013,clocip dusting powder 75gm,10,1,2026-07-21T17:21:37.104Z,1,"[{""isManualAdjustment"":false,""expiryDate"":""2029-01-27T18:30:00.000Z"",""purchaseRate"":56.19,""mrp"":95,""adjustedByName"":null,""purchaseBillId"":""VNM2zTVGrJ4ZaMslUtMG"",""adjustmentReason"":null,""purchaseDate"":""2026-07-18T06:19:24.778Z"",""batchNumber"":""DIV"",""quantity"":1}]",1002013,,
CLOCIP DUTING POWDER 100GM,1002014,clocip duting powder 100gm,10,4,2026-07-21T17:21:37.105Z,4,"[{""adjustmentReason"":null,""purchaseBillId"":""VNM2zTVGrJ4ZaMslUtMG"",""quantity"":4,""batchNumber"":""STAR"",""purchaseDate"":""2026-07-18T06:19:24.778Z"",""isManualAdjustment"":false,""expiryDate"":""2027-01-27T18:30:00.000Z"",""purchaseRate"":120,""adjustedByName"":null,""mrp"":168}]",1002014,,
GASEX TABLET 100,,gasex tablet 100,1,100,2026-07-19T15:49:17.899Z,100,"[{""isManualAdjustment"":false,""expiryDate"":""2027-10-27T18:30:00.000Z"",""adjustedByName"":null,""mrp"":187.5,""purchaseRate"":142.8,""adjustmentReason"":null,""purchaseBillId"":""741nuHnyq2HPzUHwPany"",""batchNumber"":""VISION"",""quantity"":100,""purchaseDate"":""2026-07-16T14:35:03.825Z""}]",1002021,,
ALLEGRA 120MG 10,,allegra 120mg 10,1,,,,,1002024,,
CANNULA 18 NO. 1,1002034,cannula 18 no. 1,10,1,2026-07-21T12:45:23.626Z,1,"[{""expiryDate"":""2027-07-27T18:30:00.000Z"",""isManualAdjustment"":false,""adjustedByName"":null,""mrp"":125,""purchaseRate"":10,""adjustmentReason"":null,""purchaseBillId"":""DpRyosVyLI5rlWmgtOFb"",""batchNumber"":""SSD PHARMA "",""quantity"":1,""purchaseDate"":""2026-07-20T11:44:41.155Z""}]",1002034,,
CANNULA 20 NO. 1,1002035,cannula 20 no. 1,10,6,2026-07-21T12:45:23.627Z,6,"[{""expiryDate"":""2027-07-27T18:30:00.000Z"",""isManualAdjustment"":false,""purchaseRate"":8,""adjustedByName"":null,""mrp"":163,""purchaseBillId"":""DpRyosVyLI5rlWmgtOFb"",""adjustmentReason"":null,""purchaseDate"":""2026-07-20T11:44:41.155Z"",""batchNumber"":""SSD PHARMA "",""quantity"":6}]",1002035,,
DUREX 60 3,1002039,durex 60 3,10,20,2026-07-21T17:28:14.648Z,20,"[{""purchaseBillId"":""hRBAIRVH8K5pGUwLPR08"",""adjustmentReason"":null,""purchaseDate"":""2026-07-18T18:30:00.000Z"",""quantity"":17,""batchNumber"":""?"",""expiryDate"":""2029-04-27T18:30:00.000Z"",""isManualAdjustment"":false,""purchaseRate"":50,""adjustedByName"":null,""mrp"":60},{""isManualAdjustment"":false,""expiryDate"":""2027-07-27T18:30:00.000Z"",""mrp"":60,""adjustedByName"":null,""purchaseRate"":50,""adjustmentReason"":null,""purchaseBillId"":""MLZKoBJjUBLJggKAF22A"",""quantity"":3,""batchNumber"":""ITI"",""purchaseDate"":""2026-07-18T07:33:44.306Z""}]",1002039,,
GCPRED 8MG,,gcpred 8mg,1,,,,,1002042,,
ALLERBIO CAPSULE 10,,allerbio capsule 10,1,,,,,1002046,,
RENERVE PLUS INJ 2ML,1002054,renerve plus inj 2ml,10,1,2026-07-21T15:59:08.282Z,1,"[{""expiryDate"":""2029-11-27T18:30:00.000Z"",""isManualAdjustment"":false,""purchaseRate"":110,""mrp"":141.76,""adjustedByName"":null,""adjustmentReason"":null,""purchaseBillId"":""Jgat3IieqMJG7Pua1kp5"",""batchNumber"":""CK PHARMA "",""quantity"":1,""purchaseDate"":""2026-07-21T15:14:34.744Z""}]",1002054,,
CAL 123TOTAL TABLT 15,,cal 123total tablt 15,1,,,,,1002055,,
OVABLESS TABLET 10,,ovabless tablet 10,1,,,,,1002063,,
LACTOGEN PRO 3NO 400GM,1002071,lactogen pro 3no 400gm,1,2,2026-07-19T15:49:17.049Z,2,"[{""adjustmentReason"":null,""purchaseBillId"":""741nuHnyq2HPzUHwPany"",""batchNumber"":""ASHRO"",""quantity"":2,""purchaseDate"":""2026-07-16T14:35:03.825Z"",""isManualAdjustment"":false,""expiryDate"":""2027-01-30T18:30:00.000Z"",""mrp"":450,""adjustedByName"":null,""purchaseRate"":380.08}]",1002071,,
HIMALAYA RASH CREAM 20GM,1002072,himalaya rash cream 20gm,10,2,2026-07-19T12:27:32.748Z,2,"[{""purchaseBillId"":""iWGAUP8RNvmP0LcHYz2w"",""adjustmentReason"":null,""purchaseDate"":""2026-07-16T15:54:16.728Z"",""batchNumber"":""VISION"",""quantity"":2,""expiryDate"":""2027-11-27T18:30:00.000Z"",""isManualAdjustment"":false,""purchaseRate"":67.5,""mrp"":90,""adjustedByName"":null}]",1002072,,
TOPCEF CLAV 200,,topcef clav 200,1,,,,,1002074,,
TRENAXA 500,,trenaxa 500,1,,,,,1002080,,
MEGANEURON OD+ 10,,meganeuron od+ 10,1,,,,,1002082,,
METBOON VG 1 15,,metboon vg 1 15,1,,,,,1002084,,
NITYAM 10,,nityam 10,1,40,2026-07-22T06:39:51.927Z,40,"[{""purchaseDate"":""2026-07-19T14:37:06.308Z"",""purchaseRate"":34.05,""adjustmentReason"":null,""purchaseBillId"":""bhRRAkKAOo0qkLvJKDIR"",""batchNumber"":""CHIRAYU"",""quantity"":40,""isManualAdjustment"":false,""expiryDate"":""2027-02-27T18:30:00.000Z"",""mrp"":42.19,""adjustedByName"":null}]",1002088,,
TOY WATER TEEHTER 1,1002092,toy water teehter 1,10,3,2026-07-21T12:45:54.960Z,3,"[{""mrp"":160,""adjustedByName"":null,""purchaseRate"":90,""expiryDate"":""2027-07-27T18:30:00.000Z"",""isManualAdjustment"":false,""purchaseDate"":""2026-07-20T11:44:41.155Z"",""batchNumber"":""STAR"",""quantity"":1,""purchaseBillId"":""DpRyosVyLI5rlWmgtOFb"",""adjustmentReason"":null},{""expiryDate"":""2027-07-27T18:30:00.000Z"",""isManualAdjustment"":false,""purchaseRate"":75,""adjustedByName"":null,""mrp"":120,""adjustmentReason"":null,""purchaseBillId"":""DpRyosVyLI5rlWmgtOFb"",""quantity"":2,""batchNumber"":""STAR"",""purchaseDate"":""2026-07-20T11:44:41.155Z""}]",1002092,,
ASTHALIN 2MG TABLET 45,,asthalin 2mg tablet 45,1,,,,,1002097,,
ASTHALIN 4MG TABLET 30,,asthalin 4mg tablet 30,1,,,,,1002099,,
ZIFI CV 200,,zifi cv 200,1,,,,,1002100,,
AVIL 50MG TABLET 15,,avil 50mg tablet 15,1,45,2026-07-23T07:07:02.040Z,45,"[{""mrp"":15,""adjustmentReason"":null,""adjustedByName"":null,""batchNumber"":""ANILA"",""quantity"":45,""purchaseRate"":11.51,""purchaseBillId"":""5XVz1nNKP2AiiFa1Q1iH"",""expiryDate"":""2028-12-27T18:30:00.000Z"",""purchaseDate"":""2026-07-23T05:29:17.079Z"",""isManualAdjustment"":false}]",1002103,,
OMEZ D TABLET,,omez d tablet,1,,,,,1002107,,
CALPOL 125MG SYRUP 60ML,1002110,calpol 125mg syrup 60ml,1,2,2026-07-19T12:27:49.786Z,2,"[{""adjustmentReason"":null,""purchaseBillId"":""iWGAUP8RNvmP0LcHYz2w"",""quantity"":1,""batchNumber"":""ANILA"",""purchaseDate"":""2026-07-16T15:54:16.728Z"",""expiryDate"":""2027-07-30T18:30:00.000Z"",""isManualAdjustment"":false,""purchaseRate"":29.3,""adjustedByName"":null,""mrp"":38.45},{""expiryDate"":""2027-08-30T18:30:00.000Z"",""isManualAdjustment"":false,""mrp"":41.2,""adjustedByName"":null,""purchaseRate"":29.3,""adjustmentReason"":null,""purchaseBillId"":""iWGAUP8RNvmP0LcHYz2w"",""batchNumber"":""MEDIHUB"",""quantity"":1,""purchaseDate"":""2026-07-16T15:54:16.728Z""}]",1002110,,
ENUF CAPSULE,,enuf capsule,1,,,,,1002112,,
DEXORANGE CAPSULE,1002116,dexorange capsule,1,2,2026-07-17T10:04:06.132Z,2,"[{""isManualAdjustment"":false,""batchNumber"":""GM0155067"",""expiryDate"":""2027-02-27T18:30:00.000Z"",""purchaseBillId"":""6ay79HpxBVdyHOQ5EL0S"",""adjustmentReason"":null,""purchaseRate"":133.68,""quantity"":2,""purchaseDate"":""2026-07-14T06:31:27.837Z"",""adjustedByName"":null,""mrp"":187.15}]",1002116,,
A TO Z SYRUP MANGO 200ML,1002122,a to z syrup mango 200ml,1,1,2026-07-17T10:04:06.390Z,1,"[{""purchaseDate"":""2026-07-14T06:31:27.837Z"",""batchNumber"":""25660117 (MEDIHUB)"",""mrp"":231,""purchaseRate"":156.61,""purchaseBillId"":""6ay79HpxBVdyHOQ5EL0S"",""expiryDate"":""2026-12-30T18:30:00.000Z"",""isManualAdjustment"":false,""quantity"":1,""adjustmentReason"":null,""adjustedByName"":null}]",1002122,,
GELUSIL MPS MINT 200ML,1002126,gelusil mps mint 200ml,1,2,2026-07-17T10:04:07.675Z,2,"[{""expiryDate"":""2028-01-31T18:30:00.000Z"",""batchNumber"":""MEDIHUB "",""isManualAdjustment"":false,""mrp"":173.52,""purchaseDate"":""2026-07-14T06:31:27.837Z"",""adjustedByName"":null,""quantity"":2,""purchaseBillId"":""6ay79HpxBVdyHOQ5EL0S"",""adjustmentReason"":null,""purchaseRate"":132.21}]",1002126,,
ALLEGRA M 10,,allegra m 10,1,,,,,1002133,,
ITRACIP 100MG,,itracip 100mg,1,,,,,1002137,,
BETNOVATE GM 30GM,1002139,betnovate gm 30gm,1,2,2026-07-21T17:21:37.102Z,2,"[{""purchaseBillId"":""VNM2zTVGrJ4ZaMslUtMG"",""adjustmentReason"":null,""purchaseDate"":""2026-07-18T06:19:24.778Z"",""batchNumber"":""MEDIBASKET"",""quantity"":2,""isManualAdjustment"":false,""expiryDate"":""2027-07-27T18:30:00.000Z"",""purchaseRate"":35.52,""mrp"":46.63,""adjustedByName"":null}]",1002139,,
FLEXON MR,,flexon mr,1,,,,,1002141,,
MONTAS L 10,,montas l 10,1,,,,,1002145,,
MAMY POKO NB 4,1002152,mamy poko nb 4,10,4,2026-07-19T10:13:19.847Z,4,"[{""expiryDate"":""2027-07-27T18:30:00.000Z"",""isManualAdjustment"":false,""purchaseRate"":30.8,""adjustedByName"":null,""mrp"":45,""adjustmentReason"":null,""purchaseBillId"":""xiMCJHYWelCBQ90mlTTr"",""quantity"":4,""batchNumber"":"""",""purchaseDate"":""2026-07-18T16:34:09.706Z""}]",1002152,,
MEFTAL SPAS SYRUP 60ML,1002157,meftal spas syrup 60ml,1,2,2026-07-19T12:27:31.761Z,2,"[{""purchaseBillId"":""iWGAUP8RNvmP0LcHYz2w"",""adjustmentReason"":null,""purchaseDate"":""2026-07-16T15:54:16.728Z"",""quantity"":2,""batchNumber"":""MEDIBASKET"",""expiryDate"":""2027-12-30T18:30:00.000Z"",""isManualAdjustment"":false,""mrp"":93.75,""adjustedByName"":null,""purchaseRate"":71.43}]",1002157,,
SHELCAL XT,,shelcal xt,1,,,,,1002161,,
COBATE GM CREAM 10GM,1002163,cobate gm cream 10gm,1,1,2026-07-21T17:21:36.853Z,1,"[{""adjustmentReason"":null,""purchaseBillId"":""VNM2zTVGrJ4ZaMslUtMG"",""quantity"":1,""batchNumber"":""DIV"",""purchaseDate"":""2026-07-18T06:19:24.778Z"",""isManualAdjustment"":false,""expiryDate"":""2027-08-27T18:30:00.000Z"",""mrp"":38,""adjustedByName"":null,""purchaseRate"":10.17}]",1002163,,
COBATE GM CREAM 30GM,1002166,cobate gm cream 30gm,1,1,2026-07-21T17:21:36.854Z,1,"[{""adjustedByName"":null,""mrp"":88,""purchaseRate"":28.57,""expiryDate"":""2027-12-27T18:30:00.000Z"",""isManualAdjustment"":false,""batchNumber"":""DIV"",""quantity"":1,""purchaseDate"":""2026-07-18T06:19:24.778Z"",""adjustmentReason"":null,""purchaseBillId"":""VNM2zTVGrJ4ZaMslUtMG""}]",1002166,,
SURGICAL GLOVES 100,1002170,surgical gloves 100,10,145,2026-07-21T12:45:23.809Z,145,"[{""adjustmentReason"":null,""purchaseBillId"":""DpRyosVyLI5rlWmgtOFb"",""batchNumber"":""SHREE RAM SURGICAL "",""quantity"":145,""purchaseDate"":""2026-07-20T11:44:41.155Z"",""expiryDate"":""2027-07-27T18:30:00.000Z"",""isManualAdjustment"":false,""purchaseRate"":2.1,""adjustedByName"":null,""mrp"":10}]",1002170,,
NEOCAL MD TAB 10,,neocal md tab 10,1,,,,,1002176,,
DUVADILAN 10,,duvadilan 10,1,,,,,1002181,,
EMANZEN D TABLET 10,,emanzen d tablet 10,1,,,,,1002182,,
BUSCOGAST TAB 10,,buscogast tab 10,1,,,,,1002191,,
LEVOFLOX 250MG TAB 10,,levoflox 250mg tab 10,1,,,,,1002196,,
LEVOFLOX 750MG,,levoflox 750mg,1,,,,,1002197,,
LEVOQUIN 500 MG TB 5,,levoquin 500 mg tb 5,1,,,,,1002201,,
SOMPRAZ D 40MG,,sompraz d 40mg,1,,,,,1002203,,
ZINCOVIT W,,zincovit w,1,,,,,1002204,,
ADVENT FORTE SYRUP 30ML,1002212,advent forte syrup 30ml,1,2,2026-07-23T07:12:35.418Z,2,"[{""isManualAdjustment"":true,""purchaseDate"":""2026-07-17T15:06:47.110Z"",""expiryDate"":""2028-02-27T18:30:00.000Z"",""purchaseBillId"":""sIBrxawP5tddMZN0yUmB"",""quantity"":2,""purchaseRate"":184.18,""adjustedByName"":""Owner"",""batchNumber"":""MEDIBASKET "",""adjustmentReason"":""?"",""mrp"":257.86}]",1002212,,
APP UP TABLET 10,,app up tablet 10,1,50,2026-07-22T11:14:22.291Z,50,"[{""purchaseBillId"":""x7gQ1sPaC4imakdKE15v"",""quantity"":50,""purchaseRate"":4.76,""adjustedByName"":null,""batchNumber"":""DIVFORD  HEALTHCRAE"",""mrp"":17.25,""adjustmentReason"":null,""purchaseDate"":""2026-07-21T13:09:59.408Z"",""isManualAdjustment"":false,""expiryDate"":""2027-09-27T18:30:00.000Z""}]",1002214,,
FLUMET 400MG,,flumet 400mg,1,,,,,1002216,,
ITRACIP 200MG,,itracip 200mg,1,,,,,1002217,,
THEO ASTHALIN FORTE TABLET 20,,theo asthalin forte tablet 20,1,,,,,1002220,,
THEO ASTHALIN TABLET 30,,theo asthalin tablet 30,1,,,,,1002221,,
ASCORIL LS JUNIOR 100ML,1002223,ascoril ls junior 100ml,1,3,2026-07-23T07:11:41.529Z,3,"[{""quantity"":3,""purchaseBillId"":""sIBrxawP5tddMZN0yUmB"",""purchaseRate"":92.86,""adjustmentReason"":null,""mrp"":122,""batchNumber"":""MEDIBASKET "",""adjustedByName"":null,""expiryDate"":""2027-02-27T18:30:00.000Z"",""isManualAdjustment"":false,""purchaseDate"":""2026-07-17T15:06:47.110Z""}]",1002223,,
DEMISONE TAB 10,,demisone tab 10,1,,,,,1002231,,
APP UP PLUS SYRUP 200ML,1002232,app up plus syrup 200ml,10,2,2026-07-22T11:14:22.291Z,2,"[{""purchaseDate"":""2026-07-21T13:09:59.408Z"",""isManualAdjustment"":false,""expiryDate"":""2027-09-27T18:30:00.000Z"",""purchaseBillId"":""x7gQ1sPaC4imakdKE15v"",""purchaseRate"":36.19,""quantity"":2,""batchNumber"":""DIVFORD  HEALTHCRAE"",""adjustedByName"":null,""mrp"":150,""adjustmentReason"":null}]",1002232,,
PROBELAC CAP 10,,probelac cap 10,1,,,,,1002234,,
TIGBODERM RF 5GM 5GM,1002236,tigboderm rf 5gm 5gm,1,2,2026-07-21T17:21:36.942Z,2,"[{""purchaseDate"":""2026-07-18T06:19:24.778Z"",""batchNumber"":""DIV"",""quantity"":2,""purchaseBillId"":""VNM2zTVGrJ4ZaMslUtMG"",""adjustmentReason"":null,""purchaseRate"":13.6,""mrp"":45,""adjustedByName"":null,""expiryDate"":""2028-08-27T18:30:00.000Z"",""isManualAdjustment"":false}]",1002236,,
GILLET GUARD 1,1002241,gillet guard 1,10,4,2026-07-22T06:39:50.794Z,4,"[{""adjustedByName"":null,""isManualAdjustment"":false,""quantity"":4,""batchNumber"":""PRIDE"",""expiryDate"":""2027-07-27T18:30:00.000Z"",""mrp"":28,""purchaseDate"":""2026-07-19T14:37:06.308Z"",""purchaseBillId"":""bhRRAkKAOo0qkLvJKDIR"",""purchaseRate"":21.6,""adjustmentReason"":null}]",1002241,,
ATORVA 10MG,,atorva 10mg,1,30,2026-07-22T11:50:21.435Z,30,"[{""purchaseDate"":""2026-07-22T11:40:57.019Z"",""isManualAdjustment"":false,""expiryDate"":""2029-02-27T18:30:00.000Z"",""quantity"":30,""purchaseBillId"":""PENDING_BATCH"",""purchaseRate"":60.67,""batchNumber"":"""",""adjustedByName"":null,""mrp"":79.63,""adjustmentReason"":null}]",1002245,,
CANDID EAR DROPS 10ML,1002247,candid ear drops 10ml,1,2,2026-07-19T16:51:29.242Z,2,"[{""expiryDate"":""2027-07-30T18:30:00.000Z"",""isManualAdjustment"":false,""purchaseRate"":73.22,""adjustedByName"":null,""mrp"":102.5,""purchaseBillId"":""Wb0URARJjcauzq4XREMe"",""adjustmentReason"":null,""purchaseDate"":""2026-07-16T11:46:43.781Z"",""quantity"":2,""batchNumber"":""11241063 (DC)""}]",1002247,,
CLEARWAX EAR DROPS 10ML,1002249,clearwax ear drops 10ml,1,3,2026-07-19T16:51:29.241Z,3,"[{""expiryDate"":""2027-10-30T18:30:00.000Z"",""isManualAdjustment"":false,""purchaseRate"":26.19,""mrp"":91.25,""adjustedByName"":null,""adjustmentReason"":null,""purchaseBillId"":""Wb0URARJjcauzq4XREMe"",""batchNumber"":""DIV"",""quantity"":3,""purchaseDate"":""2026-07-16T11:46:43.781Z""}]",1002249,,
JARDIANCE 25MG,,jardiance 25mg,1,,,,,1002251,,
LOSAR 50MG,,losar 50mg,1,,,,,1002253,,
ORTHAL FORTE,,orthal forte,1,,,,,1002255,,
WHISPER CHOICE NIGHT XXL 6,1002257,whisper choice night xxl 6,10,3,2026-07-19T10:13:19.708Z,3,"[{""quantity"":3,""batchNumber"":"""",""purchaseDate"":""2026-07-18T16:34:09.706Z"",""adjustmentReason"":null,""purchaseBillId"":""xiMCJHYWelCBQ90mlTTr"",""purchaseRate"":49.55,""adjustedByName"":null,""mrp"":55,""isManualAdjustment"":false,""expiryDate"":""2027-07-27T18:30:00.000Z""}]",1002257,,
LEVOZYL 5MG,,levozyl 5mg,1,,,,,1002265,,
DIZARTIN M 10,,dizartin m 10,1,,,,,1002266,,
CIPCAL XT 15,,cipcal xt 15,1,,,,,1002278,,
OVABLESS MYO,,ovabless myo,1,,,,,1002280,,
AMLOPRES 2.5 15,,amlopres 2.5 15,1,,,,,1002287,,
NASDEP 7.5 MG TAB 10,,nasdep 7.5 mg tab 10,1,,,,,1002295,,
GLIMY 2 TAB 15,,glimy 2 tab 15,1,,,,,1002297,,
KUFF Q DX TAB 10,,kuff q dx tab 10,1,,,,,1002300,,
THYRONORM 125 120,1002309,thyronorm 125 120,10,1,2026-07-21T17:28:12.821Z,1,"[{""purchaseDate"":""2026-07-18T07:33:44.306Z"",""batchNumber"":""MEDIBASKET "",""quantity"":1,""purchaseBillId"":""MLZKoBJjUBLJggKAF22A"",""adjustmentReason"":null,""purchaseRate"":162.24,""adjustedByName"":null,""mrp"":231.08,""isManualAdjustment"":false,""expiryDate"":""2027-05-27T18:30:00.000Z""}]",1002309,,
THYRONORM 150 120,1002310,thyronorm 150 120,10,1,2026-07-21T17:28:12.822Z,1,"[{""purchaseBillId"":""MLZKoBJjUBLJggKAF22A"",""adjustmentReason"":null,""purchaseDate"":""2026-07-18T07:33:44.306Z"",""quantity"":1,""batchNumber"":""AMIT MEDICOS "",""expiryDate"":""2027-11-27T18:30:00.000Z"",""isManualAdjustment"":false,""mrp"":217,""adjustedByName"":null,""purchaseRate"":166.03}]",1002310,,
THYRONORM 112 120,1002311,thyronorm 112 120,10,1,2026-07-21T17:28:12.821Z,1,"[{""purchaseRate"":159.31,""mrp"":226.91,""adjustedByName"":null,""expiryDate"":""2027-04-27T18:30:00.000Z"",""isManualAdjustment"":false,""purchaseDate"":""2026-07-18T07:33:44.306Z"",""quantity"":1,""batchNumber"":""MEDIBASKET "",""purchaseBillId"":""MLZKoBJjUBLJggKAF22A"",""adjustmentReason"":null}]",1002311,,
DUREX INVISIBLE CONDOM 3,,durex invisible condom 3,1,0,2026-07-23T09:02:13.632Z,0,[],1002319,,
DUREX MUTUAL CLIMAX 3,1002321,durex mutual climax 3,10,3,2026-07-21T16:55:29.265Z,3,"[{""purchaseBillId"":""hRBAIRVH8K5pGUwLPR08"",""adjustmentReason"":null,""purchaseDate"":""2026-07-18T18:30:00.000Z"",""batchNumber"":""?"",""quantity"":3,""isManualAdjustment"":false,""expiryDate"":""2029-03-27T18:30:00.000Z"",""purchaseRate"":145,""adjustedByName"":null,""mrp"":174}]",1002321,,
ELECTRAL POWDER ORANGE 21.80 GM,1002332,electral powder orange 21.80 gm,1,9,2026-07-21T17:28:11.920Z,9,"[{""quantity"":9,""batchNumber"":"""",""purchaseDate"":""2026-07-18T07:33:44.306Z"",""adjustmentReason"":null,""purchaseBillId"":""MLZKoBJjUBLJggKAF22A"",""purchaseRate"":17.56,""adjustedByName"":null,""mrp"":23,""isManualAdjustment"":false,""expiryDate"":""2027-07-27T18:30:00.000Z""}]",1002332,,
A TO Z NS PLUS TABLET 15,1002334,a to z ns plus tablet 15,1,0,2026-07-14T08:29:55.791Z,0,[],1002334,,
PANTOSEC LC TABLET 10,,pantosec lc tablet 10,1,,,,,1002339,,
ZIFI O 200MG,,zifi o 200mg,1,,,,,1002341,,
OMNACORTIL 2.5MG,,omnacortil 2.5mg,1,,,,,1002345,,
AMLOPRES 5MG 30,,amlopres 5mg 30,1,,,,,1002351,,
AZEE 250 MG,,azee 250 mg,1,4,2026-07-23T07:07:02.041Z,4,"[{""mrp"":124.63,""adjustmentReason"":null,""adjustedByName"":null,""batchNumber"":""MEDIHUB"",""quantity"":4,""purchaseRate"":94.95,""purchaseBillId"":""5XVz1nNKP2AiiFa1Q1iH"",""expiryDate"":""2027-06-27T18:30:00.000Z"",""purchaseDate"":""2026-07-23T05:29:17.079Z"",""isManualAdjustment"":false}]",1002353,,
AZEE 500MG,,azee 500mg,1,10,2026-07-23T07:07:02.042Z,10,"[{""isManualAdjustment"":false,""purchaseDate"":""2026-07-23T05:29:17.079Z"",""expiryDate"":""2028-10-27T18:30:00.000Z"",""purchaseBillId"":""5XVz1nNKP2AiiFa1Q1iH"",""quantity"":10,""purchaseRate"":95.91,""batchNumber"":""DC"",""adjustedByName"":null,""adjustmentReason"":null,""mrp"":125.88}]",1002356,,
PANTOSEC D TABLET 10,,pantosec d tablet 10,1,,,,,1002358,,
ZIFI O DT 100MG TABLET 10,,zifi o dt 100mg tablet 10,1,,,,,1002360,,
AUGMENTIN 375,,augmentin 375,1,26,2026-07-23T07:07:07.856Z,26,"[{""expiryDate"":""2027-01-27T18:30:00.000Z"",""isManualAdjustment"":false,""purchaseDate"":""2026-07-23T05:29:17.079Z"",""purchaseRate"":197.82,""quantity"":6,""purchaseBillId"":""5XVz1nNKP2AiiFa1Q1iH"",""adjustmentReason"":null,""mrp"":276.95,""batchNumber"":""MEDIBASKET"",""adjustedByName"":null},{""quantity"":10,""purchaseRate"":197.82,""purchaseBillId"":""5XVz1nNKP2AiiFa1Q1iH"",""adjustedByName"":null,""batchNumber"":""MEDIBASKET"",""mrp"":276.95,""adjustmentReason"":null,""purchaseDate"":""2026-07-23T05:29:17.079Z"",""isManualAdjustment"":false,""expiryDate"":""2027-02-27T18:30:00.000Z""},{""adjustmentReason"":null,""mrp"":276.95,""adjustedByName"":null,""batchNumber"":""MEDIHUB"",""purchaseRate"":197.82,""purchaseBillId"":""5XVz1nNKP2AiiFa1Q1iH"",""quantity"":10,""expiryDate"":""2027-05-27T18:30:00.000Z"",""isManualAdjustment"":false,""purchaseDate"":""2026-07-23T05:29:17.079Z""}]",1002362,,
ELECTROKEM LEMON 200ML 200ML,,electrokem lemon 200ml 200ml,1,,,,,1002369,,
GLYCOMET SR 500 20,,glycomet sr 500 20,1,,,,,1002374,,
OMEE D,,omee d,1,,,,,1002380,,
OMNIGEL 20GM 20GM,1002382,omnigel 20gm 20gm,10,5,2026-07-19T15:49:42.840Z,5,"[{""adjustmentReason"":null,""purchaseBillId"":""741nuHnyq2HPzUHwPany"",""batchNumber"":""STAR"",""quantity"":2,""purchaseDate"":""2026-07-16T14:35:03.825Z"",""expiryDate"":""2027-11-27T18:30:00.000Z"",""isManualAdjustment"":false,""purchaseRate"":89.93,""mrp"":118.03,""adjustedByName"":null},{""quantity"":3,""batchNumber"":""STAR"",""purchaseDate"":""2026-07-16T14:35:03.825Z"",""adjustmentReason"":null,""purchaseBillId"":""741nuHnyq2HPzUHwPany"",""purchaseRate"":89.93,""adjustedByName"":null,""mrp"":118.03,""isManualAdjustment"":false,""expiryDate"":""2028-02-27T18:30:00.000Z""}]",1002382,,
PANTOCID D,,pantocid d,1,,,,,1002384,,
NUROKIND FAST STRIP 1,,nurokind fast strip 1,1,,,,,1002388,,
MBSONE SL 10,,mbsone sl 10,1,,,,,1002394,,
BUDECORT .5MG 2ML RESPULES 5,1002397,budecort .5mg 2ml respules 5,1,8,2026-07-21T15:59:10.494Z,8,"[{""purchaseRate"":96.84,""mrp"":135.6,""adjustedByName"":null,""isManualAdjustment"":false,""expiryDate"":""2027-11-29T18:30:00.000Z"",""batchNumber"":""DC"",""quantity"":4,""purchaseDate"":""2026-07-16T11:46:43.781Z"",""adjustmentReason"":null,""purchaseBillId"":""Wb0URARJjcauzq4XREMe""},{""expiryDate"":""2027-11-27T18:30:00.000Z"",""isManualAdjustment"":false,""purchaseRate"":96.84,""mrp"":135.6,""adjustedByName"":null,""adjustmentReason"":null,""purchaseBillId"":""Jgat3IieqMJG7Pua1kp5"",""quantity"":4,""batchNumber"":""DC AGENCIES"",""purchaseDate"":""2026-07-21T15:14:34.744Z""}]",1002397,,
BUDECORT 200MCG 30 ROTACAPS,1002398,budecort 200mcg 30 rotacaps,1,2,2026-07-19T16:51:29.483Z,2,"[{""mrp"":113.9,""adjustedByName"":null,""purchaseRate"":81.36,""expiryDate"":""2028-06-29T18:30:00.000Z"",""isManualAdjustment"":false,""batchNumber"":""MEDIHUB"",""quantity"":2,""purchaseDate"":""2026-07-16T11:46:43.781Z"",""adjustmentReason"":null,""purchaseBillId"":""Wb0URARJjcauzq4XREMe""}]",1002398,,
GYNASET 5MG,,gynaset 5mg,1,,,,,1002399,,
FLEXURA D TAB,,flexura d tab,1,,,,,1002404,,
INTAGESIC MR,,intagesic mr,1,,,,,1002405,,
MINODES 10,,minodes 10,1,,,,,1002409,,
SINAREST AF SYRUP 75,1002417,sinarest af syrup 75,1,6,2026-07-23T07:11:41.533Z,6,"[{""purchaseRate"":111.88,""purchaseBillId"":""sIBrxawP5tddMZN0yUmB"",""quantity"":6,""adjustmentReason"":null,""mrp"":156.63,""adjustedByName"":null,""batchNumber"":""MEDIBASKET "",""expiryDate"":""2027-02-27T18:30:00.000Z"",""isManualAdjustment"":false,""purchaseDate"":""2026-07-17T15:06:47.110Z""}]",1002417,,
SINAREST AF DROP 15ML,1002423,sinarest af drop 15ml,1,6,2026-07-23T07:11:41.530Z,6,"[{""purchaseDate"":""2026-07-17T15:06:47.110Z"",""isManualAdjustment"":false,""expiryDate"":""2028-08-27T18:30:00.000Z"",""purchaseRate"":66.2,""purchaseBillId"":""sIBrxawP5tddMZN0yUmB"",""quantity"":6,""adjustedByName"":null,""batchNumber"":""MEDIBASKET "",""mrp"":92.68,""adjustmentReason"":null}]",1002423,,
TOPISAL 6% OINTMENT 30GM,1002425,topisal 6% ointment 30gm,1,1,2026-07-21T17:21:36.500Z,1,"[{""purchaseBillId"":""VNM2zTVGrJ4ZaMslUtMG"",""adjustmentReason"":null,""purchaseDate"":""2026-07-18T06:19:24.778Z"",""quantity"":1,""batchNumber"":""MEDIBASKET"",""expiryDate"":""2029-01-27T18:30:00.000Z"",""isManualAdjustment"":false,""mrp"":140,""adjustedByName"":null,""purchaseRate"":106.67}]",1002425,,
ATEN 25 14,,aten 25 14,1,,,,,1002428,,
ATEN 50 MG 14,,aten 50 mg 14,1,,,,,1002429,,
SITCON TAB 7,,sitcon tab 7,1,,,,,1002430,,
SN 15  TAB 10,,sn 15  tab 10,1,,,,,1002431,,
ROZAT EZ 20 TAB,,rozat ez 20 tab,1,,,,,1002432,,
PRIUX NT TAB 10,,priux nt tab 10,1,,,,,1002434,,
CLONAFIT PLUS TABLET 10,,clonafit plus tablet 10,1,,,,,1002435,,
ZANDU SATAVAREX POWDER 210GM,1002436,zandu satavarex powder 210gm,10,1,2026-07-19T15:49:17.559Z,1,"[{""isManualAdjustment"":false,""expiryDate"":""2027-10-27T18:30:00.000Z"",""adjustedByName"":null,""mrp"":334,""purchaseRate"":264.98,""adjustmentReason"":null,""purchaseBillId"":""741nuHnyq2HPzUHwPany"",""batchNumber"":""DC"",""quantity"":1,""purchaseDate"":""2026-07-16T14:35:03.825Z""}]",1002436,,
THYROX 88MG 120,1002441,thyrox 88mg 120,10,2,2026-07-21T17:28:12.441Z,2,"[{""purchaseBillId"":""MLZKoBJjUBLJggKAF22A"",""adjustmentReason"":null,""purchaseDate"":""2026-07-18T07:33:44.306Z"",""quantity"":2,""batchNumber"":""MEDIHUB "",""expiryDate"":""2027-09-27T18:30:00.000Z"",""isManualAdjustment"":false,""adjustedByName"":null,""mrp"":211,""purchaseRate"":160.97}]",1002441,,
DUOLIN 3MG 3ML 5,1002444,duolin 3mg 3ml 5,10,3,2026-07-21T15:59:08.367Z,3,"[{""expiryDate"":""2027-09-27T18:30:00.000Z"",""isManualAdjustment"":false,""purchaseRate"":97.95,""adjustedByName"":null,""mrp"":129,""adjustmentReason"":null,""purchaseBillId"":""Jgat3IieqMJG7Pua1kp5"",""quantity"":3,""batchNumber"":""DC AGENCIES "",""purchaseDate"":""2026-07-21T15:14:34.744Z""}]",1002444,,
THYRONORM 37.5MG 120,1002445,thyronorm 37.5mg 120,10,1,2026-07-21T17:28:12.660Z,1,"[{""purchaseDate"":""2026-07-18T07:33:44.306Z"",""batchNumber"":""DC AGENCIES "",""quantity"":1,""purchaseBillId"":""MLZKoBJjUBLJggKAF22A"",""adjustmentReason"":null,""purchaseRate"":143.12,""adjustedByName"":null,""mrp"":188,""expiryDate"":""2027-09-27T18:30:00.000Z"",""isManualAdjustment"":false}]",1002445,,
MEFTAL FORTE 10,,meftal forte 10,1,,,,,1002450,,
THERMOMETER .,1002455,thermometer .,10,3,2026-07-22T06:39:50.598Z,3,"[{""purchaseDate"":""2026-07-19T14:37:06.308Z"",""purchaseBillId"":""bhRRAkKAOo0qkLvJKDIR"",""adjustmentReason"":null,""purchaseRate"":57.14,""adjustedByName"":null,""batchNumber"":""DIV"",""quantity"":3,""isManualAdjustment"":false,""mrp"":142,""expiryDate"":""2027-07-27T18:30:00.000Z""}]",1002455,,
ALMOX 500 TAB 15,,almox 500 tab 15,1,,,,,1002458,,
D3 MUST DROP 15ML,1002464,d3 must drop 15ml,1,1,2026-07-19T12:27:31.615Z,1,"[{""purchaseRate"":31.31,""adjustedByName"":null,""mrp"":43.8,""isManualAdjustment"":false,""expiryDate"":""2027-01-30T18:30:00.000Z"",""quantity"":1,""batchNumber"":""DC"",""purchaseDate"":""2026-07-16T15:54:16.728Z"",""adjustmentReason"":null,""purchaseBillId"":""iWGAUP8RNvmP0LcHYz2w""}]",1002464,,
KOFLET LOZENGES 1,1002471,koflet lozenges 1,10,96,2026-07-21T17:28:12.223Z,96,"[{""quantity"":96,""batchNumber"":"""",""purchaseDate"":""2026-07-18T07:33:44.306Z"",""adjustmentReason"":null,""purchaseBillId"":""MLZKoBJjUBLJggKAF22A"",""mrp"":2.5,""adjustedByName"":null,""purchaseRate"":1.52,""isManualAdjustment"":false,""expiryDate"":""2028-06-27T18:30:00.000Z""}]",1002471,,
ECOTEARS E/D 10ML,,ecotears e/d 10ml,1,,,,,1002473,,
ESPERAL 250MG,,esperal 250mg,1,,,,,1002475,,
DUREX REAL FEEL CONDOM 1*3,1002488,durex real feel condom 1*3,10,4,2026-07-21T05:21:16.123Z,4,"[{""purchaseBillId"":""hRBAIRVH8K5pGUwLPR08"",""adjustmentReason"":null,""purchaseDate"":""2026-07-18T18:30:00.000Z"",""batchNumber"":""?"",""quantity"":4,""isManualAdjustment"":false,""expiryDate"":""2029-01-27T18:30:00.000Z"",""purchaseRate"":150.83,""mrp"":181,""adjustedByName"":null}]",1002488,,
DERMI 5 CREAM 15GM,1002494,dermi 5 cream 15gm,1,1,2026-07-21T17:21:36.770Z,1,"[{""mrp"":54.45,""adjustedByName"":null,""purchaseRate"":18,""isManualAdjustment"":false,""expiryDate"":""2027-05-27T18:30:00.000Z"",""purchaseDate"":""2026-07-18T06:19:24.778Z"",""batchNumber"":""ANILA"",""quantity"":1,""purchaseBillId"":""VNM2zTVGrJ4ZaMslUtMG"",""adjustmentReason"":null}]",1002494,,
CALBRIS XT 10TB,,calbris xt 10tb,1,,,,,1002496,,
HORCOXIA 90,,horcoxia 90,1,,,,,1002500,,
BETNOVATE S OINT 20GM 20GM,1002506,betnovate s oint 20gm 20gm,1,2,2026-07-21T17:21:37.019Z,2,"[{""purchaseBillId"":""VNM2zTVGrJ4ZaMslUtMG"",""adjustmentReason"":null,""purchaseDate"":""2026-07-18T06:19:24.778Z"",""quantity"":2,""batchNumber"":""MEDIBASKET"",""expiryDate"":""2027-05-27T18:30:00.000Z"",""isManualAdjustment"":false,""adjustedByName"":null,""mrp"":48.25,""purchaseRate"":34.46}]",1002506,,
REGERTRONE CR 10MG,,regertrone cr 10mg,1,,,,,1002507,,
REGESTRONE CR 15 MG,,regestrone cr 15 mg,1,,,,,1002508,,
AMTAS 5MG TABLET 30,,amtas 5mg tablet 30,1,,,,,1002515,,
ASTHALIN 2.5 AMPOULE RESPULES 2.5ML,1002518,asthalin 2.5 ampoule respules 2.5ml,10,5,2026-07-21T15:59:08.283Z,5,"[{""expiryDate"":""2028-12-27T18:30:00.000Z"",""isManualAdjustment"":false,""adjustedByName"":null,""mrp"":7.77,""purchaseRate"":5.55,""adjustmentReason"":null,""purchaseBillId"":""Jgat3IieqMJG7Pua1kp5"",""quantity"":5,""batchNumber"":""CK PHARMA "",""purchaseDate"":""2026-07-21T15:14:34.744Z""}]",1002518,,
IPRAVENT AMPOULE 2ML RESPULES 2ML,1002520,ipravent ampoule 2ml respules 2ml,10,5,2026-07-21T15:59:08.364Z,5,"[{""purchaseDate"":""2026-07-21T15:14:34.744Z"",""quantity"":5,""batchNumber"":""DC AGENCIES "",""purchaseBillId"":""Jgat3IieqMJG7Pua1kp5"",""adjustmentReason"":null,""purchaseRate"":5.03,""mrp"":6.94,""adjustedByName"":null,""isManualAdjustment"":false,""expiryDate"":""2027-07-27T18:30:00.000Z""}]",1002520,,
MEDISALIC OINTMENT 20GM,1002522,medisalic ointment 20gm,1,3,2026-07-21T17:22:01.540Z,3,"[{""expiryDate"":""2027-01-27T18:30:00.000Z"",""isManualAdjustment"":false,""purchaseRate"":57.14,""mrp"":149.06,""adjustedByName"":null,""purchaseBillId"":""VNM2zTVGrJ4ZaMslUtMG"",""adjustmentReason"":null,""purchaseDate"":""2026-07-18T06:19:24.778Z"",""quantity"":2,""batchNumber"":""DIV""},{""isManualAdjustment"":false,""expiryDate"":""2028-05-27T18:30:00.000Z"",""mrp"":159,""adjustedByName"":null,""purchaseRate"":57.14,""adjustmentReason"":null,""purchaseBillId"":""VNM2zTVGrJ4ZaMslUtMG"",""batchNumber"":""DIV"",""quantity"":1,""purchaseDate"":""2026-07-18T06:19:24.778Z""}]",1002522,,
VOVERAN D TABLET 10,,voveran d tablet 10,1,,,,,1002524,,
XYLOCAINE 2% JELLY 30GM,1002527,xylocaine 2% jelly 30gm,1,1,2026-07-21T17:21:36.405Z,1,"[{""adjustedByName"":null,""mrp"":35.59,""purchaseRate"":27.11,""isManualAdjustment"":false,""expiryDate"":""2027-07-27T18:30:00.000Z"",""purchaseDate"":""2026-07-18T06:19:24.778Z"",""batchNumber"":""DIV"",""quantity"":1,""purchaseBillId"":""VNM2zTVGrJ4ZaMslUtMG"",""adjustmentReason"":null}]",1002527,,
TOFAJAK TABLET,,tofajak tablet,1,,,,,1002529,,
ZYTEE L MOUTH GEL 10ML,,zytee l mouth gel 10ml,1,,,,,1002532,,
NAPASPEED 250MG 10,,napaspeed 250mg 10,1,,,,,1002540,,
NAPASPEED 500MG 10,,napaspeed 500mg 10,1,,,,,1002541,,
IT MAC 100,,it mac 100,1,,,,,1002547,,
ORAFLORA TABLET,,oraflora tablet,1,,,,,1002549,,
MEGAHEAL CREAM 15GM,1002554,megaheal cream 15gm,1,1,2026-07-21T17:21:36.586Z,1,"[{""purchaseBillId"":""VNM2zTVGrJ4ZaMslUtMG"",""adjustmentReason"":null,""purchaseDate"":""2026-07-18T06:19:24.778Z"",""quantity"":1,""batchNumber"":""?"",""isManualAdjustment"":false,""expiryDate"":""2027-09-27T18:30:00.000Z"",""purchaseRate"":103.57,""adjustedByName"":null,""mrp"":136}]",1002554,,
CANDID V3 TABLET 3,,candid v3 tablet 3,1,,,,,1002556,,
MANFORCE CHOCOLATE CONDOM 99 10*1,1002562,manforce chocolate condom 99 10*1,10,9,2026-07-21T17:28:13.270Z,9,"[{""batchNumber"":"""",""quantity"":9,""purchaseDate"":""2026-07-18T07:33:44.306Z"",""adjustmentReason"":null,""purchaseBillId"":""MLZKoBJjUBLJggKAF22A"",""mrp"":99,""adjustedByName"":null,""purchaseRate"":50,""isManualAdjustment"":false,""expiryDate"":""2027-07-27T18:30:00.000Z""}]",1002562,,
SPRINTAS 100MG TABLET 5,,sprintas 100mg tablet 5,1,,,,,1002573,,
NERVINE CAPSUL 30,,nervine capsul 30,1,,,,,1002592,,
ELTROXIN 75MCG 120,1002598,eltroxin 75mcg 120,10,1,2026-07-21T17:28:12.882Z,1,"[{""purchaseRate"":139.67,""adjustedByName"":null,""mrp"":183.32,""expiryDate"":""2028-01-27T18:30:00.000Z"",""isManualAdjustment"":false,""quantity"":1,""batchNumber"":""NOVELTY DRUG "",""purchaseDate"":""2026-07-18T07:33:44.306Z"",""adjustmentReason"":null,""purchaseBillId"":""MLZKoBJjUBLJggKAF22A""}]",1002598,,
LIPOCUT 120MG 10,,lipocut 120mg 10,1,,,,,1002605,,
TLS-CT,,tls-ct,1,,,,,1002608,,
MAMY POKO PANTS S SINGLE 1,1002612,mamy poko pants s single 1,10,1,2026-07-19T10:13:19.851Z,1,"[{""purchaseRate"":7.5,""mrp"":10,""adjustedByName"":null,""isManualAdjustment"":false,""expiryDate"":""2027-07-27T18:30:00.000Z"",""purchaseDate"":""2026-07-18T16:34:09.706Z"",""batchNumber"":"""",""quantity"":1,""purchaseBillId"":""xiMCJHYWelCBQ90mlTTr"",""adjustmentReason"":null}]",1002612,,
MAMY POKO PANTS L SINGLE 1,1002613,mamy poko pants l single 1,10,2,2026-07-19T10:13:19.851Z,2,"[{""isManualAdjustment"":false,""expiryDate"":""2027-07-27T18:30:00.000Z"",""purchaseRate"":9.97,""adjustedByName"":null,""mrp"":14,""adjustmentReason"":null,""purchaseBillId"":""xiMCJHYWelCBQ90mlTTr"",""quantity"":2,""batchNumber"":"""",""purchaseDate"":""2026-07-18T16:34:09.706Z""}]",1002613,,
THROMBOPHOB 20GM,1002621,thrombophob 20gm,1,1,2026-07-21T17:21:37.018Z,1,"[{""isManualAdjustment"":false,""expiryDate"":""2029-01-27T18:30:00.000Z"",""purchaseRate"":180,""mrp"":236,""adjustedByName"":null,""purchaseBillId"":""VNM2zTVGrJ4ZaMslUtMG"",""adjustmentReason"":null,""purchaseDate"":""2026-07-18T06:19:24.778Z"",""batchNumber"":""DC"",""quantity"":1}]",1002621,,
CEFATE O TABLET 10,,cefate o tablet 10,1,,,,,1002624,,
AEROCORT FORTE ROTACAP 30,1002630,aerocort forte rotacap 30,1,1,2026-07-19T16:51:29.421Z,1,"[{""isManualAdjustment"":false,""expiryDate"":""2027-08-30T18:30:00.000Z"",""purchaseRate"":99.5,""mrp"":130.59,""adjustedByName"":null,""adjustmentReason"":null,""purchaseBillId"":""Wb0URARJjcauzq4XREMe"",""batchNumber"":""DC"",""quantity"":1,""purchaseDate"":""2026-07-16T11:46:43.781Z""}]",1002630,,
DOXY 1 LDR,,doxy 1 ldr,1,,,,,1002632,,
ASCORIL D JUNIOR SYRUP 60ML,1002636,ascoril d junior syrup 60ml,1,3,2026-07-23T07:11:41.418Z,3,"[{""expiryDate"":""2027-08-27T18:30:00.000Z"",""purchaseDate"":""2026-07-17T15:06:47.110Z"",""isManualAdjustment"":false,""quantity"":3,""purchaseBillId"":""sIBrxawP5tddMZN0yUmB"",""purchaseRate"":83.57,""mrp"":109.69,""adjustmentReason"":null,""adjustedByName"":null,""batchNumber"":""MEDIBASKET ""}]",1002636,,
TUS Q DX DT,,tus q dx dt,1,,,,,1002638,,
FORACORT 0.5 RESPULES 5,1002640,foracort 0.5 respules 5,10,2,2026-07-21T15:59:08.367Z,2,"[{""adjustedByName"":null,""mrp"":75.11,""purchaseRate"":57.23,""isManualAdjustment"":false,""expiryDate"":""2026-09-27T18:30:00.000Z"",""quantity"":2,""batchNumber"":""DC AGENCIES "",""purchaseDate"":""2026-07-21T15:14:34.744Z"",""adjustmentReason"":null,""purchaseBillId"":""Jgat3IieqMJG7Pua1kp5""}]",1002640,,
CALAPTIN 40,,calaptin 40,1,,,,,1002642,,
SWICH 200 DT,,swich 200 dt,1,,,,,1002644,,
MACPRED 16 10,,macpred 16 10,1,,,,,1002648,,
HICOPE 25,,hicope 25,1,,,,,1002650,,
XYKAA MR 4,,xykaa mr 4,1,,,,,1002651,,
PAN 40,,pan 40,1,,,,,1002657,,
MILDY AHF SHAMPOO 100ML,1002660,mildy ahf shampoo 100ml,10,1,2026-07-21T12:45:23.977Z,1,"[{""expiryDate"":""2027-11-27T18:30:00.000Z"",""isManualAdjustment"":false,""mrp"":333.5,""adjustedByName"":null,""purchaseRate"":254.01,""adjustmentReason"":null,""purchaseBillId"":""DpRyosVyLI5rlWmgtOFb"",""quantity"":1,""batchNumber"":""EYE DERMA "",""purchaseDate"":""2026-07-20T11:44:41.155Z""}]",1002660,,
ZINCONIV TABLET 10,,zinconiv tablet 10,1,,,,,1002670,,
LOMOCARE TABLE 10,,lomocare table 10,1,,,,,1002672,,
VICKSRUB 10ML,1002679,vicksrub 10ml,10,5,2026-07-22T05:53:07.812Z,5,"[{""adjustedByName"":null,""isManualAdjustment"":false,""quantity"":5,""batchNumber"":"""",""mrp"":48,""expiryDate"":""2027-07-27T18:30:00.000Z"",""purchaseDate"":""2026-07-21T06:31:03.547Z"",""purchaseRate"":35.76,""purchaseBillId"":""6avEgRRYxJgFAOuxhlU4"",""adjustmentReason"":null}]",1002679,,
XARELTO 20MG TABLET,,xarelto 20mg tablet,1,,,,,1002681,,
FLOVAS 20MG TABLET,,flovas 20mg tablet,1,,,,,1002683,,
VELOZ FAST 20MG,,veloz fast 20mg,1,,,,,1002684,,
GLUCONORM PG 2,,gluconorm pg 2,1,,,,,1002686,,
QRARA MENS CHARCOAL FACEWASH,1002696,qrara mens charcoal facewash,10,1,2026-07-21T06:24:36.108Z,1,"[{""adjustedByName"":null,""mrp"":240,""purchaseRate"":60,""expiryDate"":""2027-04-27T18:30:00.000Z"",""isManualAdjustment"":false,""purchaseDate"":""2026-07-20T16:07:21.820Z"",""quantity"":1,""batchNumber"":""ONLINE"",""purchaseBillId"":""dnjvJhQGytUmyRCPiDsP"",""adjustmentReason"":null}]",1002696,,
PRAMIPEX 0.25,,pramipex 0.25,1,,,,,1002700,,
JALRA OD 100,,jalra od 100,1,,,,,1002702,,
CALAPTIN SR 120,,calaptin sr 120,1,,,,,1002708,,
EPLERITE 25,,eplerite 25,1,,,,,1002710,,
METPURE XL 25 10,,metpure xl 25 10,1,,,,,1002711,,
JOHNSON BABY SHAMPOO 50ML,1002715,johnson baby shampoo 50ml,10,1,2026-07-19T12:27:32.478Z,1,"[{""purchaseRate"":62,""adjustedByName"":null,""mrp"":70,""isManualAdjustment"":false,""expiryDate"":""2027-06-27T18:30:00.000Z"",""purchaseDate"":""2026-07-16T15:54:16.728Z"",""batchNumber"":""KRATIKA"",""quantity"":1,""purchaseBillId"":""iWGAUP8RNvmP0LcHYz2w"",""adjustmentReason"":null}]",1002715,,
MANFORCE EPIC CONDOM 99 3,1002722,manforce epic condom 99 3,10,7,2026-07-21T17:28:12.969Z,7,"[{""purchaseBillId"":""MLZKoBJjUBLJggKAF22A"",""adjustmentReason"":null,""purchaseDate"":""2026-07-18T07:33:44.306Z"",""batchNumber"":""TRISHUL"",""quantity"":7,""expiryDate"":""2030-07-27T18:30:00.000Z"",""isManualAdjustment"":false,""mrp"":80,""adjustedByName"":null,""purchaseRate"":64}]",1002722,,
MANFORCE OVERTIME 3,1002724,manforce overtime 3,10,4,2026-07-21T17:28:12.968Z,4,"[{""purchaseDate"":""2026-07-18T07:33:44.306Z"",""quantity"":4,""batchNumber"":""TRISHUL "",""purchaseBillId"":""MLZKoBJjUBLJggKAF22A"",""adjustmentReason"":null,""purchaseRate"":32,""mrp"":40,""adjustedByName"":null,""expiryDate"":""2028-01-27T18:30:00.000Z"",""isManualAdjustment"":false}]",1002724,,
ELOSONE HT CREAM 15GM,1002728,elosone ht cream 15gm,1,3,2026-07-21T17:21:36.502Z,3,"[{""purchaseRate"":32.38,""adjustedByName"":null,""mrp"":150,""isManualAdjustment"":false,""expiryDate"":""2028-04-27T18:30:00.000Z"",""purchaseDate"":""2026-07-18T06:19:24.778Z"",""batchNumber"":""DIV"",""quantity"":3,""purchaseBillId"":""VNM2zTVGrJ4ZaMslUtMG"",""adjustmentReason"":null}]",1002728,,
TRAPIC MF TABLET 10,,trapic mf tablet 10,1,,,,,1002730,,
RABESEC DSR,,rabesec dsr,1,,,,,1002735,,
LAXORELAX,,laxorelax,1,,,,,1002736,,
OVRAL G 20,,ovral g 20,1,,,,,1002738,,
CREMAFFIN FRESH TABLET 10,,cremaffin fresh tablet 10,1,,,,,1002742,,
NOBEL SPAS TAB 10,,nobel spas tab 10,1,,,,,1002748,,
DYDROBOON,,dydroboon,1,,,,,1002750,,
TRESMOX LB D,,tresmox lb d,1,,,,,1002752,,
BRUSH CHILD 1,1002759,brush child 1,10,11,2026-07-19T10:13:23.581Z,11,"[{""purchaseDate"":""2026-07-18T16:34:09.706Z"",""quantity"":11,""batchNumber"":""?"",""purchaseBillId"":""xiMCJHYWelCBQ90mlTTr"",""adjustmentReason"":null,""purchaseRate"":7.2,""adjustedByName"":null,""mrp"":28,""isManualAdjustment"":false,""expiryDate"":""2027-07-27T18:30:00.000Z""}]",1002759,,
PARTYSMART 5,,partysmart 5,1,,,,,1002772,,
DOXYKIND LB,,doxykind lb,1,,,,,1002777,,
URIKIND 200MG TABLET 10,,urikind 200mg tablet 10,1,,,,,1002784,,
METHYLCOBAL 500 15,,methylcobal 500 15,1,,,,,1002788,,
TAYO TOTAL,,tayo total,1,,,,,1002799,,
SOLICEPT 5MG,,solicept 5mg,1,,,,,1002803,,
OLMETIME H 40 TAB 10,,olmetime h 40 tab 10,1,,,,,1002806,,
CIPLOX 0Z,,ciplox 0z,1,,,,,1002810,,
OFLOX OZ,,oflox oz,1,,,,,1002816,,
BETNESOL FORTE,,betnesol forte,1,,,,,1002818,,
MOOV COOL OINTMENT 10GM,1002822,moov cool ointment 10gm,1,2,2026-07-19T15:49:17.304Z,2,"[{""adjustmentReason"":null,""purchaseBillId"":""741nuHnyq2HPzUHwPany"",""batchNumber"":""ITI"",""quantity"":2,""purchaseDate"":""2026-07-16T14:35:03.825Z"",""isManualAdjustment"":false,""expiryDate"":""2027-07-30T18:30:00.000Z"",""purchaseRate"":44.44,""mrp"":56,""adjustedByName"":null}]",1002822,,
ASCORIL LS DROP 15ML,1002824,ascoril ls drop 15ml,1,3,2026-07-23T07:11:41.416Z,3,"[{""expiryDate"":""2028-02-27T18:30:00.000Z"",""purchaseDate"":""2026-07-17T15:06:47.110Z"",""isManualAdjustment"":false,""mrp"":88.13,""adjustmentReason"":null,""adjustedByName"":null,""batchNumber"":""MEDIBASKET "",""quantity"":3,""purchaseBillId"":""sIBrxawP5tddMZN0yUmB"",""purchaseRate"":67.14}]",1002824,,
HIMALAYA ASHWAGANDHA TAB 1,,himalaya ashwagandha tab 1,1,,,,,1002835,,
NUROKIND OD 20,,nurokind od 20,1,20,2026-07-17T14:19:03.528Z,20,"[{""isManualAdjustment"":false,""quantity"":20,""adjustmentReason"":null,""adjustedByName"":null,""mrp"":212.12,""purchaseRate"":161.62,""expiryDate"":""2028-02-27T18:30:00.000Z"",""purchaseBillId"":""xBTrbkuespbKiykpnkQu"",""purchaseDate"":""2026-07-17T10:49:12.489Z"",""batchNumber"":""F25Z003 ANILA MEDICAL ""}]",1002837,,
SUPRACAL TABLET 15,,supracal tablet 15,1,,,,,1002839,,
LIV 52 DS SYRUP 100ML,1002853,liv 52 ds syrup 100ml,10,1,2026-07-19T15:49:18.754Z,1,"[{""purchaseBillId"":""741nuHnyq2HPzUHwPany"",""adjustmentReason"":null,""purchaseDate"":""2026-07-16T14:35:03.825Z"",""batchNumber"":""MEDIBASKET"",""quantity"":1,""isManualAdjustment"":false,""expiryDate"":""2026-08-27T18:30:00.000Z"",""mrp"":220,""adjustedByName"":null,""purchaseRate"":156.96}]",1002853,,
ISABGOL 50GM,1002855,isabgol 50gm,10,0,2026-07-21T12:49:20.304Z,0,[],1002855,,
MOOV SPRAY 35GM,1002868,moov spray 35gm,1,1,2026-07-19T15:49:17.349Z,1,"[{""purchaseBillId"":""741nuHnyq2HPzUHwPany"",""adjustmentReason"":null,""purchaseDate"":""2026-07-16T14:35:03.825Z"",""batchNumber"":""1"",""quantity"":1,""isManualAdjustment"":false,""expiryDate"":""2029-02-27T18:30:00.000Z"",""mrp"":180,""adjustedByName"":null,""purchaseRate"":139.13}]",1002868,,
ELTROXIN 25 120,1002887,eltroxin 25 120,10,1,2026-07-21T17:28:12.883Z,1,"[{""expiryDate"":""2026-09-27T18:30:00.000Z"",""isManualAdjustment"":false,""mrp"":196.91,""adjustedByName"":null,""purchaseRate"":138.26,""adjustmentReason"":null,""purchaseBillId"":""MLZKoBJjUBLJggKAF22A"",""quantity"":1,""batchNumber"":""MEDIBASKET "",""purchaseDate"":""2026-07-18T07:33:44.306Z""}]",1002887,,
TRENEXA MF TAB 10,,trenexa mf tab 10,1,,,,,1002891,,
ORS POWDER,,ors powder,1,,,,,1002895,,
ISOTROIN 20MG,,isotroin 20mg,1,,,,,1002897,,
ISOTROIN 5MG,,isotroin 5mg,1,,,,,1002898,,
TAXIM O 200,,taxim o 200,1,,,,,1002904,,
XEROLENE CREAM 50GM,1002907,xerolene cream 50gm,1,3,2026-07-23T07:11:41.416Z,3,"[{""quantity"":3,""purchaseBillId"":""sIBrxawP5tddMZN0yUmB"",""purchaseRate"":291.53,""adjustmentReason"":null,""mrp"":430,""adjustedByName"":null,""batchNumber"":""MEDIBSKET "",""expiryDate"":""2026-09-27T18:30:00.000Z"",""isManualAdjustment"":false,""purchaseDate"":""2026-07-17T15:06:47.110Z""}]",1002907,,
ROZALET 20 TAB,,rozalet 20 tab,1,,,,,1002916,,
ZOLFRESH 10MG,,zolfresh 10mg,1,,,,,1002918,,
GABAPIN NT400 TAB,,gabapin nt400 tab,1,,,,,1002920,,
VYSON M 50/1000,,vyson m 50/1000,1,,,,,1002924,,
VOGLISTAR GM 1,,voglistar gm 1,1,,,,,1002927,,
ROSEDAY A 10,,roseday a 10,1,,,,,1002932,,
SITAEDGE DM 500,,sitaedge dm 500,1,,,,,1002934,,
MBTRON TABLET 10,,mbtron tablet 10,1,10,2026-07-17T10:04:06.457Z,10,"[{""isManualAdjustment"":false,""adjustmentReason"":null,""quantity"":10,""adjustedByName"":null,""mrp"":140.63,""purchaseRate"":107.14,""purchaseBillId"":""6ay79HpxBVdyHOQ5EL0S"",""expiryDate"":""2027-07-30T18:30:00.000Z"",""purchaseDate"":""2026-07-14T06:31:27.837Z"",""batchNumber"":""MATT2605""}]",1002940,,
CEFOSANTE 200 TABLET 10,,cefosante 200 tablet 10,1,,,,,1002942,,
CETZINE COLD TAB 10,,cetzine cold tab 10,1,20,2026-07-23T04:41:38.307Z,20,"[{""expiryDate"":""2027-11-27T18:30:00.000Z"",""isManualAdjustment"":false,""purchaseDate"":""2026-07-22T14:44:06.335Z"",""purchaseRate"":34.16,""purchaseBillId"":""JqsSYYOsP2YTNhCeQ6Cc"",""quantity"":20,""adjustmentReason"":null,""mrp"":45,""adjustedByName"":null,""batchNumber"":""""}]",1002945,,
DYTOR PLUS 5,,dytor plus 5,1,,,,,1002952,,
TONACT ASP 75,,tonact asp 75,1,,,,,1002953,,
CTD T 6.25/20 TAB,,ctd t 6.25/20 tab,1,,,,,1002955,,
TAYO 60K 8,,tayo 60k 8,1,,,,,1002961,,
ZERODOL TH8,,zerodol th8,1,,,,,1002962,,
VITAL Z POWDER 560GM,1002964,vital z powder 560gm,10,1,2026-07-21T12:45:24.640Z,1,"[{""purchaseRate"":225,""mrp"":296.09,""adjustedByName"":null,""isManualAdjustment"":false,""expiryDate"":""2027-12-27T18:30:00.000Z"",""purchaseDate"":""2026-07-20T11:44:41.155Z"",""quantity"":1,""batchNumber"":""DC"",""purchaseBillId"":""DpRyosVyLI5rlWmgtOFb"",""adjustmentReason"":null}]",1002964,,
PRIXAIN D 75/20,,prixain d 75/20,1,,,,,1002970,,
SOMPRAZ IT TAB,,sompraz it tab,1,,,,,1002972,,
TELMIBITE 40/50,,telmibite 40/50,1,,,,,1002973,,
RIFAGUT 200 TAB 10,,rifagut 200 tab 10,1,,,,,1002982,,
APTAMIL GOLD STAGE 3 400G,1002987,aptamil gold stage 3 400g,1,1,2026-07-19T15:49:17.049Z,1,"[{""isManualAdjustment"":false,""expiryDate"":""2027-07-16T15:27:39.443Z"",""purchaseRate"":831.17,""adjustedByName"":null,""mrp"":960,""adjustmentReason"":null,""purchaseBillId"":""741nuHnyq2HPzUHwPany"",""batchNumber"":""SUNIL"",""quantity"":1,""purchaseDate"":""2026-07-16T14:35:03.825Z""}]",1002987,,
BRO ZEDEX LS RASPBERRY 100ML,1002993,bro zedex ls raspberry 100ml,1,1,2026-07-17T10:04:09.439Z,1,"[{""batchNumber"":""MEDI BASKET "",""isManualAdjustment"":false,""expiryDate"":""2027-09-30T18:30:00.000Z"",""quantity"":1,""purchaseBillId"":""6ay79HpxBVdyHOQ5EL0S"",""adjustmentReason"":null,""purchaseRate"":137.85,""mrp"":180.93,""adjustedByName"":null,""purchaseDate"":""2026-07-14T06:31:27.837Z""}]",1002993,,
VOLIX 0.2 TABLET 15,,volix 0.2 tablet 15,1,,,,,1002995,,
BETACAP TR 40MG,,betacap tr 40mg,1,30,2026-07-19T08:36:37.120Z,30,"[{""purchaseBillId"":""PENDING_BATCH"",""adjustmentReason"":null,""purchaseDate"":""2026-07-19T07:45:02.731Z"",""batchNumber"":""SIH0770A"",""quantity"":30,""isManualAdjustment"":false,""expiryDate"":""2028-03-27T18:30:00.000Z"",""purchaseRate"":34.5,""adjustedByName"":null,""mrp"":45.28}]",1002997,,
REVOCON,,revocon,1,,,,,1003001,,
PACITANE,,pacitane,1,,,,,1003003,,
ENO FRUIT SALT 5GM,,eno fruit salt 5gm,1,20,2026-07-21T17:28:12.020Z,20,"[{""purchaseRate"":7.94,""mrp"":10,""adjustedByName"":null,""isManualAdjustment"":false,""expiryDate"":""2027-07-27T18:30:00.000Z"",""batchNumber"":""VN SUPPLIES"",""quantity"":20,""purchaseDate"":""2026-07-18T07:33:44.306Z"",""adjustmentReason"":null,""purchaseBillId"":""MLZKoBJjUBLJggKAF22A""}]",1003007,,
DIGINE GEL ORANGE 200ML,1003013,digine gel orange 200ml,1,1,2026-07-17T10:04:07.887Z,1,"[{""mrp"":180.74,""purchaseDate"":""2026-07-14T06:31:27.837Z"",""adjustedByName"":null,""quantity"":1,""purchaseRate"":137.71,""adjustmentReason"":null,""purchaseBillId"":""6ay79HpxBVdyHOQ5EL0S"",""expiryDate"":""2027-11-30T18:30:00.000Z"",""batchNumber"":""MEDIHUB "",""isManualAdjustment"":false}]",1003013,,
TELVAS AM,,telvas am,1,,,,,1003017,,
DEPRAN  TAB 10,,depran  tab 10,1,,,,,1003029,,
DYTOR PLUS 10,,dytor plus 10,1,,,,,1003033,,
ARACHITOL INJECTION 1,1003036,arachitol injection 1,1,15,2026-07-21T15:59:08.280Z,15,"[{""purchaseRate"":71,""mrp"":93.26,""adjustedByName"":null,""expiryDate"":""2028-11-27T18:30:00.000Z"",""isManualAdjustment"":false,""batchNumber"":""PCM0046A ANILA MEDICAL "",""quantity"":6,""purchaseDate"":""2026-07-17T10:49:12.489Z"",""adjustmentReason"":null,""purchaseBillId"":""xBTrbkuespbKiykpnkQu""},{""purchaseRate"":64.6,""mrp"":82.22,""adjustedByName"":null,""isManualAdjustment"":false,""expiryDate"":""2028-11-27T18:30:00.000Z"",""purchaseDate"":""2026-07-21T15:14:34.744Z"",""batchNumber"":""DC AGENCIES "",""quantity"":9,""purchaseBillId"":""Jgat3IieqMJG7Pua1kp5"",""adjustmentReason"":null}]",1003036,,
XILINGIO 25/5,,xilingio 25/5,1,,,,,1003039,,
SILOCREST D,,silocrest d,1,,,,,1003041,,
MACBERRY JUNIOR 60ML,1003047,macberry junior 60ml,1,6,2026-07-23T07:11:41.532Z,6,"[{""expiryDate"":""2027-10-27T18:30:00.000Z"",""isManualAdjustment"":false,""purchaseDate"":""2026-07-17T15:06:47.110Z"",""adjustmentReason"":null,""mrp"":107.7,""adjustedByName"":null,""batchNumber"":""MEDIBASKET "",""purchaseBillId"":""sIBrxawP5tddMZN0yUmB"",""purchaseRate"":76.22,""quantity"":6}]",1003047,,
EMPAGLYDE L10  TAB 10,,empaglyde l10  tab 10,1,,,,,1003051,,
PCOXIB TAB 10,,pcoxib tab 10,1,,,,,1003055,,
HILIN 50 TAB,,hilin 50 tab,1,,,,,1003057,,
OFLOTAS OZ,,oflotas oz,1,,,,,1003059,,
SATROGYL O SYRUP 100ML,1003061,satrogyl o syrup 100ml,1,1,2026-07-19T12:27:31.616Z,1,"[{""mrp"":137,""adjustedByName"":null,""purchaseRate"":108,""expiryDate"":""2027-07-16T16:03:33.896Z"",""isManualAdjustment"":false,""purchaseDate"":""2026-07-16T15:54:16.728Z"",""batchNumber"":""ANILA"",""quantity"":1,""purchaseBillId"":""iWGAUP8RNvmP0LcHYz2w"",""adjustmentReason"":null}]",1003061,,
PROLOMET AM 25MG TAB 10,,prolomet am 25mg tab 10,1,,,,,1003063,,
EYEMIST EYE DROP 10ML,1003067,eyemist eye drop 10ml,1,2,2026-07-19T16:51:46.379Z,2,"[{""expiryDate"":""2027-12-30T18:30:00.000Z"",""isManualAdjustment"":false,""mrp"":230.63,""adjustedByName"":null,""purchaseRate"":175.66,""purchaseBillId"":""Wb0URARJjcauzq4XREMe"",""adjustmentReason"":null,""purchaseDate"":""2026-07-16T11:46:43.781Z"",""quantity"":1,""batchNumber"":""ZEG0030A (MEDIBASKET)""},{""expiryDate"":""2028-06-29T18:30:00.000Z"",""isManualAdjustment"":false,""purchaseRate"":182,""adjustedByName"":null,""mrp"":246,""adjustmentReason"":null,""purchaseBillId"":""Wb0URARJjcauzq4XREMe"",""quantity"":1,""batchNumber"":""ZEG0347A (MEDIBASKET)"",""purchaseDate"":""2026-07-16T11:46:43.781Z""}]",1003067,,
KERAGLO EVA TAB 10,,keraglo eva tab 10,1,,,,,1003069,,
LIV.52 DS TAB 60,,liv.52 ds tab 60,1,,,,,1003071,,
UDILIV 150 TAB 15,,udiliv 150 tab 15,1,,,,,1003073,,
LOSARNTE 10 TAB 10,,losarnte 10 tab 10,1,,,,,1003080,,
XILINGIO M 25/5/1000,,xilingio m 25/5/1000,1,,,,,1003082,,
AMARYL 1 30,,amaryl 1 30,1,,,,,1003086,,
NAXPRO RD 40 10,,naxpro rd 40 10,1,,,,,1003087,,
DAROLAC TABLET 10,,darolac tablet 10,1,,,,,1003089,,
NEERI TAB 30,,neeri tab 30,1,,,,,1003094,,
AQUAGERMINA SUS 5ML,1003098,aquagermina sus 5ml,10,8,2026-07-21T15:59:08.182Z,8,"[{""isManualAdjustment"":false,""expiryDate"":""2027-07-27T18:30:00.000Z"",""purchaseRate"":16,""mrp"":71,""adjustedByName"":null,""adjustmentReason"":null,""purchaseBillId"":""Jgat3IieqMJG7Pua1kp5"",""batchNumber"":""DIVFORD HEALTHCARE"",""quantity"":8,""purchaseDate"":""2026-07-21T15:14:34.744Z""}]",1003098,,
MAMY POKO PANTS SINGLE XL 1,1003105,mamy poko pants single xl 1,10,2,2026-07-19T10:13:19.923Z,2,"[{""expiryDate"":""2027-07-27T18:30:00.000Z"",""isManualAdjustment"":false,""adjustedByName"":null,""mrp"":17,""purchaseRate"":11,""adjustmentReason"":null,""purchaseBillId"":""xiMCJHYWelCBQ90mlTTr"",""quantity"":2,""batchNumber"":"""",""purchaseDate"":""2026-07-18T16:34:09.706Z""}]",1003105,,
TELVAS H 40,,telvas h 40,1,,,,,1003107,,
SEROFLO250 RC 30,,seroflo250 rc 30,1,,,,,1003108,,
DERIPHYLLIN M,,deriphyllin m,1,,,,,1003110,,
GOKSHURA TAB 60,,gokshura tab 60,1,120,2026-07-19T15:49:17.899Z,120,"[{""purchaseDate"":""2026-07-16T14:35:03.825Z"",""quantity"":120,""batchNumber"":""VISION"",""purchaseBillId"":""741nuHnyq2HPzUHwPany"",""adjustmentReason"":null,""mrp"":275,""adjustedByName"":null,""purchaseRate"":209.52,""isManualAdjustment"":false,""expiryDate"":""2028-06-27T18:30:00.000Z""}]",1003112,,
HEAD N SHOULDER SHAMPOO 2ML,1003120,head n shoulder shampoo 2ml,10,59,2026-07-21T12:45:24.642Z,59,"[{""expiryDate"":""2027-07-27T18:30:00.000Z"",""isManualAdjustment"":false,""mrp"":2,""adjustedByName"":null,""purchaseRate"":1.9,""purchaseBillId"":""DpRyosVyLI5rlWmgtOFb"",""adjustmentReason"":null,""purchaseDate"":""2026-07-20T11:44:41.155Z"",""quantity"":59,""batchNumber"":""PRIDE""}]",1003120,,
UDILIV 300,,udiliv 300,1,,,,,1003126,,
EBAST DC,,ebast dc,1,,,,,1003128,,
GULABARI LIQUID 250ML,1003138,gulabari liquid 250ml,10,3,2026-07-22T06:39:50.947Z,3,"[{""purchaseRate"":78,""purchaseBillId"":""bhRRAkKAOo0qkLvJKDIR"",""adjustmentReason"":null,""purchaseDate"":""2026-07-19T14:37:06.308Z"",""adjustedByName"":null,""batchNumber"":""GUPTA CO"",""isManualAdjustment"":false,""quantity"":3,""mrp"":92,""expiryDate"":""2027-07-27T18:30:00.000Z""}]",1003138,,
CONTIMEGA Q10,,contimega q10,1,0,2026-07-22T06:33:02.481Z,0,"[{""purchaseDate"":""2026-07-21T12:37:09.981Z"",""purchaseRate"":71.5,""purchaseBillId"":""PENDING_BATCH"",""adjustmentReason"":null,""adjustedByName"":null,""batchNumber"":""DIVFORD HEALTHCARE"",""isManualAdjustment"":false,""quantity"":0,""expiryDate"":""2027-08-27T18:30:00.000Z"",""mrp"":351}]",1003140,,
BLUE MASK 100,1003142,blue mask 100,10,4,2026-07-21T12:45:23.892Z,4,"[{""batchNumber"":"""",""quantity"":4,""purchaseDate"":""2026-07-20T11:44:41.155Z"",""adjustmentReason"":null,""purchaseBillId"":""DpRyosVyLI5rlWmgtOFb"",""purchaseRate"":0.9,""mrp"":10,""adjustedByName"":null,""expiryDate"":""2027-07-27T18:30:00.000Z"",""isManualAdjustment"":false}]",1003142,,
ABDOMINAL SUPPORT BELT M 1,1003144,abdominal support belt m 1,10,1,2026-07-22T06:39:50.792Z,1,"[{""adjustedByName"":null,""expiryDate"":""2027-07-27T18:30:00.000Z"",""mrp"":710,""batchNumber"":""STAR"",""quantity"":1,""isManualAdjustment"":false,""purchaseDate"":""2026-07-19T14:37:06.308Z"",""purchaseBillId"":""bhRRAkKAOo0qkLvJKDIR"",""adjustmentReason"":null,""purchaseRate"":164.29}]",1003144,,
KNEE CAP XL 1,1003147,knee cap xl 1,10,1,2026-07-22T06:39:50.597Z,1,"[{""adjustedByName"":null,""mrp"":429,""expiryDate"":""2027-07-27T18:30:00.000Z"",""quantity"":1,""batchNumber"":""SSD"",""isManualAdjustment"":false,""purchaseRate"":80,""adjustmentReason"":null,""purchaseBillId"":""bhRRAkKAOo0qkLvJKDIR"",""purchaseDate"":""2026-07-19T14:37:06.308Z""}]",1003147,,
BREAST PUMP 1,1003149,breast pump 1,10,1,2026-07-22T06:39:50.502Z,1,"[{""purchaseDate"":""2026-07-19T14:37:06.308Z"",""purchaseRate"":450,""purchaseBillId"":""bhRRAkKAOo0qkLvJKDIR"",""adjustmentReason"":null,""isManualAdjustment"":false,""batchNumber"":""SSD"",""quantity"":1,""mrp"":2990,""expiryDate"":""2027-07-27T18:30:00.000Z"",""adjustedByName"":null}]",1003149,,
BIO D3 MAX,,bio d3 max,1,,,,,1003152,,
EVION LC,,evion lc,1,,,,,1003154,,
SOLHIKE D3 60K 4,,solhike d3 60k 4,1,,,,,1003155,,
NUROKIND GOLD AMPOULE 2ML,1003159,nurokind gold ampoule 2ml,10,1,2026-07-21T15:59:08.366Z,1,"[{""purchaseBillId"":""Jgat3IieqMJG7Pua1kp5"",""adjustmentReason"":null,""purchaseDate"":""2026-07-21T15:14:34.744Z"",""quantity"":1,""batchNumber"":""ANILA MEDICAL "",""expiryDate"":""2027-07-27T18:30:00.000Z"",""isManualAdjustment"":false,""mrp"":32.6,""adjustedByName"":null,""purchaseRate"":23.29}]",1003159,,
NUROKIND PLUS NF 2ML*4,1003163,nurokind plus nf 2ml*4,10,1,2026-07-21T15:59:08.367Z,1,"[{""expiryDate"":""2027-07-27T18:30:00.000Z"",""isManualAdjustment"":false,""mrp"":125.72,""adjustedByName"":null,""purchaseRate"":89.8,""adjustmentReason"":null,""purchaseBillId"":""Jgat3IieqMJG7Pua1kp5"",""batchNumber"":""MEDIBASKET "",""quantity"":1,""purchaseDate"":""2026-07-21T15:14:34.744Z""}]",1003163,,
DP GESIC,,dp gesic,1,,,,,1003166,,
UBIBOOST LC FORTE,,ubiboost lc forte,1,,,,,1003169,,
UNISTAR 5/75,,unistar 5/75,1,,,,,1003172,,
TAZLIVE CH 10/40/12.5,,tazlive ch 10/40/12.5,1,,,,,1003173,,
LIPIKIND F 10,,lipikind f 10,1,,,,,1003177,,
HCQS 200,,hcqs 200,1,,,,,1003181,,
NEXPRO RD 40MG,,nexpro rd 40mg,1,,,,,1003183,,
GABAPIN NT 200,,gabapin nt 200,1,,,,,1003191,,
RABEKIND 20,,rabekind 20,1,,,,,1003193,,
TOLKEM D,,tolkem d,1,,,,,1003197,,
ANKLE SUPPORT 1,1003199,ankle support 1,10,1,2026-07-22T06:39:50.501Z,1,"[{""mrp"":350,""expiryDate"":""2027-07-27T18:30:00.000Z"",""isManualAdjustment"":false,""quantity"":1,""batchNumber"":""MAHADEV"",""adjustedByName"":null,""purchaseDate"":""2026-07-19T14:37:06.308Z"",""purchaseRate"":100,""adjustmentReason"":null,""purchaseBillId"":""bhRRAkKAOo0qkLvJKDIR""}]",1003199,,
ECOSPRIN GOLD 10,,ecosprin gold 10,1,,,,,1003201,,
ECOSPRIN GOLD 40,,ecosprin gold 40,1,,,,,1003203,,
NAPRA D 250 10,,napra d 250 10,1,,,,,1003205,,
NAPRA D 500 10,,napra d 500 10,1,,,,,1003206,,
NICIP 100MG 10,,nicip 100mg 10,1,,,,,1003211,,
CETAPHIL GENTLE CLEANSER 1,,cetaphil gentle cleanser 1,1,,,,,1003213,,
LIPZLITE CREAM 1,,lipzlite cream 1,1,,,,,1003214,,
KAYAM CHURAN 1,1003218,kayam churan 1,10,1,2026-07-22T06:39:51.928Z,1,"[{""adjustmentReason"":null,""purchaseBillId"":""bhRRAkKAOo0qkLvJKDIR"",""purchaseRate"":47.56,""purchaseDate"":""2026-07-19T14:37:06.308Z"",""batchNumber"":""CHIRAYU"",""isManualAdjustment"":false,""quantity"":1,""mrp"":58,""expiryDate"":""2027-02-27T18:30:00.000Z"",""adjustedByName"":null}]",1003218,,
DUREX CLOSEFIT 3,1003232,durex closefit 3,10,1,2026-07-19T11:30:27.267Z,1,"[{""expiryDate"":""2027-07-19T11:30:27.267Z"",""isManualAdjustment"":false,""adjustedByName"":null,""mrp"":0,""purchaseRate"":0,""adjustmentReason"":null,""purchaseBillId"":""REVERTED_SALE"",""quantity"":1,""batchNumber"":""ITI ENTERNATIONAL "",""purchaseDate"":""2026-07-19T11:30:27.267Z""}]",1003232,,
GLUXIT 10,,gluxit 10,1,,,,,1003236,,
BILATEX M 20/10,,bilatex m 20/10,1,,,,,1003238,,
GARNIER SERUM FACE MASK 115 1,1003247,garnier serum face mask 115 1,10,2,2026-07-22T06:39:50.881Z,2,"[{""adjustedByName"":null,""isManualAdjustment"":false,""batchNumber"":""?"",""quantity"":2,""expiryDate"":""2027-07-27T18:30:00.000Z"",""mrp"":99,""adjustmentReason"":null,""purchaseRate"":65,""purchaseBillId"":""bhRRAkKAOo0qkLvJKDIR"",""purchaseDate"":""2026-07-19T14:37:06.308Z""}]",1003247,,
MYLAMIN GOLD,,mylamin gold,1,,,,,1003249,,
RENOLEN E/D 1,1003251,renolen e/d 1,1,1,2026-07-17T10:04:10.493Z,1,"[{""expiryDate"":""2028-10-31T18:30:00.000Z"",""batchNumber"":""25410042 C AGENCIES "",""isManualAdjustment"":false,""mrp"":92.62,""adjustedByName"":null,""purchaseDate"":""2026-07-14T06:31:27.837Z"",""quantity"":1,""purchaseRate"":70.57,""adjustmentReason"":null,""purchaseBillId"":""6ay79HpxBVdyHOQ5EL0S""}]",1003251,,
EVAMORE SUNSCREEN 1,1003255,evamore sunscreen 1,10,1,2026-07-21T06:24:36.021Z,1,"[{""adjustmentReason"":null,""purchaseBillId"":""dnjvJhQGytUmyRCPiDsP"",""batchNumber"":""ganisha pharma "",""quantity"":1,""purchaseDate"":""2026-07-20T16:07:21.820Z"",""isManualAdjustment"":false,""expiryDate"":""2026-12-27T18:30:00.000Z"",""purchaseRate"":89.5,""adjustedByName"":null,""mrp"":540}]",1003255,,
OROGUARD MOUTHWASH 100ML,1003257,oroguard mouthwash 100ml,10,1,2026-07-19T10:13:19.928Z,1,"[{""batchNumber"":"""",""quantity"":1,""purchaseDate"":""2026-07-18T16:34:09.706Z"",""adjustmentReason"":null,""purchaseBillId"":""xiMCJHYWelCBQ90mlTTr"",""purchaseRate"":36.67,""adjustedByName"":null,""mrp"":125,""expiryDate"":""2027-07-27T18:30:00.000Z"",""isManualAdjustment"":false}]",1003257,,
SENTUM 250,,sentum 250,1,,,,,1003261,,
DUOLIN LD 2.5 RESPULE 5,1003281,duolin ld 2.5 respule 5,10,1,2026-07-21T15:59:08.368Z,1,"[{""quantity"":1,""batchNumber"":""DC AGENCIES "",""purchaseDate"":""2026-07-21T15:14:34.744Z"",""adjustmentReason"":null,""purchaseBillId"":""Jgat3IieqMJG7Pua1kp5"",""mrp"":101.8,""adjustedByName"":null,""purchaseRate"":72.7,""isManualAdjustment"":false,""expiryDate"":""2027-04-27T18:30:00.000Z""}]",1003281,,
MEDERMA STRETCH MARK 25G,1003283,mederma stretch mark 25g,1,3,2026-07-23T07:11:41.297Z,3,"[{""purchaseDate"":""2026-07-17T15:06:47.110Z"",""isManualAdjustment"":false,""expiryDate"":""2028-06-27T18:30:00.000Z"",""quantity"":3,""purchaseBillId"":""sIBrxawP5tddMZN0yUmB"",""purchaseRate"":427.09,""adjustedByName"":null,""batchNumber"":""DC AGENCIES "",""mrp"":595,""adjustmentReason"":null}]",1003283,,
GEMCAL XT TAB 15,,gemcal xt tab 15,1,,,,,1003289,,
GLYCINORM M 80,,glycinorm m 80,1,,,,,1003291,,
OXRA S 10/100,,oxra s 10/100,1,,,,,1003293,,
HARA MALHAM 100GM,1003303,hara malham 100gm,10,2,2026-07-19T15:49:17.500Z,2,"[{""purchaseDate"":""2026-07-16T14:35:03.825Z"",""quantity"":2,""batchNumber"":"""",""purchaseBillId"":""741nuHnyq2HPzUHwPany"",""adjustmentReason"":null,""mrp"":140,""adjustedByName"":null,""purchaseRate"":84,""expiryDate"":""2028-07-27T18:30:00.000Z"",""isManualAdjustment"":false}]",1003303,,
HARA MALHAM 25GM,1003305,hara malham 25gm,10,2,2026-07-19T15:49:17.451Z,2,"[{""purchaseRate"":30,""adjustedByName"":null,""mrp"":50,""expiryDate"":""2028-07-27T18:30:00.000Z"",""isManualAdjustment"":false,""batchNumber"":"""",""quantity"":2,""purchaseDate"":""2026-07-16T14:35:03.825Z"",""adjustmentReason"":null,""purchaseBillId"":""741nuHnyq2HPzUHwPany""}]",1003305,,
GILOY JUICE 1L,1003309,giloy juice 1l,10,1,2026-07-22T06:39:51.848Z,1,"[{""purchaseDate"":""2026-07-19T14:37:06.308Z"",""purchaseRate"":187.5,""adjustmentReason"":null,""purchaseBillId"":""bhRRAkKAOo0qkLvJKDIR"",""isManualAdjustment"":false,""quantity"":1,""batchNumber"":""SANDESH"",""expiryDate"":""2026-12-27T18:30:00.000Z"",""mrp"":280,""adjustedByName"":null}]",1003309,,
JAMUN NEEM KERELA 1L,1003311,jamun neem kerela 1l,10,2,2026-07-22T06:39:51.848Z,2,"[{""purchaseBillId"":""bhRRAkKAOo0qkLvJKDIR"",""purchaseRate"":250,""adjustmentReason"":null,""purchaseDate"":""2026-07-19T14:37:06.308Z"",""batchNumber"":""SANDESH"",""quantity"":2,""isManualAdjustment"":false,""expiryDate"":""2027-03-27T18:30:00.000Z"",""mrp"":315,""adjustedByName"":null}]",1003311,,
DABUR HONEY 250GM,1003313,dabur honey 250gm,10,1,2026-07-22T06:39:51.664Z,1,"[{""purchaseDate"":""2026-07-19T14:37:06.308Z"",""purchaseBillId"":""bhRRAkKAOo0qkLvJKDIR"",""adjustmentReason"":null,""purchaseRate"":105.6,""adjustedByName"":null,""quantity"":1,""batchNumber"":""GUPTACO"",""isManualAdjustment"":false,""mrp"":125,""expiryDate"":""2027-07-27T18:30:00.000Z""}]",1003313,,
AMRUTANJAL ROLL ON 5ML,1003317,amrutanjal roll on 5ml,10,4,2026-07-19T16:51:29.752Z,4,"[{""purchaseBillId"":""Wb0URARJjcauzq4XREMe"",""adjustmentReason"":null,""purchaseDate"":""2026-07-16T11:46:43.781Z"",""quantity"":4,""batchNumber"":""CHIRAYU"",""expiryDate"":""2027-11-27T18:30:00.000Z"",""isManualAdjustment"":false,""adjustedByName"":null,""mrp"":66,""purchaseRate"":53.42}]",1003317,,
CROCIN LOZENGES,,crocin lozenges,1,60,2026-07-21T17:28:11.919Z,60,"[{""mrp"":35,""adjustedByName"":null,""purchaseRate"":23,""isManualAdjustment"":false,""expiryDate"":""2027-07-27T18:30:00.000Z"",""batchNumber"":""VN SUPPLIES"",""quantity"":60,""purchaseDate"":""2026-07-18T07:33:44.306Z"",""adjustmentReason"":null,""purchaseBillId"":""MLZKoBJjUBLJggKAF22A""}]",1003319,,
SENSO COMPLTE MOUTHWASH 250ML,1003322,senso complte mouthwash 250ml,10,1,2026-07-19T10:13:19.926Z,1,"[{""adjustmentReason"":null,""purchaseBillId"":""xiMCJHYWelCBQ90mlTTr"",""quantity"":1,""batchNumber"":"""",""purchaseDate"":""2026-07-18T16:34:09.706Z"",""expiryDate"":""2027-07-27T18:30:00.000Z"",""isManualAdjustment"":false,""purchaseRate"":176.86,""mrp"":240,""adjustedByName"":null}]",1003322,,
MANFORCE CHOCO HAZELNUT 99 10,,manforce choco hazelnut 99 10,1,,,,,1003331,,
MANFORCE EPIC LITCHI LUBE 60ML,1003333,manforce epic litchi lube 60ml,10,1,2026-07-21T17:28:13.268Z,1,"[{""purchaseDate"":""2026-07-18T07:33:44.306Z"",""batchNumber"":""TRISHUL"",""quantity"":1,""purchaseBillId"":""MLZKoBJjUBLJggKAF22A"",""adjustmentReason"":null,""purchaseRate"":180,""adjustedByName"":null,""mrp"":400,""expiryDate"":""2026-11-27T18:30:00.000Z"",""isManualAdjustment"":false}]",1003333,,
MANFORCE EPIC STRAWBERRY LUBE 60ML,1003335,manforce epic strawberry lube 60ml,10,0,2026-07-19T11:38:54.153Z,0,[],1003335,,
CALCITUS D3 CAP,,calcitus d3 cap,1,,,,,1003338,,
VB7 TAB BIOTIN 5MG 10,,vb7 tab biotin 5mg 10,1,,,,,1003342,,
SOLHIKE D3 SOLUTION 5ML 4,,solhike d3 solution 5ml 4,1,,,,,1003344,,
WATER BOTTLE 1LTR 1L,1003346,water bottle 1ltr 1l,10,25,2026-07-21T12:45:23.358Z,25,"[{""expiryDate"":""2027-07-27T18:30:00.000Z"",""isManualAdjustment"":false,""purchaseRate"":7.5,""mrp"":20,""adjustedByName"":null,""purchaseBillId"":""DpRyosVyLI5rlWmgtOFb"",""adjustmentReason"":null,""purchaseDate"":""2026-07-20T11:44:41.155Z"",""batchNumber"":"""",""quantity"":25}]",1003346,,
WATER BOTTLE 500ML,1003348,water bottle 500ml,10,25,2026-07-21T12:45:23.295Z,25,"[{""adjustmentReason"":null,""purchaseBillId"":""DpRyosVyLI5rlWmgtOFb"",""quantity"":25,""batchNumber"":"""",""purchaseDate"":""2026-07-20T11:44:41.155Z"",""isManualAdjustment"":false,""expiryDate"":""2027-07-27T18:30:00.000Z"",""purchaseRate"":5,""mrp"":10,""adjustedByName"":null}]",1003348,,
CERVICAL COLLAR,1003354,cervical collar,10,2,2026-07-22T06:39:50.502Z,2,"[{""purchaseBillId"":""bhRRAkKAOo0qkLvJKDIR"",""purchaseRate"":120,""adjustmentReason"":null,""purchaseDate"":""2026-07-19T14:37:06.308Z"",""adjustedByName"":null,""batchNumber"":""SSD"",""isManualAdjustment"":false,""quantity"":2,""expiryDate"":""2027-07-27T18:30:00.000Z"",""mrp"":410}]",1003354,,
ARM SLIM POUCH,1003356,arm slim pouch,10,1,2026-07-22T06:39:50.499Z,1,"[{""mrp"":439,""expiryDate"":""2027-07-27T18:30:00.000Z"",""isManualAdjustment"":false,""batchNumber"":""SSD"",""quantity"":1,""adjustedByName"":null,""purchaseBillId"":""bhRRAkKAOo0qkLvJKDIR"",""adjustmentReason"":null,""purchaseRate"":120,""purchaseDate"":""2026-07-19T14:37:06.308Z""}]",1003356,,
CANNULA NO 24 1,1003358,cannula no 24 1,10,5,2026-07-21T12:45:23.720Z,5,"[{""isManualAdjustment"":false,""expiryDate"":""2027-07-27T18:30:00.000Z"",""mrp"":197,""adjustedByName"":null,""purchaseRate"":12,""adjustmentReason"":null,""purchaseBillId"":""DpRyosVyLI5rlWmgtOFb"",""batchNumber"":""SSD PHARMA "",""quantity"":5,""purchaseDate"":""2026-07-20T11:44:41.155Z""}]",1003358,,
CANNULA NO 26 1,1003360,cannula no 26 1,10,7,2026-07-21T12:45:23.721Z,7,"[{""quantity"":7,""batchNumber"":"""",""purchaseDate"":""2026-07-20T11:44:41.155Z"",""adjustmentReason"":null,""purchaseBillId"":""DpRyosVyLI5rlWmgtOFb"",""adjustedByName"":null,""mrp"":200,""purchaseRate"":70,""expiryDate"":""2027-07-27T18:30:00.000Z"",""isManualAdjustment"":false}]",1003360,,
ADULT PULLUPS M SIZE 10,1003362,adult pullups m size 10,10,1,2026-07-22T06:39:51.344Z,1,"[{""adjustmentReason"":null,""purchaseRate"":210,""purchaseBillId"":""bhRRAkKAOo0qkLvJKDIR"",""purchaseDate"":""2026-07-19T14:37:06.308Z"",""mrp"":550,""expiryDate"":""2027-07-27T18:30:00.000Z"",""batchNumber"":""SSD"",""isManualAdjustment"":false,""quantity"":1,""adjustedByName"":null}]",1003362,,
COLIN CLEANING SPRAY 250ML,1003376,colin cleaning spray 250ml,10,2,2026-07-19T16:51:31.266Z,2,"[{""quantity"":2,""batchNumber"":""ITI"",""purchaseDate"":""2026-07-16T11:46:43.781Z"",""adjustmentReason"":null,""purchaseBillId"":""Wb0URARJjcauzq4XREMe"",""purchaseRate"":60.86,""adjustedByName"":null,""mrp"":79,""isManualAdjustment"":false,""expiryDate"":""2028-08-27T18:30:00.000Z""}]",1003376,,
COLIN CLEANING SPRAY 500ML,1003378,colin cleaning spray 500ml,10,2,2026-07-19T16:51:31.266Z,2,"[{""mrp"":120,""adjustedByName"":null,""purchaseRate"":92.45,""expiryDate"":""2028-08-27T18:30:00.000Z"",""isManualAdjustment"":false,""batchNumber"":""ITI"",""quantity"":2,""purchaseDate"":""2026-07-16T11:46:43.781Z"",""adjustmentReason"":null,""purchaseBillId"":""Wb0URARJjcauzq4XREMe""}]",1003378,,
EZEE LIQUID 500ML,1003380,ezee liquid 500ml,10,2,2026-07-19T16:51:31.265Z,2,"[{""expiryDate"":""2027-06-27T18:30:00.000Z"",""isManualAdjustment"":false,""adjustedByName"":null,""mrp"":120,""purchaseRate"":109,""purchaseBillId"":""Wb0URARJjcauzq4XREMe"",""adjustmentReason"":null,""purchaseDate"":""2026-07-16T11:46:43.781Z"",""quantity"":2,""batchNumber"":""OM ""}]",1003380,,
NAIL CLIPPER 1,1003384,nail clipper 1,10,1,2026-07-22T06:39:50.793Z,1,"[{""batchNumber"":""?"",""isManualAdjustment"":false,""quantity"":1,""expiryDate"":""2027-07-27T18:30:00.000Z"",""mrp"":65,""adjustedByName"":null,""purchaseRate"":28,""purchaseBillId"":""bhRRAkKAOo0qkLvJKDIR"",""adjustmentReason"":null,""purchaseDate"":""2026-07-19T14:37:06.308Z""}]",1003384,,
TOOTHPICK 100,1003386,toothpick 100,10,7,2026-07-21T12:45:25.766Z,7,"[{""purchaseBillId"":""DpRyosVyLI5rlWmgtOFb"",""adjustmentReason"":null,""purchaseDate"":""2026-07-20T11:44:41.155Z"",""batchNumber"":""?"",""quantity"":7,""isManualAdjustment"":false,""expiryDate"":""2027-07-27T18:30:00.000Z"",""purchaseRate"":14,""adjustedByName"":null,""mrp"":35}]",1003386,,
MAMY POKO PANTS S SIZE 60,1003412,mamy poko pants s size 60,10,1,2026-07-19T10:13:19.776Z,1,"[{""purchaseDate"":""2026-07-18T16:34:09.706Z"",""quantity"":1,""batchNumber"":"""",""purchaseBillId"":""xiMCJHYWelCBQ90mlTTr"",""adjustmentReason"":null,""mrp"":599,""adjustedByName"":null,""purchaseRate"":390,""isManualAdjustment"":false,""expiryDate"":""2027-07-27T18:30:00.000Z""}]",1003412,,
MAMY POKO PANTS M SIZE 48,1003414,mamy poko pants m size 48,10,1,2026-07-19T10:13:19.775Z,1,"[{""isManualAdjustment"":false,""expiryDate"":""2027-07-27T18:30:00.000Z"",""adjustedByName"":null,""mrp"":599,""purchaseRate"":390,""adjustmentReason"":null,""purchaseBillId"":""xiMCJHYWelCBQ90mlTTr"",""batchNumber"":"""",""quantity"":1,""purchaseDate"":""2026-07-18T16:34:09.706Z""}]",1003414,,
MAMY POKO PANTS L SIZE 44,1003416,mamy poko pants l size 44,10,1,2026-07-19T10:13:19.775Z,1,"[{""expiryDate"":""2027-07-27T18:30:00.000Z"",""isManualAdjustment"":false,""purchaseRate"":390,""mrp"":599,""adjustedByName"":null,""purchaseBillId"":""xiMCJHYWelCBQ90mlTTr"",""adjustmentReason"":null,""purchaseDate"":""2026-07-18T16:34:09.706Z"",""quantity"":1,""batchNumber"":""""}]",1003416,,
SCISSOR,1003420,scissor,10,2,2026-07-22T06:39:50.793Z,2,"[{""batchNumber"":""?"",""quantity"":2,""isManualAdjustment"":false,""expiryDate"":""2027-07-27T18:30:00.000Z"",""mrp"":60,""adjustedByName"":null,""purchaseRate"":17,""purchaseBillId"":""bhRRAkKAOo0qkLvJKDIR"",""adjustmentReason"":null,""purchaseDate"":""2026-07-19T14:37:06.308Z""}]",1003420,,
ORAL B CRISSCROSS TOOTHBRUSH 1,1003423,oral b crisscross toothbrush 1,10,1,2026-07-19T10:13:23.578Z,1,"[{""purchaseRate"":12.41,""mrp"":60,""adjustedByName"":null,""expiryDate"":""2027-07-27T18:30:00.000Z"",""isManualAdjustment"":false,""quantity"":1,""batchNumber"":""PRIDE"",""purchaseDate"":""2026-07-18T16:34:09.706Z"",""adjustmentReason"":null,""purchaseBillId"":""xiMCJHYWelCBQ90mlTTr""}]",1003423,,
ORAL B BACTERIA FIGHTER 1,1003425,oral b bacteria fighter 1,10,1,2026-07-19T10:13:19.929Z,1,"[{""purchaseDate"":""2026-07-18T16:34:09.706Z"",""quantity"":1,""batchNumber"":""PRIDE"",""purchaseBillId"":""xiMCJHYWelCBQ90mlTTr"",""adjustmentReason"":null,""mrp"":25,""adjustedByName"":null,""purchaseRate"":12.41,""expiryDate"":""2027-07-27T18:30:00.000Z"",""isManualAdjustment"":false}]",1003425,,
ORAL B SENSITIVE GUM TOOTHBRUS 1,1003427,oral b sensitive gum toothbrus 1,10,6,2026-07-19T10:13:23.579Z,6,"[{""batchNumber"":""PRIDE"",""quantity"":6,""purchaseDate"":""2026-07-18T16:34:09.706Z"",""adjustmentReason"":null,""purchaseBillId"":""xiMCJHYWelCBQ90mlTTr"",""purchaseRate"":12.41,""adjustedByName"":null,""mrp"":30,""isManualAdjustment"":false,""expiryDate"":""2027-07-27T18:30:00.000Z""}]",1003427,,
ORAL B FRESH TOOTHBRUSH 1,1003429,oral b fresh toothbrush 1,10,5,2026-07-19T10:13:23.578Z,5,"[{""adjustmentReason"":null,""purchaseBillId"":""xiMCJHYWelCBQ90mlTTr"",""batchNumber"":""PRIDE"",""quantity"":5,""purchaseDate"":""2026-07-18T16:34:09.706Z"",""isManualAdjustment"":false,""expiryDate"":""2027-07-27T18:30:00.000Z"",""adjustedByName"":null,""mrp"":20,""purchaseRate"":12.41}]",1003429,,
ORAL B SHINY CLEAN TOOTHBRUSH 1,1003431,oral b shiny clean toothbrush 1,10,7,2026-07-19T10:13:38.190Z,7,"[{""expiryDate"":""2027-07-27T18:30:00.000Z"",""isManualAdjustment"":false,""purchaseRate"":12.41,""mrp"":18,""adjustedByName"":null,""adjustmentReason"":null,""purchaseBillId"":""xiMCJHYWelCBQ90mlTTr"",""batchNumber"":""PRIDE"",""quantity"":6,""purchaseDate"":""2026-07-18T16:34:09.706Z""},{""adjustmentReason"":null,""purchaseBillId"":""xiMCJHYWelCBQ90mlTTr"",""quantity"":1,""batchNumber"":""PRIDE"",""purchaseDate"":""2026-07-18T16:34:09.706Z"",""expiryDate"":""2027-07-27T18:30:00.000Z"",""isManualAdjustment"":false,""mrp"":20,""adjustedByName"":null,""purchaseRate"":12.41}]",1003431,,
KOZICARE CREAM 15 GM,1003435,kozicare cream 15 gm,1,2,2026-07-21T17:21:36.768Z,2,"[{""purchaseDate"":""2026-07-18T06:19:24.778Z"",""quantity"":2,""batchNumber"":""DIV"",""purchaseBillId"":""VNM2zTVGrJ4ZaMslUtMG"",""adjustmentReason"":null,""mrp"":185,""adjustedByName"":null,""purchaseRate"":99.15,""expiryDate"":""2027-07-27T18:30:00.000Z"",""isManualAdjustment"":false}]",1003435,,
GASTRO AID 115ML,1003437,gastro aid 115ml,1,1,2026-07-19T12:27:31.762Z,1,"[{""purchaseRate"":72,""mrp"":120,""adjustedByName"":null,""expiryDate"":""2029-09-27T18:30:00.000Z"",""isManualAdjustment"":false,""purchaseDate"":""2026-07-16T15:54:16.728Z"",""batchNumber"":""SHRINATH HOMEO "",""quantity"":1,""purchaseBillId"":""iWGAUP8RNvmP0LcHYz2w"",""adjustmentReason"":null}]",1003437,,
KOF AID 115ML,1003438,kof aid 115ml,1,1,2026-07-19T12:27:31.763Z,1,"[{""purchaseRate"":66,""adjustedByName"":null,""mrp"":110,""isManualAdjustment"":false,""expiryDate"":""2029-04-27T18:30:00.000Z"",""quantity"":1,""batchNumber"":""SHRINATH HOMEO "",""purchaseDate"":""2026-07-16T15:54:16.728Z"",""adjustmentReason"":null,""purchaseBillId"":""iWGAUP8RNvmP0LcHYz2w""}]",1003438,,
BAKUNIL 115ML,1003440,bakunil 115ml,1,1,2026-07-19T12:27:31.763Z,1,"[{""purchaseBillId"":""iWGAUP8RNvmP0LcHYz2w"",""adjustmentReason"":null,""purchaseDate"":""2026-07-16T15:54:16.728Z"",""batchNumber"":""SHRINATH HOMEO "",""quantity"":1,""isManualAdjustment"":false,""expiryDate"":""2029-12-27T18:30:00.000Z"",""purchaseRate"":72,""adjustedByName"":null,""mrp"":120}]",1003440,,
ASTHA AID 115ML,1003444,astha aid 115ml,1,1,2026-07-19T12:27:31.845Z,1,"[{""purchaseDate"":""2026-07-16T15:54:16.728Z"",""quantity"":1,""batchNumber"":""SHRINATH HOMEO "",""purchaseBillId"":""iWGAUP8RNvmP0LcHYz2w"",""adjustmentReason"":null,""purchaseRate"":78,""mrp"":130,""adjustedByName"":null,""expiryDate"":""2030-01-27T18:30:00.000Z"",""isManualAdjustment"":false}]",1003444,,
GASTRO AID TABS 75,,gastro aid tabs 75,1,75,2026-07-19T12:27:31.846Z,75,"[{""expiryDate"":""2029-09-27T18:30:00.000Z"",""isManualAdjustment"":false,""adjustedByName"":null,""mrp"":215,""purchaseRate"":129,""purchaseBillId"":""iWGAUP8RNvmP0LcHYz2w"",""adjustmentReason"":null,""purchaseDate"":""2026-07-16T15:54:16.728Z"",""batchNumber"":""SHRINATH HOMEO "",""quantity"":75}]",1003446,,
THROAT AID TAB 75,,throat aid tab 75,1,,,,,1003448,,
ACNE AID 75,1003449,acne aid 75,1,2,2026-07-21T17:21:37.188Z,2,"[{""purchaseBillId"":""iWGAUP8RNvmP0LcHYz2w"",""adjustmentReason"":null,""purchaseDate"":""2026-07-16T15:54:16.728Z"",""batchNumber"":""SHRINATH HOMEO "",""quantity"":1,""expiryDate"":""2029-08-27T18:30:00.000Z"",""isManualAdjustment"":false,""purchaseRate"":129,""adjustedByName"":null,""mrp"":215},{""purchaseDate"":""2026-07-18T06:19:24.778Z"",""quantity"":1,""batchNumber"":""SHREENATH"",""purchaseBillId"":""VNM2zTVGrJ4ZaMslUtMG"",""adjustmentReason"":null,""purchaseRate"":129,""mrp"":215,""adjustedByName"":null,""expiryDate"":""2027-07-27T18:30:00.000Z"",""isManualAdjustment"":false}]",1003449,,
TONSIL AID TAB 75,,tonsil aid tab 75,1,,,,,1003450,,
AC 9 TAB 75,1003451,ac 9 tab 75,1,2,2026-07-19T12:27:31.847Z,2,"[{""purchaseBillId"":""iWGAUP8RNvmP0LcHYz2w"",""adjustmentReason"":null,""purchaseDate"":""2026-07-16T15:54:16.728Z"",""quantity"":2,""batchNumber"":""SHRINATH HOMEO "",""isManualAdjustment"":false,""expiryDate"":""2030-02-27T18:30:00.000Z"",""adjustedByName"":null,""mrp"":215,""purchaseRate"":129}]",1003451,,
FORMULA D TAB 75,,formula d tab 75,1,75,2026-07-19T12:27:31.847Z,75,"[{""purchaseBillId"":""iWGAUP8RNvmP0LcHYz2w"",""adjustmentReason"":null,""purchaseDate"":""2026-07-16T15:54:16.728Z"",""quantity"":75,""batchNumber"":""SHRINATH HOMEO "",""isManualAdjustment"":false,""expiryDate"":""2029-09-27T18:30:00.000Z"",""adjustedByName"":null,""mrp"":215,""purchaseRate"":129}]",1003452,,
RHEUM AID TAB 75,,rheum aid tab 75,1,75,2026-07-19T12:27:31.922Z,75,"[{""adjustmentReason"":null,""purchaseBillId"":""iWGAUP8RNvmP0LcHYz2w"",""quantity"":75,""batchNumber"":""SHRINATH HOMEO "",""purchaseDate"":""2026-07-16T15:54:16.728Z"",""expiryDate"":""2029-01-27T18:30:00.000Z"",""isManualAdjustment"":false,""adjustedByName"":null,""mrp"":215,""purchaseRate"":129}]",1003453,,
PILGO TAB 75,,pilgo tab 75,1,75,2026-07-19T12:27:31.922Z,75,"[{""purchaseDate"":""2026-07-16T15:54:16.728Z"",""quantity"":75,""batchNumber"":""SHRINATH HOMEO "",""purchaseBillId"":""iWGAUP8RNvmP0LcHYz2w"",""adjustmentReason"":null,""adjustedByName"":null,""mrp"":215,""purchaseRate"":129,""isManualAdjustment"":false,""expiryDate"":""2029-01-27T18:30:00.000Z""}]",1003454,,
MIG AID TAB 75,,mig aid tab 75,1,75,2026-07-19T12:27:31.923Z,75,"[{""adjustmentReason"":null,""purchaseBillId"":""iWGAUP8RNvmP0LcHYz2w"",""quantity"":75,""batchNumber"":""SHRINATH HOMEO "",""purchaseDate"":""2026-07-16T15:54:16.728Z"",""isManualAdjustment"":false,""expiryDate"":""2028-07-27T18:30:00.000Z"",""purchaseRate"":129,""mrp"":215,""adjustedByName"":null}]",1003455,,
Y LAX TAB 75,,y lax tab 75,1,,,,,1003456,,
KOF AID TAB 75,,kof aid tab 75,1,75,2026-07-19T12:27:31.924Z,75,"[{""purchaseDate"":""2026-07-16T15:54:16.728Z"",""quantity"":75,""batchNumber"":""SHRINATH HOMEO "",""purchaseBillId"":""iWGAUP8RNvmP0LcHYz2w"",""adjustmentReason"":null,""adjustedByName"":null,""mrp"":215,""purchaseRate"":129,""isManualAdjustment"":false,""expiryDate"":""2029-09-27T18:30:00.000Z""}]",1003457,,
WITHANIA COSGULANS TAB 75,,withania cosgulans tab 75,1,75,2026-07-19T12:27:31.926Z,75,"[{""purchaseBillId"":""iWGAUP8RNvmP0LcHYz2w"",""adjustmentReason"":null,""purchaseDate"":""2026-07-16T15:54:16.728Z"",""batchNumber"":""SHRINATH HOMEO "",""quantity"":75,""isManualAdjustment"":false,""expiryDate"":""2029-02-27T18:30:00.000Z"",""adjustedByName"":null,""mrp"":210,""purchaseRate"":147}]",1003458,,
VITAMIN D PLUS 30,1003459,vitamin d plus 30,1,1,2026-07-19T12:27:31.927Z,1,"[{""quantity"":1,""batchNumber"":""SHRINATH HOMEO "",""purchaseDate"":""2026-07-16T15:54:16.728Z"",""adjustmentReason"":null,""purchaseBillId"":""iWGAUP8RNvmP0LcHYz2w"",""purchaseRate"":119,""mrp"":170,""adjustedByName"":null,""expiryDate"":""2027-04-27T18:30:00.000Z"",""isManualAdjustment"":false}]",1003459,,
CALCI CARE TAB 30,,calci care tab 30,1,30,2026-07-19T12:27:32.010Z,30,"[{""expiryDate"":""2027-02-27T18:30:00.000Z"",""isManualAdjustment"":false,""purchaseRate"":115,""mrp"":165,""adjustedByName"":null,""purchaseBillId"":""iWGAUP8RNvmP0LcHYz2w"",""adjustmentReason"":null,""purchaseDate"":""2026-07-16T15:54:16.728Z"",""batchNumber"":""SHRINATH HOMEO "",""quantity"":30}]",1003460,,
FERRUM PLUS CAPSULE 30,1003461,ferrum plus capsule 30,1,1,2026-07-19T12:27:32.011Z,1,"[{""isManualAdjustment"":false,""expiryDate"":""2027-02-27T18:30:00.000Z"",""mrp"":220,""adjustedByName"":null,""purchaseRate"":154,""purchaseBillId"":""iWGAUP8RNvmP0LcHYz2w"",""adjustmentReason"":null,""purchaseDate"":""2026-07-16T15:54:16.728Z"",""batchNumber"":""SHRINATH HOMEO "",""quantity"":1}]",1003461,,
FLEXICARE CAPSULE 30,1003462,flexicare capsule 30,1,1,2026-07-19T12:27:32.012Z,1,"[{""quantity"":1,""batchNumber"":""SHRINATH HOMEO "",""purchaseDate"":""2026-07-16T15:54:16.728Z"",""adjustmentReason"":null,""purchaseBillId"":""iWGAUP8RNvmP0LcHYz2w"",""mrp"":385,""adjustedByName"":null,""purchaseRate"":269,""isManualAdjustment"":false,""expiryDate"":""2027-04-27T18:30:00.000Z""}]",1003462,,
BEEPEE AID DROP 30ML,1003463,beepee aid drop 30ml,1,1,2026-07-19T12:27:32.013Z,1,"[{""isManualAdjustment"":false,""expiryDate"":""2029-04-27T18:30:00.000Z"",""purchaseRate"":111,""mrp"":185,""adjustedByName"":null,""adjustmentReason"":null,""purchaseBillId"":""iWGAUP8RNvmP0LcHYz2w"",""quantity"":1,""batchNumber"":""SHRINATH HOMEO "",""purchaseDate"":""2026-07-16T15:54:16.728Z""}]",1003463,,
URIC AID 30ML,1003464,uric aid 30ml,1,2,2026-07-19T12:27:32.013Z,2,"[{""isManualAdjustment"":false,""expiryDate"":""2029-06-27T18:30:00.000Z"",""adjustedByName"":null,""mrp"":185,""purchaseRate"":111,""purchaseBillId"":""iWGAUP8RNvmP0LcHYz2w"",""adjustmentReason"":null,""purchaseDate"":""2026-07-16T15:54:16.728Z"",""batchNumber"":""SHRINATH HOMEO "",""quantity"":2}]",1003464,,
CARD AID DROP 30ML,1003466,card aid drop 30ml,1,1,2026-07-19T12:27:32.078Z,1,"[{""purchaseDate"":""2026-07-16T15:54:16.728Z"",""batchNumber"":""SHRINATH HOMEO "",""quantity"":1,""purchaseBillId"":""iWGAUP8RNvmP0LcHYz2w"",""adjustmentReason"":null,""purchaseRate"":123,""adjustedByName"":null,""mrp"":205,""isManualAdjustment"":false,""expiryDate"":""2029-08-27T18:30:00.000Z""}]",1003466,,
GO TEX 30ML,1003467,go tex 30ml,1,1,2026-07-19T12:27:32.077Z,1,"[{""quantity"":1,""batchNumber"":""SHRINATH HOMEO "",""purchaseDate"":""2026-07-16T15:54:16.728Z"",""adjustmentReason"":null,""purchaseBillId"":""iWGAUP8RNvmP0LcHYz2w"",""adjustedByName"":null,""mrp"":150,""purchaseRate"":90,""isManualAdjustment"":false,""expiryDate"":""2029-12-27T18:30:00.000Z""}]",1003467,,
LIPOMA AID 30ML,1003468,lipoma aid 30ml,1,1,2026-07-19T12:27:32.079Z,1,"[{""batchNumber"":""SHRINATH HOMEO "",""quantity"":1,""purchaseDate"":""2026-07-16T15:54:16.728Z"",""adjustmentReason"":null,""purchaseBillId"":""iWGAUP8RNvmP0LcHYz2w"",""purchaseRate"":111,""mrp"":185,""adjustedByName"":null,""expiryDate"":""2029-05-27T18:30:00.000Z"",""isManualAdjustment"":false}]",1003468,,
PROSTATE AID 30ML,1003470,prostate aid 30ml,1,1,2026-07-19T12:27:32.079Z,1,"[{""isManualAdjustment"":false,""expiryDate"":""2030-03-27T18:30:00.000Z"",""purchaseRate"":111,""adjustedByName"":null,""mrp"":185,""adjustmentReason"":null,""purchaseBillId"":""iWGAUP8RNvmP0LcHYz2w"",""batchNumber"":""SHRINATH HOMEO "",""quantity"":1,""purchaseDate"":""2026-07-16T15:54:16.728Z""}]",1003470,,
DIAB AID 30ML,1003472,diab aid 30ml,1,1,2026-07-19T12:27:32.146Z,1,"[{""purchaseDate"":""2026-07-16T15:54:16.728Z"",""quantity"":1,""batchNumber"":""SHRINATH HOMEO "",""purchaseBillId"":""iWGAUP8RNvmP0LcHYz2w"",""adjustmentReason"":null,""mrp"":185,""adjustedByName"":null,""purchaseRate"":111,""expiryDate"":""2029-02-27T18:30:00.000Z"",""isManualAdjustment"":false}]",1003472,,
SUN CARE CREAM 100GM,1003473,sun care cream 100gm,10,1,2026-07-21T06:24:36.604Z,1,"[{""expiryDate"":""2027-07-27T18:30:00.000Z"",""isManualAdjustment"":false,""mrp"":270,""adjustedByName"":null,""purchaseRate"":202.5,""purchaseBillId"":""dnjvJhQGytUmyRCPiDsP"",""adjustmentReason"":null,""purchaseDate"":""2026-07-20T16:07:21.820Z"",""quantity"":1,""batchNumber"":""SHREENATH""}]",1003473,,
FACE WASH 125GM,1003476,face wash 125gm,10,2,2026-07-21T06:24:36.604Z,2,"[{""mrp"":165,""adjustedByName"":null,""purchaseRate"":123.5,""expiryDate"":""2028-01-27T18:30:00.000Z"",""isManualAdjustment"":false,""batchNumber"":""SHREENATH"",""quantity"":2,""purchaseDate"":""2026-07-20T16:07:21.820Z"",""adjustmentReason"":null,""purchaseBillId"":""dnjvJhQGytUmyRCPiDsP""}]",1003476,,
FAIRNESS CREAM FOR WOMEN 100GM,1003478,fairness cream for women 100gm,10,1,2026-07-21T06:24:36.605Z,1,"[{""purchaseDate"":""2026-07-20T16:07:21.820Z"",""batchNumber"":""SHREENATH"",""quantity"":1,""purchaseBillId"":""dnjvJhQGytUmyRCPiDsP"",""adjustmentReason"":null,""adjustedByName"":null,""mrp"":150,""purchaseRate"":112.5,""isManualAdjustment"":false,""expiryDate"":""2027-07-27T18:30:00.000Z""}]",1003478,,
FAIRNESS CREAM FOR MEN 125GM,1003479,fairness cream for men 125gm,10,1,2026-07-21T06:24:36.605Z,1,"[{""purchaseDate"":""2026-07-20T16:07:21.820Z"",""batchNumber"":""SHREENATH"",""quantity"":1,""purchaseBillId"":""dnjvJhQGytUmyRCPiDsP"",""adjustmentReason"":null,""mrp"":160,""adjustedByName"":null,""purchaseRate"":120,""expiryDate"":""2027-07-27T18:30:00.000Z"",""isManualAdjustment"":false}]",1003479,,
APRICOT SCRUB 100GM,1003480,apricot scrub 100gm,10,1,2026-07-21T06:24:36.508Z,1,"[{""adjustmentReason"":null,""purchaseBillId"":""dnjvJhQGytUmyRCPiDsP"",""quantity"":1,""batchNumber"":""SHREENATH"",""purchaseDate"":""2026-07-20T16:07:21.820Z"",""isManualAdjustment"":false,""expiryDate"":""2027-02-27T18:30:00.000Z"",""adjustedByName"":null,""mrp"":150,""purchaseRate"":112.5}]",1003480,,
MOSTURISING LOTION WITH ROSE 100ML,1003482,mosturising lotion with rose 100ml,10,1,2026-07-21T06:24:36.506Z,1,"[{""quantity"":1,""batchNumber"":""SHREENATH"",""purchaseDate"":""2026-07-20T16:07:21.820Z"",""adjustmentReason"":null,""purchaseBillId"":""dnjvJhQGytUmyRCPiDsP"",""purchaseRate"":101.25,""mrp"":135,""adjustedByName"":null,""expiryDate"":""2027-12-27T18:30:00.000Z"",""isManualAdjustment"":false}]",1003482,,
DEEP CLEANSING MILK 100ML,1003483,deep cleansing milk 100ml,10,1,2026-07-21T06:24:36.506Z,1,"[{""isManualAdjustment"":false,""expiryDate"":""2027-02-27T18:30:00.000Z"",""mrp"":135,""adjustedByName"":null,""purchaseRate"":101.25,""purchaseBillId"":""dnjvJhQGytUmyRCPiDsP"",""adjustmentReason"":null,""purchaseDate"":""2026-07-20T16:07:21.820Z"",""batchNumber"":""SHREENATH"",""quantity"":1}]",1003483,,
MOSTURISING LOTION WITH ALOVER 100ML,1003484,mosturising lotion with alover 100ml,10,1,2026-07-21T06:24:36.507Z,1,"[{""purchaseBillId"":""dnjvJhQGytUmyRCPiDsP"",""adjustmentReason"":null,""purchaseDate"":""2026-07-20T16:07:21.820Z"",""batchNumber"":""SHREENATH"",""quantity"":1,""isManualAdjustment"":false,""expiryDate"":""2027-12-27T18:30:00.000Z"",""purchaseRate"":101.25,""mrp"":135,""adjustedByName"":null}]",1003484,,
ALFAVENA MALT 300GM,1003491,alfavena malt 300gm,1,2,2026-07-19T12:27:32.147Z,2,"[{""purchaseRate"":159,""mrp"":265,""adjustedByName"":null,""expiryDate"":""2028-12-27T18:30:00.000Z"",""isManualAdjustment"":false,""purchaseDate"":""2026-07-16T15:54:16.728Z"",""batchNumber"":""SHRINATH HOMEO "",""quantity"":2,""purchaseBillId"":""iWGAUP8RNvmP0LcHYz2w"",""adjustmentReason"":null}]",1003491,,
ARNICA SHAMPOO 250ML,1003493,arnica shampoo 250ml,10,2,2026-07-21T06:25:03.617Z,2,"[{""purchaseDate"":""2026-07-20T16:07:21.820Z"",""quantity"":1,""batchNumber"":""SHREENATH"",""purchaseBillId"":""dnjvJhQGytUmyRCPiDsP"",""adjustmentReason"":null,""purchaseRate"":161.25,""mrp"":215,""adjustedByName"":null,""isManualAdjustment"":false,""expiryDate"":""2027-08-27T18:30:00.000Z""},{""purchaseRate"":155.25,""adjustedByName"":null,""mrp"":200,""expiryDate"":""2028-03-27T18:30:00.000Z"",""isManualAdjustment"":false,""purchaseDate"":""2026-07-20T16:07:21.820Z"",""batchNumber"":""SHREENATH BT"",""quantity"":1,""purchaseBillId"":""dnjvJhQGytUmyRCPiDsP"",""adjustmentReason"":null}]",1003493,,
ARNICA SHAMPOO 150ML,1003494,arnica shampoo 150ml,10,1,2026-07-21T06:24:36.505Z,1,"[{""expiryDate"":""2028-02-27T18:30:00.000Z"",""isManualAdjustment"":false,""purchaseRate"":105.75,""mrp"":140,""adjustedByName"":null,""purchaseBillId"":""dnjvJhQGytUmyRCPiDsP"",""adjustmentReason"":null,""purchaseDate"":""2026-07-20T16:07:21.820Z"",""batchNumber"":""SHREENATH BT"",""quantity"":1}]",1003494,,
BIO COMBINATION 25 25GM,1003496,bio combination 25 25gm,1,1,2026-07-19T12:27:32.295Z,1,"[{""expiryDate"":""2029-09-27T18:30:00.000Z"",""isManualAdjustment"":false,""mrp"":115,""adjustedByName"":null,""purchaseRate"":69,""purchaseBillId"":""iWGAUP8RNvmP0LcHYz2w"",""adjustmentReason"":null,""purchaseDate"":""2026-07-16T15:54:16.728Z"",""batchNumber"":""SHRINATH HOMEO "",""quantity"":1}]",1003496,,
PENTAPHOS TAB 25GM,,pentaphos tab 25gm,1,1,2026-07-19T12:27:32.296Z,1,"[{""purchaseRate"":63,""mrp"":105,""adjustedByName"":null,""isManualAdjustment"":false,""expiryDate"":""2028-05-27T18:30:00.000Z"",""purchaseDate"":""2026-07-16T15:54:16.728Z"",""batchNumber"":""SHRINATH HOMEO "",""quantity"":1,""purchaseBillId"":""iWGAUP8RNvmP0LcHYz2w"",""adjustmentReason"":null}]",1003498,,
BIOCHEMIC 25GM,1003499,biochemic 25gm,1,1,2026-07-19T12:27:32.297Z,1,"[{""isManualAdjustment"":false,""expiryDate"":""2027-02-27T18:30:00.000Z"",""purchaseRate"":57,""adjustedByName"":null,""mrp"":95,""purchaseBillId"":""iWGAUP8RNvmP0LcHYz2w"",""adjustmentReason"":null,""purchaseDate"":""2026-07-16T15:54:16.728Z"",""quantity"":1,""batchNumber"":""SHRINATH HOMEO ""}]",1003499,,
BIOCHEMICS 25GM,1003500,biochemics 25gm,1,5,2026-07-19T12:27:32.297Z,5,"[{""purchaseRate"":63,""mrp"":120,""adjustedByName"":null,""isManualAdjustment"":false,""expiryDate"":""2029-02-27T18:30:00.000Z"",""batchNumber"":""SHRINATH HOMEO "",""quantity"":5,""purchaseDate"":""2026-07-16T15:54:16.728Z"",""adjustmentReason"":null,""purchaseBillId"":""iWGAUP8RNvmP0LcHYz2w""}]",1003500,,
BAKSODENT GEL TOOTHPASTE 100GM,1003505,baksodent gel toothpaste 100gm,10,1,2026-07-19T10:13:23.580Z,1,"[{""purchaseBillId"":""xiMCJHYWelCBQ90mlTTr"",""adjustmentReason"":null,""purchaseDate"":""2026-07-18T16:34:09.706Z"",""batchNumber"":""SHREENATH"",""quantity"":1,""isManualAdjustment"":false,""expiryDate"":""2027-05-27T18:30:00.000Z"",""purchaseRate"":56.25,""mrp"":75,""adjustedByName"":null}]",1003505,,
ANTI AGING LOTION 80ML,1003506,anti aging lotion 80ml,10,1,2026-07-21T06:24:36.722Z,1,"[{""isManualAdjustment"":false,""expiryDate"":""2028-02-27T18:30:00.000Z"",""purchaseRate"":195,""mrp"":260,""adjustedByName"":null,""purchaseBillId"":""dnjvJhQGytUmyRCPiDsP"",""adjustmentReason"":null,""purchaseDate"":""2026-07-20T16:07:21.820Z"",""batchNumber"":""SHREENATH"",""quantity"":1}]",1003506,,
CALENDULA OINT. 25,1003510,calendula oint. 25,10,1,2026-07-21T06:24:36.723Z,1,"[{""purchaseDate"":""2026-07-20T16:07:21.820Z"",""quantity"":1,""batchNumber"":""SHREENATH"",""purchaseBillId"":""dnjvJhQGytUmyRCPiDsP"",""adjustmentReason"":null,""purchaseRate"":45,""adjustedByName"":null,""mrp"":75,""isManualAdjustment"":false,""expiryDate"":""2027-07-27T18:30:00.000Z""}]",1003510,,
S-CURE CREAM 30GM,1003511,s-cure cream 30gm,10,2,2026-07-21T06:24:36.723Z,2,"[{""purchaseRate"":57,""mrp"":95,""adjustedByName"":null,""expiryDate"":""2027-07-27T18:30:00.000Z"",""isManualAdjustment"":false,""batchNumber"":""SHREENATH"",""quantity"":2,""purchaseDate"":""2026-07-20T16:07:21.820Z"",""adjustmentReason"":null,""purchaseBillId"":""dnjvJhQGytUmyRCPiDsP""}]",1003511,,
BAKSOINT 9 CREAM 25GM,1003515,baksoint 9 cream 25gm,10,1,2026-07-21T06:24:36.858Z,1,"[{""expiryDate"":""2027-07-27T18:30:00.000Z"",""isManualAdjustment"":false,""mrp"":75,""adjustedByName"":null,""purchaseRate"":45,""purchaseBillId"":""dnjvJhQGytUmyRCPiDsP"",""adjustmentReason"":null,""purchaseDate"":""2026-07-20T16:07:21.820Z"",""quantity"":1,""batchNumber"":""SHREENATH""}]",1003515,,
FERRUM PLUS TONIC 115ML,1003521,ferrum plus tonic 115ml,1,1,2026-07-19T12:27:32.147Z,1,"[{""purchaseRate"":75,""mrp"":125,""adjustedByName"":null,""isManualAdjustment"":false,""expiryDate"":""2029-12-27T18:30:00.000Z"",""batchNumber"":""SHRINATH HOMEO "",""quantity"":1,""purchaseDate"":""2026-07-16T15:54:16.728Z"",""adjustmentReason"":null,""purchaseBillId"":""iWGAUP8RNvmP0LcHYz2w""}]",1003521,,
HAIR REVIVER 100ML,1003522,hair reviver 100ml,10,1,2026-07-21T06:24:36.505Z,1,"[{""purchaseBillId"":""dnjvJhQGytUmyRCPiDsP"",""adjustmentReason"":null,""purchaseDate"":""2026-07-20T16:07:21.820Z"",""batchNumber"":""SHREENATH"",""quantity"":1,""expiryDate"":""2027-08-27T18:30:00.000Z"",""isManualAdjustment"":false,""purchaseRate"":299.4,""adjustedByName"":null,""mrp"":499}]",1003522,,
GLOW CARE CREAM 25GM,1003524,glow care cream 25gm,10,1,2026-07-21T06:24:36.859Z,1,"[{""purchaseBillId"":""dnjvJhQGytUmyRCPiDsP"",""adjustmentReason"":null,""purchaseDate"":""2026-07-20T16:07:21.820Z"",""batchNumber"":""SHREENATH"",""quantity"":1,""isManualAdjustment"":false,""expiryDate"":""2027-02-27T18:30:00.000Z"",""purchaseRate"":72,""mrp"":120,""adjustedByName"":null}]",1003524,,
WITCH HAZEL CREAM 25GM,1003528,witch hazel cream 25gm,10,1,2026-07-21T06:24:36.859Z,1,"[{""purchaseBillId"":""dnjvJhQGytUmyRCPiDsP"",""adjustmentReason"":null,""purchaseDate"":""2026-07-20T16:07:21.820Z"",""quantity"":1,""batchNumber"":""SHREENATH"",""isManualAdjustment"":false,""expiryDate"":""2029-01-27T18:30:00.000Z"",""purchaseRate"":60,""adjustedByName"":null,""mrp"":100}]",1003528,,
SOUNDARYA CREAM 30GM,1003531,soundarya cream 30gm,10,1,2026-07-21T06:24:36.722Z,1,"[{""purchaseRate"":69,""mrp"":115,""adjustedByName"":null,""isManualAdjustment"":false,""expiryDate"":""2029-02-27T18:30:00.000Z"",""quantity"":1,""batchNumber"":""SHREENATH"",""purchaseDate"":""2026-07-20T16:07:21.820Z"",""adjustmentReason"":null,""purchaseBillId"":""dnjvJhQGytUmyRCPiDsP""}]",1003531,,
B12 PLUS TABLETS 30,,b12 plus tablets 30,1,1,2026-07-19T12:27:32.148Z,1,"[{""quantity"":1,""batchNumber"":""SHRINATH HOMEO "",""purchaseDate"":""2026-07-16T15:54:16.728Z"",""adjustmentReason"":null,""purchaseBillId"":""iWGAUP8RNvmP0LcHYz2w"",""mrp"":450,""adjustedByName"":null,""purchaseRate"":315,""isManualAdjustment"":false,""expiryDate"":""2027-02-27T18:30:00.000Z""}]",1003533,,
ESSENTIA AURIA 30ML,1003535,essentia auria 30ml,1,1,2026-07-19T12:27:32.148Z,1,"[{""purchaseDate"":""2026-07-16T15:54:16.728Z"",""batchNumber"":""SHRINATH HOMEO "",""quantity"":1,""purchaseBillId"":""iWGAUP8RNvmP0LcHYz2w"",""adjustmentReason"":null,""purchaseRate"":114,""mrp"":190,""adjustedByName"":null,""expiryDate"":""2027-04-27T18:30:00.000Z"",""isManualAdjustment"":false}]",1003535,,
CLEARSTONE DROP 30ML,1003537,clearstone drop 30ml,1,1,2026-07-19T12:27:32.149Z,1,"[{""purchaseBillId"":""iWGAUP8RNvmP0LcHYz2w"",""adjustmentReason"":null,""purchaseDate"":""2026-07-16T15:54:16.728Z"",""batchNumber"":""SHRINATH HOMEO "",""quantity"":1,""expiryDate"":""2029-02-27T18:30:00.000Z"",""isManualAdjustment"":false,""purchaseRate"":102,""adjustedByName"":null,""mrp"":170}]",1003537,,
SCALPTONE TAB 25GM,,scalptone tab 25gm,1,1,2026-07-19T12:27:32.231Z,1,"[{""purchaseDate"":""2026-07-16T15:54:16.728Z"",""batchNumber"":""SHRINATH HOMEO "",""quantity"":1,""purchaseBillId"":""iWGAUP8RNvmP0LcHYz2w"",""adjustmentReason"":null,""purchaseRate"":99,""mrp"":165,""adjustedByName"":null,""isManualAdjustment"":false,""expiryDate"":""2029-02-27T18:30:00.000Z""}]",1003541,,
TONICARD DROP 30ML,1003543,tonicard drop 30ml,1,1,2026-07-19T12:27:32.232Z,1,"[{""mrp"":205,""adjustedByName"":null,""purchaseRate"":123,""isManualAdjustment"":false,""expiryDate"":""2028-06-27T18:30:00.000Z"",""purchaseDate"":""2026-07-16T15:54:16.728Z"",""quantity"":1,""batchNumber"":""SHRINATH HOMEO "",""purchaseBillId"":""iWGAUP8RNvmP0LcHYz2w"",""adjustmentReason"":null}]",1003543,,
B TRIM 30ML,1003546,b trim 30ml,1,1,2026-07-19T12:27:32.233Z,1,"[{""mrp"":215,""adjustedByName"":null,""purchaseRate"":129,""expiryDate"":""2028-05-27T18:30:00.000Z"",""isManualAdjustment"":false,""purchaseDate"":""2026-07-16T15:54:16.728Z"",""quantity"":1,""batchNumber"":""SHRINATH HOMEO "",""purchaseBillId"":""iWGAUP8RNvmP0LcHYz2w"",""adjustmentReason"":null}]",1003546,,
B C 21 25GM,1003548,b c 21 25gm,1,1,2026-07-19T12:27:32.233Z,1,"[{""adjustmentReason"":null,""purchaseBillId"":""iWGAUP8RNvmP0LcHYz2w"",""quantity"":1,""batchNumber"":""SHRINATH HOMEO "",""purchaseDate"":""2026-07-16T15:54:16.728Z"",""expiryDate"":""2029-04-27T18:30:00.000Z"",""isManualAdjustment"":false,""mrp"":115,""adjustedByName"":null,""purchaseRate"":69}]",1003548,,
DOT & KEY FACEWASH 100ML,1003550,dot & key facewash 100ml,10,2,2026-07-21T06:24:36.206Z,2,"[{""quantity"":2,""batchNumber"":""EKTA COSMETICS "",""purchaseDate"":""2026-07-20T16:07:21.820Z"",""adjustmentReason"":null,""purchaseBillId"":""dnjvJhQGytUmyRCPiDsP"",""mrp"":249,""adjustedByName"":null,""purchaseRate"":162,""expiryDate"":""2027-07-27T18:30:00.000Z"",""isManualAdjustment"":false}]",1003550,,
MAMA EARTH FACEWASH 100ML,1003552,mama earth facewash 100ml,10,2,2026-07-21T06:24:36.306Z,2,"[{""adjustedByName"":null,""mrp"":269,""purchaseRate"":161,""isManualAdjustment"":false,""expiryDate"":""2027-07-27T18:30:00.000Z"",""quantity"":2,""batchNumber"":""KHUSHI AGENCIES "",""purchaseDate"":""2026-07-20T16:07:21.820Z"",""adjustmentReason"":null,""purchaseBillId"":""dnjvJhQGytUmyRCPiDsP""}]",1003552,,
EVERYUTH FACEWASH 150ML,1003554,everyuth facewash 150ml,10,2,2026-07-21T06:24:35.925Z,2,"[{""expiryDate"":""2027-07-27T18:30:00.000Z"",""isManualAdjustment"":false,""purchaseRate"":130,""mrp"":205,""adjustedByName"":null,""adjustmentReason"":null,""purchaseBillId"":""dnjvJhQGytUmyRCPiDsP"",""batchNumber"":""GREEN TRADERS "",""quantity"":2,""purchaseDate"":""2026-07-20T16:07:21.820Z""}]",1003554,,
EVERYUTH GOLDEN PEELOFF 50ML,1003558,everyuth golden peeloff 50ml,10,1,2026-07-21T06:24:35.924Z,1,"[{""purchaseRate"":79,""mrp"":99,""adjustedByName"":null,""expiryDate"":""2027-07-27T18:30:00.000Z"",""isManualAdjustment"":false,""quantity"":1,""batchNumber"":""GREEN TRADERS "",""purchaseDate"":""2026-07-20T16:07:21.820Z"",""adjustmentReason"":null,""purchaseBillId"":""dnjvJhQGytUmyRCPiDsP""}]",1003558,,
HIMALAYA NEEM FACE PACK 50ML,1003564,himalaya neem face pack 50ml,10,1,2026-07-21T06:24:35.690Z,1,"[{""expiryDate"":""2027-07-27T18:30:00.000Z"",""isManualAdjustment"":false,""purchaseRate"":74,""mrp"":85,""adjustedByName"":null,""purchaseBillId"":""dnjvJhQGytUmyRCPiDsP"",""adjustmentReason"":null,""purchaseDate"":""2026-07-20T16:07:21.820Z"",""quantity"":1,""batchNumber"":""EKTA COSMETICS ""}]",1003564,,
HIMALAYA KESAR FACE PACK 50ML,1003566,himalaya kesar face pack 50ml,10,1,2026-07-21T06:24:35.689Z,1,"[{""batchNumber"":""EKTA COSMETICS "",""quantity"":1,""purchaseDate"":""2026-07-20T16:07:21.820Z"",""adjustmentReason"":null,""purchaseBillId"":""dnjvJhQGytUmyRCPiDsP"",""adjustedByName"":null,""mrp"":95,""purchaseRate"":82,""expiryDate"":""2027-07-27T18:30:00.000Z"",""isManualAdjustment"":false}]",1003566,,
HIMALAYA TURMERIC FACE PACK 50ML,1003568,himalaya turmeric face pack 50ml,10,1,2026-07-21T06:24:35.772Z,1,"[{""batchNumber"":""EKTA COSMETICS "",""quantity"":1,""purchaseDate"":""2026-07-20T16:07:21.820Z"",""adjustmentReason"":null,""purchaseBillId"":""dnjvJhQGytUmyRCPiDsP"",""adjustedByName"":null,""mrp"":110,""purchaseRate"":94,""isManualAdjustment"":false,""expiryDate"":""2027-07-27T18:30:00.000Z""}]",1003568,,
HIMALAYA TURMERIC SCRUB 50ML,1003572,himalaya turmeric scrub 50ml,10,1,2026-07-21T06:24:35.690Z,1,"[{""purchaseDate"":""2026-07-20T16:07:21.820Z"",""quantity"":1,""batchNumber"":""EKTA COSMETICS "",""purchaseBillId"":""dnjvJhQGytUmyRCPiDsP"",""adjustmentReason"":null,""purchaseRate"":95,""mrp"":110,""adjustedByName"":null,""expiryDate"":""2027-07-27T18:30:00.000Z"",""isManualAdjustment"":false}]",1003572,,
HIMALAYA KESAR FACEWWASH 50ML,1003578,himalaya kesar facewwash 50ml,10,2,2026-07-21T06:24:35.689Z,2,"[{""purchaseRate"":76,""adjustedByName"":null,""mrp"":90,""isManualAdjustment"":false,""expiryDate"":""2027-07-27T18:30:00.000Z"",""purchaseDate"":""2026-07-20T16:07:21.820Z"",""batchNumber"":""EKTA COSMETICS "",""quantity"":2,""purchaseBillId"":""dnjvJhQGytUmyRCPiDsP"",""adjustmentReason"":null}]",1003578,,
HIMALAYA ROSE FACEWASH 50ML,1003580,himalaya rose facewash 50ml,10,2,2026-07-21T06:24:35.688Z,2,"[{""purchaseBillId"":""dnjvJhQGytUmyRCPiDsP"",""adjustmentReason"":null,""purchaseDate"":""2026-07-20T16:07:21.820Z"",""quantity"":2,""batchNumber"":""EKTA COSMETICS "",""expiryDate"":""2027-07-27T18:30:00.000Z"",""isManualAdjustment"":false,""adjustedByName"":null,""mrp"":90,""purchaseRate"":76}]",1003580,,
HIMALAYA OIL CLEAR LEMON F/W 100ML,1003584,himalaya oil clear lemon f/w 100ml,10,1,2026-07-21T06:24:35.773Z,1,"[{""isManualAdjustment"":false,""expiryDate"":""2027-07-27T18:30:00.000Z"",""adjustedByName"":null,""mrp"":170,""purchaseRate"":144,""purchaseBillId"":""dnjvJhQGytUmyRCPiDsP"",""adjustmentReason"":null,""purchaseDate"":""2026-07-20T16:07:21.820Z"",""batchNumber"":""EKTA COSMETICS "",""quantity"":1}]",1003584,,
HIMALAYA TAN REMOVAL FACEWASH 100ML,1003588,himalaya tan removal facewash 100ml,10,1,2026-07-21T06:24:35.773Z,1,"[{""adjustmentReason"":null,""purchaseBillId"":""dnjvJhQGytUmyRCPiDsP"",""batchNumber"":""EKTA COSMETICS "",""quantity"":1,""purchaseDate"":""2026-07-20T16:07:21.820Z"",""isManualAdjustment"":false,""expiryDate"":""2027-07-27T18:30:00.000Z"",""mrp"":180,""adjustedByName"":null,""purchaseRate"":153}]",1003588,,
HIMALAYA POLLUTION DETOX 100ML,1003590,himalaya pollution detox 100ml,10,1,2026-07-21T06:24:35.858Z,1,"[{""purchaseRate"":178,""mrp"":210,""adjustedByName"":null,""expiryDate"":""2027-07-27T18:30:00.000Z"",""isManualAdjustment"":false,""quantity"":1,""batchNumber"":""EKTA COSMETICS "",""purchaseDate"":""2026-07-20T16:07:21.820Z"",""adjustmentReason"":null,""purchaseBillId"":""dnjvJhQGytUmyRCPiDsP""}]",1003590,,
GARNIER TURBOBRIGHT 100ML,1003601,garnier turbobright 100ml,10,2,2026-07-21T06:24:36.208Z,2,"[{""isManualAdjustment"":false,""expiryDate"":""2027-07-27T18:30:00.000Z"",""purchaseRate"":167,""adjustedByName"":null,""mrp"":239,""adjustmentReason"":null,""purchaseBillId"":""dnjvJhQGytUmyRCPiDsP"",""batchNumber"":""EKTA COSMETICS "",""quantity"":2,""purchaseDate"":""2026-07-20T16:07:21.820Z""}]",1003601,,
GARNIER ACNOFIGHT 100ML,1003603,garnier acnofight 100ml,10,1,2026-07-21T06:24:36.209Z,1,"[{""purchaseDate"":""2026-07-20T16:07:21.820Z"",""quantity"":1,""batchNumber"":""TWENTY PLUS "",""purchaseBillId"":""dnjvJhQGytUmyRCPiDsP"",""adjustmentReason"":null,""adjustedByName"":null,""mrp"":249,""purchaseRate"":174,""expiryDate"":""2027-07-27T18:30:00.000Z"",""isManualAdjustment"":false}]",1003603,,
GARNIER OIL CLEAR 100ML,1003605,garnier oil clear 100ml,10,2,2026-07-21T06:24:36.209Z,2,"[{""isManualAdjustment"":false,""expiryDate"":""2027-07-27T18:30:00.000Z"",""adjustedByName"":null,""mrp"":279,""purchaseRate"":195,""purchaseBillId"":""dnjvJhQGytUmyRCPiDsP"",""adjustmentReason"":null,""purchaseDate"":""2026-07-20T16:07:21.820Z"",""quantity"":2,""batchNumber"":""TWENTY PLUS ""}]",1003605,,
HIMALAYA TEA TREE SHAMPOO 180ML,1003615,himalaya tea tree shampoo 180ml,10,1,2026-07-21T12:45:24.173Z,1,"[{""purchaseBillId"":""DpRyosVyLI5rlWmgtOFb"",""adjustmentReason"":null,""purchaseDate"":""2026-07-20T11:44:41.155Z"",""quantity"":1,""batchNumber"":""EKTA "",""expiryDate"":""2028-02-27T18:30:00.000Z"",""isManualAdjustment"":false,""mrp"":175,""adjustedByName"":null,""purchaseRate"":140}]",1003615,,
HIMALAYA SHAMPOO 180ML,1003619,himalaya shampoo 180ml,10,2,2026-07-21T12:45:24.173Z,2,"[{""expiryDate"":""2028-02-27T18:30:00.000Z"",""isManualAdjustment"":false,""mrp"":165,""adjustedByName"":null,""purchaseRate"":132,""purchaseBillId"":""DpRyosVyLI5rlWmgtOFb"",""adjustmentReason"":null,""purchaseDate"":""2026-07-20T11:44:41.155Z"",""quantity"":2,""batchNumber"":""EKTA ""}]",1003619,,
LOREAL'S TOTAL REPAIR 180ML,1003625,loreal's total repair 180ml,10,1,2026-07-21T12:45:24.258Z,1,"[{""purchaseBillId"":""DpRyosVyLI5rlWmgtOFb"",""adjustmentReason"":null,""purchaseDate"":""2026-07-20T11:44:41.155Z"",""quantity"":1,""batchNumber"":""TWENTY PLUS "",""isManualAdjustment"":false,""expiryDate"":""2027-07-27T18:30:00.000Z"",""adjustedByName"":null,""mrp"":209,""purchaseRate"":167}]",1003625,,
MAMA EARTH BABY SHAMPOO 200ML,1003629,mama earth baby shampoo 200ml,10,1,2026-07-19T12:27:32.749Z,1,"[{""mrp"":249,""adjustedByName"":null,""purchaseRate"":150,""expiryDate"":""2027-07-27T18:30:00.000Z"",""isManualAdjustment"":false,""quantity"":1,""batchNumber"":""KHUSHI"",""purchaseDate"":""2026-07-16T15:54:16.728Z"",""adjustmentReason"":null,""purchaseBillId"":""iWGAUP8RNvmP0LcHYz2w""}]",1003629,,
GATSBY WATERGLOSS 30GM,1003633,gatsby watergloss 30gm,10,2,2026-07-22T06:39:51.014Z,2,"[{""mrp"":35,""expiryDate"":""2027-07-27T18:30:00.000Z"",""isManualAdjustment"":false,""batchNumber"":""EKTA"",""quantity"":2,""adjustedByName"":null,""purchaseDate"":""2026-07-19T14:37:06.308Z"",""purchaseBillId"":""bhRRAkKAOo0qkLvJKDIR"",""adjustmentReason"":null,""purchaseRate"":29}]",1003633,,
DERMA CO NIACINAMIDE 10% SERUM 30ML,1003637,derma co niacinamide 10% serum 30ml,10,1,2026-07-21T06:24:36.972Z,1,"[{""expiryDate"":""2027-12-27T18:30:00.000Z"",""isManualAdjustment"":false,""adjustedByName"":null,""mrp"":599,""purchaseRate"":507.63,""adjustmentReason"":null,""purchaseBillId"":""dnjvJhQGytUmyRCPiDsP"",""batchNumber"":""KHUSHI"",""quantity"":1,""purchaseDate"":""2026-07-20T16:07:21.820Z""}]",1003637,,
DERMA CO NIACINAMIDE 5% SERUM 30 ML,1003640,derma co niacinamide 5% serum 30 ml,10,1,2026-07-21T06:24:36.859Z,1,"[{""isManualAdjustment"":false,""expiryDate"":""2027-04-27T18:30:00.000Z"",""adjustedByName"":null,""mrp"":499,""purchaseRate"":422.89,""purchaseBillId"":""dnjvJhQGytUmyRCPiDsP"",""adjustmentReason"":null,""purchaseDate"":""2026-07-20T16:07:21.820Z"",""quantity"":1,""batchNumber"":""KHUSHI""}]",1003640,,
DERMA CO SALICYCLIC ACID SERUM 30 ML,1003642,derma co salicyclic acid serum 30 ml,10,1,2026-07-21T06:24:36.859Z,1,"[{""purchaseDate"":""2026-07-20T16:07:21.820Z"",""batchNumber"":""KHUSHI"",""quantity"":1,""purchaseBillId"":""dnjvJhQGytUmyRCPiDsP"",""adjustmentReason"":null,""purchaseRate"":300,""adjustedByName"":null,""mrp"":499,""isManualAdjustment"":false,""expiryDate"":""2028-01-27T18:30:00.000Z""}]",1003642,,
DERMA CO CLEANSER 30 ML,1003652,derma co cleanser 30 ml,10,2,2026-07-21T06:24:36.972Z,2,"[{""isManualAdjustment"":false,""expiryDate"":""2026-06-27T18:30:00.000Z"",""purchaseRate"":90,""adjustedByName"":null,""mrp"":149,""adjustmentReason"":null,""purchaseBillId"":""dnjvJhQGytUmyRCPiDsP"",""batchNumber"":""KHUSHI"",""quantity"":2,""purchaseDate"":""2026-07-20T16:07:21.820Z""}]",1003652,,
DERMA CO CERAMIDE MOISTURIZER 25 ML,1003654,derma co ceramide moisturizer 25 ml,10,2,2026-07-21T06:24:36.973Z,2,"[{""quantity"":2,""batchNumber"":""KHUSHI"",""purchaseDate"":""2026-07-20T16:07:21.820Z"",""adjustmentReason"":null,""purchaseBillId"":""dnjvJhQGytUmyRCPiDsP"",""purchaseRate"":90,""mrp"":149,""adjustedByName"":null,""isManualAdjustment"":false,""expiryDate"":""2026-08-27T18:30:00.000Z""}]",1003654,,
CETAPHIL DAM CREAM 30 GM,,cetaphil dam cream 30 gm,1,,,,,1003656,,
CETAPHIL MOISTURIZING LOTION 100 ML,,cetaphil moisturizing lotion 100 ml,1,,,,,1003658,,
CETAPHIL GENTLE CLEANSER 250ML,,cetaphil gentle cleanser 250ml,1,1,2026-07-21T06:24:36.406Z,1,"[{""purchaseRate"":521.46,""mrp"":769,""adjustedByName"":null,""isManualAdjustment"":false,""expiryDate"":""2027-07-27T18:30:00.000Z"",""quantity"":1,""batchNumber"":""EYE DERMA "",""purchaseDate"":""2026-07-20T16:07:21.820Z"",""adjustmentReason"":null,""purchaseBillId"":""dnjvJhQGytUmyRCPiDsP""}]",1003660,,
GATSBY SOLID MOHAWK HAIR WAX 25 GM,1003688,gatsby solid mohawk hair wax 25 gm,10,1,2026-07-22T06:39:51.015Z,1,"[{""mrp"":90,""expiryDate"":""2027-07-27T18:30:00.000Z"",""quantity"":1,""isManualAdjustment"":false,""batchNumber"":""EKTA"",""adjustedByName"":null,""adjustmentReason"":null,""purchaseRate"":75,""purchaseBillId"":""bhRRAkKAOo0qkLvJKDIR"",""purchaseDate"":""2026-07-19T14:37:06.308Z""}]",1003688,,
GATSBY HAIR WAX 100 25 GM,1003690,gatsby hair wax 100 25 gm,10,1,2026-07-22T06:39:51.145Z,1,"[{""adjustedByName"":null,""quantity"":1,""batchNumber"":""EKTA"",""isManualAdjustment"":false,""expiryDate"":""2027-07-27T18:30:00.000Z"",""mrp"":100,""adjustmentReason"":null,""purchaseBillId"":""bhRRAkKAOo0qkLvJKDIR"",""purchaseRate"":87,""purchaseDate"":""2026-07-19T14:37:06.308Z""}]",1003690,,
GATSBY HIGH VOLUME HAIR WAX 25 GM,1003692,gatsby high volume hair wax 25 gm,10,1,2026-07-22T06:39:51.144Z,1,"[{""purchaseRate"":105,""purchaseBillId"":""bhRRAkKAOo0qkLvJKDIR"",""adjustmentReason"":null,""purchaseDate"":""2026-07-19T14:37:06.308Z"",""expiryDate"":""2027-07-27T18:30:00.000Z"",""mrp"":125,""isManualAdjustment"":false,""quantity"":1,""batchNumber"":""EKTA"",""adjustedByName"":null}]",1003692,,
GATSBY WATER GLOSS HAIR GEL 75 GM,1003694,gatsby water gloss hair gel 75 gm,10,2,2026-07-22T06:39:51.015Z,2,"[{""adjustedByName"":null,""quantity"":2,""batchNumber"":""EKTA"",""isManualAdjustment"":false,""expiryDate"":""2027-07-27T18:30:00.000Z"",""mrp"":80,""purchaseRate"":67,""purchaseBillId"":""bhRRAkKAOo0qkLvJKDIR"",""adjustmentReason"":null,""purchaseDate"":""2026-07-19T14:37:06.308Z""}]",1003694,,
MAX WOMEN RAZOR 6,1003698,max women razor 6,10,5,2026-07-22T06:39:50.879Z,5,"[{""expiryDate"":""2027-07-27T18:30:00.000Z"",""mrp"":30,""quantity"":5,""batchNumber"":""?"",""isManualAdjustment"":false,""adjustedByName"":null,""purchaseDate"":""2026-07-19T14:37:06.308Z"",""adjustmentReason"":null,""purchaseBillId"":""bhRRAkKAOo0qkLvJKDIR"",""purchaseRate"":6.66}]",1003698,,
HAIR BRUSH 1`,1003700,hair brush 1`,10,2,2026-07-22T06:39:50.794Z,2,"[{""adjustedByName"":null,""mrp"":280,""expiryDate"":""2027-07-27T18:30:00.000Z"",""quantity"":2,""isManualAdjustment"":false,""batchNumber"":""?"",""purchaseDate"":""2026-07-19T14:37:06.308Z"",""purchaseBillId"":""bhRRAkKAOo0qkLvJKDIR"",""purchaseRate"":80,""adjustmentReason"":null}]",1003700,,
DR.RASHEL SHEET MASK 1,1003702,dr.rashel sheet mask 1,10,4,2026-07-22T06:39:50.881Z,4,"[{""adjustedByName"":null,""isManualAdjustment"":false,""batchNumber"":""?"",""quantity"":4,""mrp"":75,""expiryDate"":""2027-07-27T18:30:00.000Z"",""purchaseRate"":25,""adjustmentReason"":null,""purchaseBillId"":""bhRRAkKAOo0qkLvJKDIR"",""purchaseDate"":""2026-07-19T14:37:06.308Z""}]",1003702,,
CLAMY GEL EYE PATCHS 6*2,1003708,clamy gel eye patchs 6*2,10,5,2026-07-22T06:39:50.880Z,5,"[{""adjustmentReason"":null,""purchaseBillId"":""bhRRAkKAOo0qkLvJKDIR"",""purchaseRate"":18.33,""purchaseDate"":""2026-07-19T14:37:06.308Z"",""batchNumber"":""?"",""quantity"":5,""isManualAdjustment"":false,""expiryDate"":""2027-07-27T18:30:00.000Z"",""mrp"":60,""adjustedByName"":null}]",1003708,,
ASTHALIN RESPIRATOR SOLUTION 15ML,1003746,asthalin respirator solution 15ml,10,2,2026-07-21T15:59:08.281Z,2,"[{""adjustmentReason"":null,""purchaseBillId"":""Jgat3IieqMJG7Pua1kp5"",""quantity"":2,""batchNumber"":""DC AGENCIES "",""purchaseDate"":""2026-07-21T15:14:34.744Z"",""isManualAdjustment"":false,""expiryDate"":""2027-05-27T18:30:00.000Z"",""mrp"":17.47,""adjustedByName"":null,""purchaseRate"":12.24}]",1003746,,
FORACORT 200 INHALER WITH DC 1,1003748,foracort 200 inhaler with dc 1,1,1,2026-07-19T16:51:29.322Z,1,"[{""purchaseRate"":284.17,""adjustedByName"":null,""mrp"":397.82,""isManualAdjustment"":false,""expiryDate"":""2028-01-30T18:30:00.000Z"",""purchaseDate"":""2026-07-16T11:46:43.781Z"",""batchNumber"":""ANILA"",""quantity"":1,""purchaseBillId"":""Wb0URARJjcauzq4XREMe"",""adjustmentReason"":null}]",1003748,,
FOGG WOMEN'S PERFUME 120ML,1003760,fogg women's perfume 120ml,10,2,2026-07-22T06:39:50.949Z,2,"[{""quantity"":2,""isManualAdjustment"":false,""batchNumber"":""?"",""expiryDate"":""2028-07-27T18:30:00.000Z"",""mrp"":225,""adjustedByName"":null,""purchaseRate"":160,""adjustmentReason"":null,""purchaseBillId"":""bhRRAkKAOo0qkLvJKDIR"",""purchaseDate"":""2026-07-19T14:37:06.308Z""}]",1003760,,
NIVEA WOMEN'S DEO 150 ML,1003770,nivea women's deo 150 ml,10,1,2026-07-22T06:39:51.011Z,1,"[{""adjustmentReason"":null,""purchaseRate"":145,""purchaseBillId"":""bhRRAkKAOo0qkLvJKDIR"",""purchaseDate"":""2026-07-19T14:37:06.308Z"",""adjustedByName"":null,""quantity"":1,""batchNumber"":""?"",""isManualAdjustment"":false,""mrp"":285,""expiryDate"":""2027-07-27T18:30:00.000Z""}]",1003770,,
BELLAVITA WOMEN'S PERFUME 150ML,1003779,bellavita women's perfume 150ml,10,1,2026-07-22T06:39:51.011Z,1,"[{""mrp"":249,""expiryDate"":""2027-07-27T18:30:00.000Z"",""batchNumber"":""?"",""quantity"":1,""isManualAdjustment"":false,""adjustedByName"":null,""purchaseDate"":""2026-07-19T14:37:06.308Z"",""purchaseRate"":150,""adjustmentReason"":null,""purchaseBillId"":""bhRRAkKAOo0qkLvJKDIR""}]",1003779,,
HIMALAYA ROSE FACE WASH 100ML,1003790,himalaya rose face wash 100ml,10,1,2026-07-21T06:24:35.604Z,1,"[{""adjustmentReason"":null,""purchaseBillId"":""dnjvJhQGytUmyRCPiDsP"",""batchNumber"":""EKTA COSMETICS "",""quantity"":1,""purchaseDate"":""2026-07-20T16:07:21.820Z"",""isManualAdjustment"":false,""expiryDate"":""2027-07-27T18:30:00.000Z"",""adjustedByName"":null,""mrp"":160,""purchaseRate"":136}]",1003790,,
GATSBY ULTRA HARD HAIR SPRAY 66 ML,1003794,gatsby ultra hard hair spray 66 ml,10,1,2026-07-22T06:39:51.014Z,1,"[{""purchaseBillId"":""bhRRAkKAOo0qkLvJKDIR"",""adjustmentReason"":null,""purchaseRate"":118,""purchaseDate"":""2026-07-19T14:37:06.308Z"",""expiryDate"":""2027-07-27T18:30:00.000Z"",""mrp"":140,""quantity"":1,""batchNumber"":""EKTA"",""isManualAdjustment"":false,""adjustedByName"":null}]",1003794,,
GATSBY SUPER HARD HAIR SPRAY 66 ML,1003795,gatsby super hard hair spray 66 ml,10,1,2026-07-22T06:39:51.013Z,1,"[{""adjustmentReason"":null,""purchaseRate"":102,""purchaseBillId"":""bhRRAkKAOo0qkLvJKDIR"",""purchaseDate"":""2026-07-19T14:37:06.308Z"",""batchNumber"":""EKTA"",""quantity"":1,""isManualAdjustment"":false,""expiryDate"":""2027-07-27T18:30:00.000Z"",""mrp"":120,""adjustedByName"":null}]",1003795,,
GARNIER VIT. CREAM 65 GM,1003805,garnier vit. cream 65 gm,10,1,2026-07-21T06:24:36.304Z,1,"[{""adjustmentReason"":null,""purchaseBillId"":""dnjvJhQGytUmyRCPiDsP"",""batchNumber"":""EKTA COSMETICS "",""quantity"":1,""purchaseDate"":""2026-07-20T16:07:21.820Z"",""expiryDate"":""2027-07-27T18:30:00.000Z"",""isManualAdjustment"":false,""mrp"":219,""adjustedByName"":null,""purchaseRate"":155}]",1003805,,
JOY SUN LOTION 100 ML,1003817,joy sun lotion 100 ml,10,1,2026-07-21T12:45:24.259Z,1,"[{""purchaseRate"":84,""adjustedByName"":null,""mrp"":140,""expiryDate"":""2028-01-27T18:30:00.000Z"",""isManualAdjustment"":false,""purchaseDate"":""2026-07-20T11:44:41.155Z"",""batchNumber"":""?"",""quantity"":1,""purchaseBillId"":""DpRyosVyLI5rlWmgtOFb"",""adjustmentReason"":null}]",1003817,,
TILISMI MOTI 1,1003831,tilismi moti 1,10,7,2026-07-22T06:39:51.243Z,7,"[{""adjustedByName"":null,""expiryDate"":""2027-07-27T18:30:00.000Z"",""mrp"":30,""isManualAdjustment"":false,""quantity"":7,""batchNumber"":""SRI BALAJI"",""purchaseDate"":""2026-07-19T14:37:06.308Z"",""adjustmentReason"":null,""purchaseBillId"":""bhRRAkKAOo0qkLvJKDIR"",""purchaseRate"":10.2}]",1003831,,
POLO MINT 1,1003856,polo mint 1,10,8,2026-07-21T17:28:12.224Z,8,"[{""purchaseRate"":4.18,""mrp"":5,""adjustedByName"":null,""isManualAdjustment"":false,""expiryDate"":""2027-01-27T18:30:00.000Z"",""purchaseDate"":""2026-07-18T07:33:44.306Z"",""batchNumber"":"""",""quantity"":8,""purchaseBillId"":""MLZKoBJjUBLJggKAF22A"",""adjustmentReason"":null}]",1003856,,
HAIR COMB FIBRE 1,1003860,hair comb fibre 1,10,2,2026-07-22T06:39:50.794Z,2,"[{""purchaseDate"":""2026-07-19T14:37:06.308Z"",""purchaseBillId"":""bhRRAkKAOo0qkLvJKDIR"",""adjustmentReason"":null,""purchaseRate"":16,""adjustedByName"":null,""expiryDate"":""2027-07-27T18:30:00.000Z"",""mrp"":29,""batchNumber"":""?"",""quantity"":2,""isManualAdjustment"":false}]",1003860,,
NAPTHLENE BALLS 50GM*1,1003862,napthlene balls 50gm*1,10,5,2026-07-21T17:21:37.485Z,5,"[{""purchaseRate"":20,""adjustedByName"":null,""mrp"":40,""isManualAdjustment"":false,""expiryDate"":""2027-07-27T18:30:00.000Z"",""batchNumber"":""?"",""quantity"":5,""purchaseDate"":""2026-07-18T06:19:24.778Z"",""adjustmentReason"":null,""purchaseBillId"":""VNM2zTVGrJ4ZaMslUtMG""}]",1003862,,
SHANTI NIHAR AMLA OIL 28 ML,1003874,shanti nihar amla oil 28 ml,10,2,2026-07-21T12:45:24.260Z,2,"[{""batchNumber"":""?"",""quantity"":2,""purchaseDate"":""2026-07-20T11:44:41.155Z"",""adjustmentReason"":null,""purchaseBillId"":""DpRyosVyLI5rlWmgtOFb"",""adjustedByName"":null,""mrp"":10,""purchaseRate"":8,""isManualAdjustment"":false,""expiryDate"":""2027-07-27T18:30:00.000Z""}]",1003874,,
SHANTI NIHAR AMLA OIL 140 ML,1003878,shanti nihar amla oil 140 ml,10,2,2026-07-21T12:45:24.342Z,2,"[{""purchaseRate"":35,""adjustedByName"":null,""mrp"":45,""expiryDate"":""2027-07-27T18:30:00.000Z"",""isManualAdjustment"":false,""batchNumber"":""?"",""quantity"":2,""purchaseDate"":""2026-07-20T11:44:41.155Z"",""adjustmentReason"":null,""purchaseBillId"":""DpRyosVyLI5rlWmgtOFb""}]",1003878,,
SHANTI NIHAR AMLA OIL 240 ML,1003880,shanti nihar amla oil 240 ml,10,1,2026-07-21T12:45:24.343Z,1,"[{""purchaseBillId"":""DpRyosVyLI5rlWmgtOFb"",""adjustmentReason"":null,""purchaseDate"":""2026-07-20T11:44:41.155Z"",""batchNumber"":""?"",""quantity"":1,""expiryDate"":""2027-07-27T18:30:00.000Z"",""isManualAdjustment"":false,""purchaseRate"":70,""mrp"":81,""adjustedByName"":null}]",1003880,,
BAJAJ ALMOND DROP OIL 114 ML,1003883,bajaj almond drop oil 114 ml,10,1,2026-07-21T12:45:24.260Z,1,"[{""isManualAdjustment"":false,""expiryDate"":""2027-07-27T18:30:00.000Z"",""purchaseRate"":65,""mrp"":75,""adjustedByName"":null,""adjustmentReason"":null,""purchaseBillId"":""DpRyosVyLI5rlWmgtOFb"",""quantity"":1,""batchNumber"":""?"",""purchaseDate"":""2026-07-20T11:44:41.155Z""}]",1003883,,
ODONIL CUBES 24 GM,1003886,odonil cubes 24 gm,10,5,2026-07-21T12:45:24.344Z,5,"[{""mrp"":25,""adjustedByName"":null,""purchaseRate"":17,""isManualAdjustment"":false,""expiryDate"":""2027-07-27T18:30:00.000Z"",""quantity"":5,""batchNumber"":""?"",""purchaseDate"":""2026-07-20T11:44:41.155Z"",""adjustmentReason"":null,""purchaseBillId"":""DpRyosVyLI5rlWmgtOFb""}]",1003886,,
COLGATE PLAX MOUTH WASH 250 ML,1003892,colgate plax mouth wash 250 ml,10,1,2026-07-19T10:13:19.928Z,1,"[{""adjustmentReason"":null,""purchaseBillId"":""xiMCJHYWelCBQ90mlTTr"",""batchNumber"":"""",""quantity"":1,""purchaseDate"":""2026-07-18T16:34:09.706Z"",""isManualAdjustment"":false,""expiryDate"":""2027-07-27T18:30:00.000Z"",""mrp"":185,""adjustedByName"":null,""purchaseRate"":148}]",1003892,,
MORTEIN COMBI,1003901,mortein combi,10,5,2026-07-19T16:51:51.342Z,5,"[{""purchaseRate"":80,""adjustedByName"":null,""mrp"":85,""isManualAdjustment"":false,""expiryDate"":""2027-07-27T18:30:00.000Z"",""quantity"":4,""batchNumber"":""GUPTA CO"",""purchaseDate"":""2026-07-16T11:46:43.781Z"",""adjustmentReason"":null,""purchaseBillId"":""Wb0URARJjcauzq4XREMe""},{""adjustmentReason"":null,""purchaseBillId"":""Wb0URARJjcauzq4XREMe"",""batchNumber"":""GUPTA CO"",""quantity"":1,""purchaseDate"":""2026-07-16T11:46:43.781Z"",""expiryDate"":""2027-07-27T18:30:00.000Z"",""isManualAdjustment"":false,""adjustedByName"":null,""mrp"":100,""purchaseRate"":88}]",1003901,,
FEM GOLD BLEACH 16GM,1003906,fem gold bleach 16gm,10,2,2026-07-21T06:24:36.106Z,2,"[{""adjustmentReason"":null,""purchaseBillId"":""dnjvJhQGytUmyRCPiDsP"",""batchNumber"":""EKTA COSMETICS "",""quantity"":2,""purchaseDate"":""2026-07-20T16:07:21.820Z"",""expiryDate"":""2027-07-27T18:30:00.000Z"",""isManualAdjustment"":false,""adjustedByName"":null,""mrp"":80,""purchaseRate"":58}]",1003906,,
FIGARO OLIVE OIL 45 ML,1003910,figaro olive oil 45 ml,1,1,2026-07-19T15:49:17.256Z,1,"[{""purchaseRate"":80.59,""adjustedByName"":null,""mrp"":99,""isManualAdjustment"":false,""expiryDate"":""2027-04-29T18:30:00.000Z"",""purchaseDate"":""2026-07-16T14:35:03.825Z"",""batchNumber"":""CHIRAYU"",""quantity"":1,""purchaseBillId"":""741nuHnyq2HPzUHwPany"",""adjustmentReason"":null}]",1003910,,
FIGARO OLIVE OIL 100 ML,1003912,figaro olive oil 100 ml,1,1,2026-07-19T15:49:17.301Z,1,"[{""purchaseBillId"":""741nuHnyq2HPzUHwPany"",""adjustmentReason"":null,""purchaseDate"":""2026-07-16T14:35:03.825Z"",""batchNumber"":""CHIRAYU"",""quantity"":1,""isManualAdjustment"":false,""expiryDate"":""2027-04-29T18:30:00.000Z"",""mrp"":189,""adjustedByName"":null,""purchaseRate"":162.63}]",1003912,,
VENUS RAZOR 1,1003922,venus razor 1,10,2,2026-07-22T06:39:50.795Z,2,"[{""purchaseRate"":81.03,""purchaseBillId"":""6avEgRRYxJgFAOuxhlU4"",""adjustmentReason"":null,""purchaseDate"":""2026-07-21T06:31:03.547Z"",""adjustedByName"":null,""isManualAdjustment"":false,""quantity"":1,""batchNumber"":"""",""mrp"":109,""expiryDate"":""2027-07-27T18:30:00.000Z""},{""batchNumber"":""PRIDE"",""isManualAdjustment"":false,""quantity"":1,""mrp"":99,""expiryDate"":""2027-07-27T18:30:00.000Z"",""adjustedByName"":null,""purchaseDate"":""2026-07-19T14:37:06.308Z"",""purchaseBillId"":""bhRRAkKAOo0qkLvJKDIR"",""adjustmentReason"":null,""purchaseRate"":73.6}]",1003922,,
BENZAC AC 5% 30 GM,,benzac ac 5% 30 gm,1,1,2026-07-21T17:21:36.686Z,1,"[{""batchNumber"":""ANILA"",""quantity"":1,""purchaseDate"":""2026-07-18T06:19:24.778Z"",""adjustmentReason"":null,""purchaseBillId"":""VNM2zTVGrJ4ZaMslUtMG"",""mrp"":267.5,""adjustedByName"":null,""purchaseRate"":191.07,""isManualAdjustment"":false,""expiryDate"":""2026-12-27T18:30:00.000Z""}]",1003927,,
AMLOKIND 5 MG 15,,amlokind 5 mg 15,1,,,,,1003931,,
OVRAL L 21,,ovral l 21,1,,,,,1003933,,
NAPROSYN D 250 10,,naprosyn d 250 10,1,,,,,1003935,,
NAPROSYN D 500 10,,naprosyn d 500 10,1,,,,,1003937,,
APTAMIL GOLD STAGE 2 400 GM,1003939,aptamil gold stage 2 400 gm,1,2,2026-07-19T15:49:17.048Z,2,"[{""purchaseBillId"":""741nuHnyq2HPzUHwPany"",""adjustmentReason"":null,""purchaseDate"":""2026-07-16T14:35:03.825Z"",""batchNumber"":""SUNIL"",""quantity"":2,""expiryDate"":""2027-08-30T18:30:00.000Z"",""isManualAdjustment"":false,""purchaseRate"":874.46,""mrp"":1010,""adjustedByName"":null}]",1003939,,
FOLVITE TAB 45,,folvite tab 45,1,,,,,1003945,,
NORFLOX DROP 10ML,1003949,norflox drop 10ml,1,4,2026-07-19T16:51:29.142Z,4,"[{""batchNumber"":""4A00166 (MEDIHUB)"",""quantity"":4,""purchaseDate"":""2026-07-16T11:46:43.781Z"",""adjustmentReason"":null,""purchaseBillId"":""Wb0URARJjcauzq4XREMe"",""adjustedByName"":null,""mrp"":17.71,""purchaseRate"":12.65,""isManualAdjustment"":false,""expiryDate"":""2027-02-27T18:30:00.000Z""}]",1003949,,
PERINORM TAB 10,,perinorm tab 10,1,,,,,1003951,,
SELSUN SHAMPOO 120ML,1003953,selsun shampoo 120ml,10,1,2026-07-21T12:45:24.077Z,1,"[{""adjustmentReason"":null,""purchaseBillId"":""DpRyosVyLI5rlWmgtOFb"",""quantity"":1,""batchNumber"":""MEDIBASKET "",""purchaseDate"":""2026-07-20T11:44:41.155Z"",""isManualAdjustment"":false,""expiryDate"":""2028-02-27T18:30:00.000Z"",""adjustedByName"":null,""mrp"":479,""purchaseRate"":364.58}]",1003953,,
SINAREST DROP 15 ML,1003955,sinarest drop 15 ml,1,3,2026-07-23T07:11:41.530Z,3,"[{""isManualAdjustment"":false,""purchaseDate"":""2026-07-17T15:06:47.110Z"",""expiryDate"":""2028-02-27T18:30:00.000Z"",""adjustedByName"":null,""batchNumber"":""MEDIBASKET "",""adjustmentReason"":null,""mrp"":125.81,""purchaseBillId"":""sIBrxawP5tddMZN0yUmB"",""purchaseRate"":89.87,""quantity"":3}]",1003955,,
TOPISAL 6 LOTION 50ML,1003957,topisal 6 lotion 50ml,10,1,2026-07-21T12:45:24.078Z,1,"[{""adjustmentReason"":null,""purchaseBillId"":""DpRyosVyLI5rlWmgtOFb"",""batchNumber"":""MEDIBASKET "",""quantity"":1,""purchaseDate"":""2026-07-20T11:44:41.155Z"",""expiryDate"":""2028-01-27T18:30:00.000Z"",""isManualAdjustment"":false,""purchaseRate"":83.81,""mrp"":110,""adjustedByName"":null}]",1003957,,
TRIGABATIN 100,,trigabatin 100,1,,,,,1003959,,
VASOGRAIN EC,,vasograin ec,1,,,,,1003961,,
VIZILAC CAPSULE,,vizilac capsule,1,,,,,1003963,,
VIZYLAC GG CAPSULE,,vizylac gg capsule,1,,,,,1003965,,
THERMOSEAL PROXA NS BRUSHES 1,1003977,thermoseal proxa ns brushes 1,10,2,2026-07-19T10:13:28.221Z,2,"[{""purchaseRate"":135,""mrp"":180,""adjustedByName"":null,""isManualAdjustment"":false,""expiryDate"":""2030-09-27T18:30:00.000Z"",""quantity"":2,""batchNumber"":""ANILA"",""purchaseDate"":""2026-07-18T16:34:09.706Z"",""adjustmentReason"":null,""purchaseBillId"":""xiMCJHYWelCBQ90mlTTr""}]",1003977,,
ELTROXIN 100MG 120,1003985,eltroxin 100mg 120,10,1,2026-07-21T17:28:12.822Z,1,"[{""quantity"":1,""batchNumber"":""DC AGENCIES "",""purchaseDate"":""2026-07-18T07:33:44.306Z"",""adjustmentReason"":null,""purchaseBillId"":""MLZKoBJjUBLJggKAF22A"",""adjustedByName"":null,""mrp"":180.1,""purchaseRate"":128.64,""isManualAdjustment"":false,""expiryDate"":""2026-09-27T18:30:00.000Z""}]",1003985,,
OLOPAT KT EYE DROP 10ML,1003987,olopat kt eye drop 10ml,1,1,2026-07-19T16:51:29.139Z,1,"[{""purchaseDate"":""2026-07-16T11:46:43.781Z"",""quantity"":1,""batchNumber"":""GT00055 (MEDIBASKET)"",""purchaseBillId"":""Wb0URARJjcauzq4XREMe"",""adjustmentReason"":null,""mrp"":255,""adjustedByName"":null,""purchaseRate"":182.14,""expiryDate"":""2027-07-16T11:57:34.549Z"",""isManualAdjustment"":false}]",1003987,,
LORSANTE 10,,lorsante 10,1,,,,,1003989,,
HIMALAYA NEEM TAB 60,,himalaya neem tab 60,1,120,2026-07-19T15:49:17.667Z,120,"[{""adjustmentReason"":null,""purchaseBillId"":""741nuHnyq2HPzUHwPany"",""batchNumber"":""VISON"",""quantity"":120,""purchaseDate"":""2026-07-16T14:35:03.825Z"",""expiryDate"":""2028-02-27T18:30:00.000Z"",""isManualAdjustment"":false,""adjustedByName"":null,""mrp"":240,""purchaseRate"":182.86}]",1003993,,
LIGNOCAD 30 GM,1003997,lignocad 30 gm,1,2,2026-07-21T17:21:36.402Z,2,"[{""adjustmentReason"":null,""purchaseBillId"":""VNM2zTVGrJ4ZaMslUtMG"",""quantity"":2,""batchNumber"":""?"",""purchaseDate"":""2026-07-18T06:19:24.778Z"",""expiryDate"":""2027-07-27T18:30:00.000Z"",""isManualAdjustment"":false,""purchaseRate"":22.6,""adjustedByName"":null,""mrp"":37.97}]",1003997,,
KENZ-SAL LOTION 60 ML,1004001,kenz-sal lotion 60 ml,10,1,2026-07-21T12:45:24.076Z,1,"[{""expiryDate"":""2027-11-27T18:30:00.000Z"",""isManualAdjustment"":false,""purchaseRate"":208.57,""mrp"":273.75,""adjustedByName"":null,""purchaseBillId"":""DpRyosVyLI5rlWmgtOFb"",""adjustmentReason"":null,""purchaseDate"":""2026-07-20T11:44:41.155Z"",""quantity"":1,""batchNumber"":""MEDIBASKET ""}]",1004001,,
HIMALAYA TRIPHALA BOWEL 60,1004005,himalaya triphala bowel 60,10,2,2026-07-19T15:49:42.008Z,2,"[{""purchaseBillId"":""741nuHnyq2HPzUHwPany"",""adjustmentReason"":null,""purchaseDate"":""2026-07-16T14:35:03.825Z"",""quantity"":1,""batchNumber"":""VISION"",""isManualAdjustment"":false,""expiryDate"":""2027-12-27T18:30:00.000Z"",""adjustedByName"":null,""mrp"":275,""purchaseRate"":201.67},{""isManualAdjustment"":false,""expiryDate"":""2028-08-27T18:30:00.000Z"",""purchaseRate"":228.58,""mrp"":300,""adjustedByName"":null,""purchaseBillId"":""741nuHnyq2HPzUHwPany"",""adjustmentReason"":null,""purchaseDate"":""2026-07-16T14:35:03.825Z"",""batchNumber"":""VISION"",""quantity"":1}]",1004005,,
ZAHA EYE DROP 3ML,1004007,zaha eye drop 3ml,1,1,2026-07-19T16:51:29.138Z,1,"[{""expiryDate"":""2027-01-30T18:30:00.000Z"",""isManualAdjustment"":false,""mrp"":206,""adjustedByName"":null,""purchaseRate"":147.14,""adjustmentReason"":null,""purchaseBillId"":""Wb0URARJjcauzq4XREMe"",""quantity"":1,""batchNumber"":""GT02295"",""purchaseDate"":""2026-07-16T11:46:43.781Z""}]",1004007,,
APTAMIL GOLD STAGE 1 400GM,1004009,aptamil gold stage 1 400gm,1,2,2026-07-19T15:49:34.129Z,2,"[{""purchaseRate"":874.46,""adjustedByName"":null,""mrp"":1010,""isManualAdjustment"":false,""expiryDate"":""2027-07-16T15:23:22.793Z"",""purchaseDate"":""2026-07-16T14:35:03.825Z"",""batchNumber"":""SUNIL"",""quantity"":1,""purchaseBillId"":""741nuHnyq2HPzUHwPany"",""adjustmentReason"":null},{""expiryDate"":""2027-01-30T18:30:00.000Z"",""isManualAdjustment"":false,""adjustedByName"":null,""mrp"":960,""purchaseRate"":831.17,""adjustmentReason"":null,""purchaseBillId"":""741nuHnyq2HPzUHwPany"",""batchNumber"":""SUNIL"",""quantity"":1,""purchaseDate"":""2026-07-16T14:35:03.825Z""}]",1004009,,
IBUGESIC PLUS SYRUP 100 ML,1004016,ibugesic plus syrup 100 ml,1,2,2026-07-19T12:27:31.697Z,2,"[{""batchNumber"":""MEDIBASKET"",""quantity"":2,""purchaseDate"":""2026-07-16T15:54:16.728Z"",""adjustmentReason"":null,""purchaseBillId"":""iWGAUP8RNvmP0LcHYz2w"",""purchaseRate"":47.44,""mrp"":62,""adjustedByName"":null,""expiryDate"":""2028-01-30T18:30:00.000Z"",""isManualAdjustment"":false}]",1004016,,
FOLINEXT TAB 30,,folinext tab 30,1,,,,,1004018,,
RACECLO TAB 10,,raceclo tab 10,1,,,,,1004020,,
CIPCAL 500,,cipcal 500,1,,,,,1004026,,
MYELOSTAT 500,,myelostat 500,1,,,,,1004028,,
FOL 123,,fol 123,1,,,,,1004030,,
FOL 123MF,,fol 123mf,1,,,,,1004032,,
FOLINEXT GOLD,,folinext gold,1,,,,,1004037,,
OFLOX 200,,oflox 200,1,,,,,1004039,,
TESS BUCCAL 5GM,1004041,tess buccal 5gm,1,1,2026-07-21T17:21:37.017Z,1,"[{""batchNumber"":""MEDIBASKET"",""quantity"":1,""purchaseDate"":""2026-07-18T06:19:24.778Z"",""adjustmentReason"":null,""purchaseBillId"":""VNM2zTVGrJ4ZaMslUtMG"",""mrp"":108.9,""adjustedByName"":null,""purchaseRate"":77.78,""isManualAdjustment"":false,""expiryDate"":""2026-09-27T18:30:00.000Z""}]",1004041,,
SUMO SPRAY 35GM,1004043,sumo spray 35gm,10,1,2026-07-19T15:49:17.400Z,1,"[{""batchNumber"":""ANILA"",""quantity"":1,""purchaseDate"":""2026-07-16T14:35:03.825Z"",""adjustmentReason"":null,""purchaseBillId"":""741nuHnyq2HPzUHwPany"",""adjustedByName"":null,""mrp"":139,""purchaseRate"":59.75,""expiryDate"":""2028-09-27T18:30:00.000Z"",""isManualAdjustment"":false}]",1004043,,
DANOPAR,,danopar,1,,,,,1004048,,
LOMO D,,lomo d,1,,,,,1004050,,
DERMICOOL SOAP 125GM,1004060,dermicool soap 125gm,10,2,2026-07-21T17:21:37.484Z,2,"[{""isManualAdjustment"":false,""expiryDate"":""2027-07-27T18:30:00.000Z"",""mrp"":88,""adjustedByName"":null,""purchaseRate"":55.15,""purchaseBillId"":""VNM2zTVGrJ4ZaMslUtMG"",""adjustmentReason"":null,""purchaseDate"":""2026-07-18T06:19:24.778Z"",""quantity"":2,""batchNumber"":""?""}]",1004060,,
DETTOL COOL MENTHOL SOAP 100GM,1004063,dettol cool menthol soap 100gm,10,2,2026-07-21T17:21:37.483Z,2,"[{""mrp"":42,""adjustedByName"":null,""purchaseRate"":37.8,""isManualAdjustment"":false,""expiryDate"":""2027-07-27T18:30:00.000Z"",""quantity"":2,""batchNumber"":""?"",""purchaseDate"":""2026-07-18T06:19:24.778Z"",""adjustmentReason"":null,""purchaseBillId"":""VNM2zTVGrJ4ZaMslUtMG""}]",1004063,,
ZINCOVIT CL SYRUP 200 ML,,zincovit cl syrup 200 ml,1,,,,,1004077,,
BIO D3 FEM,,bio d3 fem,1,,,,,1004084,,
BUDECORT INHALER100 1,1004086,budecort inhaler100 1,1,1,2026-07-19T16:51:29.484Z,1,"[{""purchaseRate"":225.6,""adjustedByName"":null,""mrp"":315.84,""isManualAdjustment"":false,""expiryDate"":""2027-07-16T13:15:20.718Z"",""batchNumber"":""MEDIHUB"",""quantity"":1,""purchaseDate"":""2026-07-16T11:46:43.781Z"",""adjustmentReason"":null,""purchaseBillId"":""Wb0URARJjcauzq4XREMe""}]",1004086,,
COMBIFLAM SUSPENSION 60ML,1004088,combiflam suspension 60ml,1,1,2026-07-19T12:27:31.697Z,1,"[{""isManualAdjustment"":false,""expiryDate"":""2027-07-16T16:30:20.515Z"",""adjustedByName"":null,""mrp"":49.15,""purchaseRate"":35.1,""purchaseBillId"":""iWGAUP8RNvmP0LcHYz2w"",""adjustmentReason"":null,""purchaseDate"":""2026-07-16T15:54:16.728Z"",""batchNumber"":""MEDIBASKET"",""quantity"":1}]",1004088,,
H VIT,,h vit,1,,,,,1004090,,
MAMY POKO NB 99 8,1004096,mamy poko nb 99 8,10,1,2026-07-19T10:13:19.848Z,1,"[{""purchaseBillId"":""xiMCJHYWelCBQ90mlTTr"",""adjustmentReason"":null,""purchaseDate"":""2026-07-18T16:34:09.706Z"",""batchNumber"":"""",""quantity"":1,""isManualAdjustment"":false,""expiryDate"":""2027-07-27T18:30:00.000Z"",""adjustedByName"":null,""mrp"":99,""purchaseRate"":79}]",1004096,,
MAMY POKO S 99 10,1004100,mamy poko s 99 10,10,5,2026-07-19T10:13:36.075Z,5,"[{""expiryDate"":""2027-07-27T18:30:00.000Z"",""isManualAdjustment"":false,""purchaseRate"":79,""mrp"":99,""adjustedByName"":null,""adjustmentReason"":null,""purchaseBillId"":""xiMCJHYWelCBQ90mlTTr"",""batchNumber"":"""",""quantity"":5,""purchaseDate"":""2026-07-18T16:34:09.706Z""}]",1004100,,
MAMY POKO L 99 7,1004104,mamy poko l 99 7,10,1,2026-07-19T10:13:19.847Z,1,"[{""adjustmentReason"":null,""purchaseBillId"":""xiMCJHYWelCBQ90mlTTr"",""quantity"":1,""batchNumber"":"""",""purchaseDate"":""2026-07-18T16:34:09.706Z"",""isManualAdjustment"":false,""expiryDate"":""2027-07-27T18:30:00.000Z"",""purchaseRate"":79,""adjustedByName"":null,""mrp"":99}]",1004104,,
MAMY POKO XL 110 6,1004106,mamy poko xl 110 6,10,2,2026-07-19T10:13:19.849Z,2,"[{""adjustedByName"":null,""mrp"":110,""purchaseRate"":88,""expiryDate"":""2027-07-27T18:30:00.000Z"",""isManualAdjustment"":false,""quantity"":2,""batchNumber"":"""",""purchaseDate"":""2026-07-18T16:34:09.706Z"",""adjustmentReason"":null,""purchaseBillId"":""xiMCJHYWelCBQ90mlTTr""}]",1004106,,
CENTRUM KIDS REACHARGE POWDER 6N/5GM,1004108,centrum kids reacharge powder 6n/5gm,1,6,2026-07-21T17:28:12.122Z,6,"[{""isManualAdjustment"":false,""expiryDate"":""2027-07-27T18:30:00.000Z"",""mrp"":53.39,""adjustedByName"":null,""purchaseRate"":44.21,""purchaseBillId"":""MLZKoBJjUBLJggKAF22A"",""adjustmentReason"":null,""purchaseDate"":""2026-07-18T07:33:44.306Z"",""quantity"":6,""batchNumber"":""""}]",1004108,,
PAN MPS MINT FLAVOUR 200ML,1004112,pan mps mint flavour 200ml,1,2,2026-07-17T10:04:08.025Z,2,"[{""isManualAdjustment"":false,""batchNumber"":""DC AGENCIES "",""expiryDate"":""2028-08-31T18:30:00.000Z"",""adjustmentReason"":null,""purchaseRate"":89.26,""purchaseBillId"":""6ay79HpxBVdyHOQ5EL0S"",""quantity"":2,""adjustedByName"":null,""purchaseDate"":""2026-07-14T06:31:27.837Z"",""mrp"":117}]",1004112,,
RIFLUX FORTZ,,riflux fortz,1,,,,,1004115,,
VB7 HAIR,,vb7 hair,1,,,,,1004120,,
RENUGLO FACE WASH 70 GM,1004130,renuglo face wash 70 gm,10,0,2026-07-22T16:23:45.978Z,0,"[{""isManualAdjustment"":false,""purchaseDate"":""2026-07-22T10:26:51.865Z"",""expiryDate"":""2029-04-27T18:30:00.000Z"",""batchNumber"":""AC6186"",""adjustedByName"":null,""adjustmentReason"":null,""mrp"":370,""purchaseBillId"":""PENDING_BATCH"",""quantity"":0,""purchaseRate"":250.85}]",1004130,,
LINVAS TAB 10,,linvas tab 10,1,,,,,1004137,,
NEUROBION ALPHA D 10,,neurobion alpha d 10,1,,,,,1004139,,
DUREX INTENSE 3,1004147,durex intense 3,10,3,2026-07-21T16:55:29.264Z,3,"[{""purchaseRate"":165,""adjustedByName"":null,""mrp"":198,""isManualAdjustment"":false,""expiryDate"":""2029-01-27T18:30:00.000Z"",""purchaseDate"":""2026-07-18T18:30:00.000Z"",""quantity"":3,""batchNumber"":""?"",""purchaseBillId"":""hRBAIRVH8K5pGUwLPR08"",""adjustmentReason"":null}]",1004147,,
URINE BAG 1,1004158,urine bag 1,10,2,2026-07-21T12:45:23.359Z,2,"[{""purchaseBillId"":""DpRyosVyLI5rlWmgtOFb"",""adjustmentReason"":null,""purchaseDate"":""2026-07-20T11:44:41.155Z"",""quantity"":2,""batchNumber"":""SSD PHARMA "",""expiryDate"":""2027-07-27T18:30:00.000Z"",""isManualAdjustment"":false,""purchaseRate"":150,""adjustedByName"":null,""mrp"":361}]",1004158,,
URINE CATHETERS 1,1004160,urine catheters 1,10,3,2026-07-21T12:45:23.359Z,3,"[{""purchaseDate"":""2026-07-20T11:44:41.155Z"",""quantity"":3,""batchNumber"":""SSD PHARMA  "",""purchaseBillId"":""DpRyosVyLI5rlWmgtOFb"",""adjustmentReason"":null,""purchaseRate"":90,""adjustedByName"":null,""mrp"":190,""expiryDate"":""2027-07-27T18:30:00.000Z"",""isManualAdjustment"":false}]",1004160,,
HIMALAYA ADULT DIAPERS M 1,1004164,himalaya adult diapers m 1,10,1,2026-07-22T06:39:51.345Z,1,"[{""purchaseBillId"":""bhRRAkKAOo0qkLvJKDIR"",""purchaseRate"":220,""adjustmentReason"":null,""purchaseDate"":""2026-07-19T14:37:06.308Z"",""adjustedByName"":null,""mrp"":550,""expiryDate"":""2027-07-27T18:30:00.000Z"",""isManualAdjustment"":false,""batchNumber"":""VISION"",""quantity"":1}]",1004164,,
HIMALAYA ADULT DIAPERS L 1,1004167,himalaya adult diapers l 1,10,2,2026-07-22T06:39:51.344Z,2,"[{""adjustedByName"":null,""mrp"":562,""expiryDate"":""2027-07-27T18:30:00.000Z"",""batchNumber"":""VISION"",""isManualAdjustment"":false,""quantity"":2,""purchaseBillId"":""bhRRAkKAOo0qkLvJKDIR"",""adjustmentReason"":null,""purchaseRate"":219,""purchaseDate"":""2026-07-19T14:37:06.308Z""}]",1004167,,
PRO ENAMEL TOOTHPASTE 70GM,1004172,pro enamel toothpaste 70gm,10,1,2026-07-19T10:13:23.581Z,1,"[{""quantity"":1,""batchNumber"":""VN SUPPLIES"",""purchaseDate"":""2026-07-18T16:34:09.706Z"",""adjustmentReason"":null,""purchaseBillId"":""xiMCJHYWelCBQ90mlTTr"",""adjustedByName"":null,""mrp"":140,""purchaseRate"":117.6,""isManualAdjustment"":false,""expiryDate"":""2027-07-27T18:30:00.000Z""}]",1004172,,
ODOMOS 50GM,1004174,odomos 50gm,10,2,2026-07-19T16:51:29.751Z,2,"[{""adjustmentReason"":null,""purchaseBillId"":""Wb0URARJjcauzq4XREMe"",""batchNumber"":""GUPTA CO"",""quantity"":2,""purchaseDate"":""2026-07-16T11:46:43.781Z"",""isManualAdjustment"":false,""expiryDate"":""2027-07-27T18:30:00.000Z"",""mrp"":65,""adjustedByName"":null,""purchaseRate"":54.5}]",1004174,,
DETTOL SANITIZER 200ML,1004176,dettol sanitizer 200ml,10,1,2026-07-19T10:13:19.925Z,1,"[{""batchNumber"":"""",""quantity"":1,""purchaseDate"":""2026-07-18T16:34:09.706Z"",""adjustmentReason"":null,""purchaseBillId"":""xiMCJHYWelCBQ90mlTTr"",""mrp"":125,""adjustedByName"":null,""purchaseRate"":105,""isManualAdjustment"":false,""expiryDate"":""2027-07-27T18:30:00.000Z""}]",1004176,,
TISSUE PAPER 1,1004178,tissue paper 1,10,1,2026-07-21T12:45:24.639Z,1,"[{""purchaseBillId"":""DpRyosVyLI5rlWmgtOFb"",""adjustmentReason"":null,""purchaseDate"":""2026-07-20T11:44:41.155Z"",""batchNumber"":""?"",""quantity"":1,""isManualAdjustment"":false,""expiryDate"":""2027-07-27T18:30:00.000Z"",""purchaseRate"":30,""adjustedByName"":null,""mrp"":60}]",1004178,,
SOFY BODYFIT NIGHT XXL 6,1004182,sofy bodyfit night xxl 6,10,8,2026-07-19T10:13:19.714Z,8,"[{""purchaseBillId"":""xiMCJHYWelCBQ90mlTTr"",""adjustmentReason"":null,""purchaseDate"":""2026-07-18T16:34:09.706Z"",""batchNumber"":"""",""quantity"":8,""expiryDate"":""2027-07-27T18:30:00.000Z"",""isManualAdjustment"":false,""purchaseRate"":41.67,""mrp"":50,""adjustedByName"":null}]",1004182,,
PEDIASURE CHOCO BIB 200GM,1004190,pediasure choco bib 200gm,1,2,2026-07-19T15:49:35.876Z,2,"[{""isManualAdjustment"":false,""expiryDate"":""2027-07-17T05:21:37.815Z"",""purchaseRate"":320.67,""adjustedByName"":null,""mrp"":370,""purchaseBillId"":""741nuHnyq2HPzUHwPany"",""adjustmentReason"":null,""purchaseDate"":""2026-07-16T14:35:03.825Z"",""quantity"":1,""batchNumber"":""SUNIL""},{""purchaseBillId"":""741nuHnyq2HPzUHwPany"",""adjustmentReason"":null,""purchaseDate"":""2026-07-16T14:35:03.825Z"",""quantity"":1,""batchNumber"":""SUNIL"",""isManualAdjustment"":false,""expiryDate"":""2027-08-30T18:30:00.000Z"",""purchaseRate"":320.67,""adjustedByName"":null,""mrp"":370}]",1004190,,
PEDIASURE VANILLA BIB 200GM,1004191,pediasure vanilla bib 200gm,1,4,2026-07-19T15:49:43.239Z,4,"[{""adjustmentReason"":null,""purchaseBillId"":""741nuHnyq2HPzUHwPany"",""batchNumber"":""SUNIL"",""quantity"":1,""purchaseDate"":""2026-07-16T14:35:03.825Z"",""expiryDate"":""2026-10-30T18:30:00.000Z"",""isManualAdjustment"":false,""mrp"":335,""adjustedByName"":null,""purchaseRate"":290.33},{""batchNumber"":""SUNIL"",""quantity"":1,""purchaseDate"":""2026-07-16T14:35:03.825Z"",""adjustmentReason"":null,""purchaseBillId"":""741nuHnyq2HPzUHwPany"",""mrp"":420,""adjustedByName"":null,""purchaseRate"":320.7,""isManualAdjustment"":false,""expiryDate"":""2027-01-30T18:30:00.000Z""},{""purchaseBillId"":""741nuHnyq2HPzUHwPany"",""adjustmentReason"":null,""purchaseDate"":""2026-07-16T14:35:03.825Z"",""batchNumber"":""SUNIL"",""quantity"":1,""expiryDate"":""2026-12-30T18:30:00.000Z"",""isManualAdjustment"":false,""purchaseRate"":290.33,""mrp"":335,""adjustedByName"":null},{""isManualAdjustment"":false,""expiryDate"":""2027-01-30T18:30:00.000Z"",""purchaseRate"":323.9,""mrp"":420,""adjustedByName"":null,""purchaseBillId"":""741nuHnyq2HPzUHwPany"",""adjustmentReason"":null,""purchaseDate"":""2026-07-16T14:35:03.825Z"",""quantity"":1,""batchNumber"":""SUNIL""}]",1004191,,
SIMILAC MT 1 400GM,1004192,similac mt 1 400gm,1,2,2026-07-19T15:49:17.050Z,2,"[{""quantity"":2,""batchNumber"":""SUNIL"",""purchaseDate"":""2026-07-16T14:35:03.825Z"",""adjustmentReason"":null,""purchaseBillId"":""741nuHnyq2HPzUHwPany"",""adjustedByName"":null,""mrp"":580,""purchaseRate"":502.67,""expiryDate"":""2027-11-29T18:30:00.000Z"",""isManualAdjustment"":false}]",1004192,,
SIMILAC MT 2 400GM,1004193,similac mt 2 400gm,1,1,2026-07-19T15:49:17.098Z,1,"[{""expiryDate"":""2027-07-16T15:37:33.876Z"",""isManualAdjustment"":false,""mrp"":620,""adjustedByName"":null,""purchaseRate"":476.67,""purchaseBillId"":""741nuHnyq2HPzUHwPany"",""adjustmentReason"":null,""purchaseDate"":""2026-07-16T14:35:03.825Z"",""quantity"":1,""batchNumber"":""SUNIL""}]",1004193,,
SIMILAC MT 3 400GM,1004194,similac mt 3 400gm,1,2,2026-07-19T15:49:35.459Z,2,"[{""expiryDate"":""2026-08-30T18:30:00.000Z"",""isManualAdjustment"":false,""adjustedByName"":null,""mrp"":600,""purchaseRate"":462.71,""adjustmentReason"":null,""purchaseBillId"":""741nuHnyq2HPzUHwPany"",""quantity"":1,""batchNumber"":""SUNIL"",""purchaseDate"":""2026-07-16T14:35:03.825Z""},{""adjustedByName"":null,""mrp"":550,""purchaseRate"":476.67,""isManualAdjustment"":false,""expiryDate"":""2027-01-30T18:30:00.000Z"",""quantity"":1,""batchNumber"":""SUNIL"",""purchaseDate"":""2026-07-16T14:35:03.825Z"",""adjustmentReason"":null,""purchaseBillId"":""741nuHnyq2HPzUHwPany""}]",1004194,,
ENSURE CHOCO BIB 200GM,,ensure choco bib 200gm,1,1,2026-07-19T15:49:17.148Z,1,"[{""expiryDate"":""2026-10-30T18:30:00.000Z"",""isManualAdjustment"":false,""adjustedByName"":null,""mrp"":460,""purchaseRate"":354.75,""adjustmentReason"":null,""purchaseBillId"":""741nuHnyq2HPzUHwPany"",""batchNumber"":""SUNIL"",""quantity"":1,""purchaseDate"":""2026-07-16T14:35:03.825Z""}]",1004195,,
ENSURE CHOCO BIB 375GM,,ensure choco bib 375gm,1,,,,,1004196,,
ENSURE DIAB CHOCO BIB 200GM,,ensure diab choco bib 200gm,1,1,2026-07-19T15:49:17.148Z,1,"[{""adjustedByName"":null,""mrp"":540,""purchaseRate"":416.44,""isManualAdjustment"":false,""expiryDate"":""2026-08-30T18:30:00.000Z"",""purchaseDate"":""2026-07-16T14:35:03.825Z"",""quantity"":1,""batchNumber"":""SUNIL"",""purchaseBillId"":""741nuHnyq2HPzUHwPany"",""adjustmentReason"":null}]",1004197,,
ENSURE DIAB VANILLA BIB 200GM,1004199,ensure diab vanilla bib 200gm,1,1,2026-07-19T15:49:17.150Z,1,"[{""expiryDate"":""2026-12-30T18:30:00.000Z"",""isManualAdjustment"":false,""mrp"":540,""adjustedByName"":null,""purchaseRate"":438.75,""adjustmentReason"":null,""purchaseBillId"":""741nuHnyq2HPzUHwPany"",""quantity"":1,""batchNumber"":""SUNIL"",""purchaseDate"":""2026-07-16T14:35:03.825Z""}]",1004199,,
ENSURE DIAB VANILLA 375 BIB 375GM,1004200,ensure diab vanilla 375 bib 375gm,1,1,2026-07-19T15:49:17.150Z,1,"[{""isManualAdjustment"":false,""expiryDate"":""2026-09-29T18:30:00.000Z"",""purchaseRate"":751.56,""adjustedByName"":null,""mrp"":925,""adjustmentReason"":null,""purchaseBillId"":""741nuHnyq2HPzUHwPany"",""quantity"":1,""batchNumber"":""SUNIL"",""purchaseDate"":""2026-07-16T14:35:03.825Z""}]",1004200,,
ENSURE DIAB CHOCO BIB 325GM,1004202,ensure diab choco bib 325gm,1,1,2026-07-19T15:49:17.149Z,1,"[{""adjustmentReason"":null,""purchaseBillId"":""741nuHnyq2HPzUHwPany"",""batchNumber"":""SUNIL"",""quantity"":1,""purchaseDate"":""2026-07-16T14:35:03.825Z"",""isManualAdjustment"":false,""expiryDate"":""2026-09-29T18:30:00.000Z"",""adjustedByName"":null,""mrp"":925,""purchaseRate"":713.35}]",1004202,,
DEXOLAC 1 400 GM,1004204,dexolac 1 400 gm,1,1,2026-07-19T15:49:16.920Z,1,"[{""adjustedByName"":null,""mrp"":490,""purchaseRate"":424.24,""expiryDate"":""2027-08-30T18:30:00.000Z"",""isManualAdjustment"":false,""purchaseDate"":""2026-07-16T14:35:03.825Z"",""batchNumber"":""SUNIL "",""quantity"":1,""purchaseBillId"":""741nuHnyq2HPzUHwPany"",""adjustmentReason"":null}]",1004204,,
DEXOLAC 2 400GM,1004207,dexolac 2 400gm,1,1,2026-07-19T15:49:17.000Z,1,"[{""purchaseRate"":402.6,""mrp"":465,""adjustedByName"":null,""isManualAdjustment"":false,""expiryDate"":""2026-12-31T18:30:00.000Z"",""purchaseDate"":""2026-07-16T14:35:03.825Z"",""quantity"":1,""batchNumber"":""SUNIL"",""purchaseBillId"":""741nuHnyq2HPzUHwPany"",""adjustmentReason"":null}]",1004207,,
PROTINEX DIABATES BIB 200 GM,1004209,protinex diabates bib 200 gm,1,1,2026-07-19T15:49:17.201Z,1,"[{""adjustmentReason"":null,""purchaseBillId"":""741nuHnyq2HPzUHwPany"",""quantity"":1,""batchNumber"":""SUNIL"",""purchaseDate"":""2026-07-16T14:35:03.825Z"",""expiryDate"":""2026-10-30T18:30:00.000Z"",""isManualAdjustment"":false,""purchaseRate"":300.57,""mrp"":410,""adjustedByName"":null}]",1004209,,
PROTINEX MOTHERS VANILLA 200GM,1004211,protinex mothers vanilla 200gm,1,1,2026-07-19T15:49:17.203Z,1,"[{""purchaseDate"":""2026-07-16T14:35:03.825Z"",""batchNumber"":""SUNIL"",""quantity"":1,""purchaseBillId"":""741nuHnyq2HPzUHwPany"",""adjustmentReason"":null,""adjustedByName"":null,""mrp"":495,""purchaseRate"":367.6,""expiryDate"":""2026-07-30T18:30:00.000Z"",""isManualAdjustment"":false}]",1004211,,
PROTINEX MOTHERS CHOCO 200GM,1004213,protinex mothers choco 200gm,1,1,2026-07-19T15:49:17.201Z,1,"[{""purchaseBillId"":""741nuHnyq2HPzUHwPany"",""adjustmentReason"":null,""purchaseDate"":""2026-07-16T14:35:03.825Z"",""quantity"":1,""batchNumber"":""SUNIL"",""isManualAdjustment"":false,""expiryDate"":""2027-02-27T18:30:00.000Z"",""purchaseRate"":367.59,""mrp"":440,""adjustedByName"":null}]",1004213,,
PROTINEX ORIGINAL JAR 400GM,1004215,protinex original jar 400gm,1,1,2026-07-19T15:49:17.254Z,1,"[{""purchaseBillId"":""741nuHnyq2HPzUHwPany"",""adjustmentReason"":null,""purchaseDate"":""2026-07-16T14:35:03.825Z"",""batchNumber"":""SUNIL"",""quantity"":1,""isManualAdjustment"":false,""expiryDate"":""2026-12-30T18:30:00.000Z"",""mrp"":750,""adjustedByName"":null,""purchaseRate"":555.6}]",1004215,,
SEBAMED BABY SHAMPOO 500ML,1004222,sebamed baby shampoo 500ml,10,1,2026-07-19T12:27:32.750Z,1,"[{""adjustedByName"":null,""mrp"":1250,""purchaseRate"":69,""expiryDate"":""2027-06-27T18:30:00.000Z"",""isManualAdjustment"":false,""purchaseDate"":""2026-07-16T15:54:16.728Z"",""batchNumber"":""?"",""quantity"":1,""purchaseBillId"":""iWGAUP8RNvmP0LcHYz2w"",""adjustmentReason"":null}]",1004222,,
WOW DETAN F/W 100ML,1004233,wow detan f/w 100ml,10,1,2026-07-21T06:24:35.860Z,1,"[{""purchaseBillId"":""dnjvJhQGytUmyRCPiDsP"",""adjustmentReason"":null,""purchaseDate"":""2026-07-20T16:07:21.820Z"",""quantity"":1,""batchNumber"":""A TO Z"",""expiryDate"":""2027-07-27T18:30:00.000Z"",""isManualAdjustment"":false,""purchaseRate"":135,""mrp"":269,""adjustedByName"":null}]",1004233,,
WOW MOISTURIZING F/W 100ML,1004234,wow moisturizing f/w 100ml,10,1,2026-07-21T06:24:35.860Z,1,"[{""mrp"":259,""adjustedByName"":null,""purchaseRate"":129.5,""expiryDate"":""2027-07-27T18:30:00.000Z"",""isManualAdjustment"":false,""purchaseDate"":""2026-07-20T16:07:21.820Z"",""batchNumber"":""A TO Z"",""quantity"":1,""purchaseBillId"":""dnjvJhQGytUmyRCPiDsP"",""adjustmentReason"":null}]",1004234,,
KETOCIP 2% SHAMPOO 100ML,1004239,ketocip 2% shampoo 100ml,10,2,2026-07-21T12:45:50.944Z,2,"[{""purchaseRate"":76.19,""adjustedByName"":null,""mrp"":346.88,""isManualAdjustment"":false,""expiryDate"":""2027-09-27T18:30:00.000Z"",""quantity"":1,""batchNumber"":""ANILA MEDICAL "",""purchaseDate"":""2026-07-20T11:44:41.155Z"",""adjustmentReason"":null,""purchaseBillId"":""DpRyosVyLI5rlWmgtOFb""},{""expiryDate"":""2027-08-27T18:30:00.000Z"",""isManualAdjustment"":false,""purchaseRate"":76.19,""mrp"":315.35,""adjustedByName"":null,""adjustmentReason"":null,""purchaseBillId"":""DpRyosVyLI5rlWmgtOFb"",""batchNumber"":""DIVFORD HEALTHCARE"",""quantity"":1,""purchaseDate"":""2026-07-20T11:44:41.155Z""}]",1004239,,
BENADRYL LOZENGES 8,,benadryl lozenges 8,1,8,2026-07-21T17:28:11.918Z,8,"[{""purchaseRate"":17.5,""adjustedByName"":null,""mrp"":30,""expiryDate"":""2027-07-27T18:30:00.000Z"",""isManualAdjustment"":false,""batchNumber"":""KRATIKA"",""quantity"":8,""purchaseDate"":""2026-07-18T07:33:44.306Z"",""adjustmentReason"":null,""purchaseBillId"":""MLZKoBJjUBLJggKAF22A""}]",1004243,,
ZANDU RAUGHAN E BADAM SHREEN 50ML,1004254,zandu raughan e badam shreen 50ml,10,2,2026-07-19T15:49:17.615Z,2,"[{""purchaseDate"":""2026-07-16T14:35:03.825Z"",""batchNumber"":""CHIRAYU"",""quantity"":2,""purchaseBillId"":""741nuHnyq2HPzUHwPany"",""adjustmentReason"":null,""mrp"":220,""adjustedByName"":null,""purchaseRate"":174.6,""isManualAdjustment"":false,""expiryDate"":""2027-08-27T18:30:00.000Z""}]",1004254,,
ZANDU CHYAVANPRASH AVALEHA 450GM,1004256,zandu chyavanprash avaleha 450gm,10,1,2026-07-19T15:49:17.558Z,1,"[{""batchNumber"":""CHIRAYU"",""quantity"":1,""purchaseDate"":""2026-07-16T14:35:03.825Z"",""adjustmentReason"":null,""purchaseBillId"":""741nuHnyq2HPzUHwPany"",""adjustedByName"":null,""mrp"":190,""purchaseRate"":172.77,""isManualAdjustment"":false,""expiryDate"":""2027-08-27T18:30:00.000Z""}]",1004256,,
ZANDU BALM ULTRA 25ML,1004260,zandu balm ultra 25ml,10,1,2026-07-19T15:49:17.556Z,1,"[{""purchaseBillId"":""741nuHnyq2HPzUHwPany"",""adjustmentReason"":null,""purchaseDate"":""2026-07-16T14:35:03.825Z"",""quantity"":1,""batchNumber"":""CHIRAYU"",""isManualAdjustment"":false,""expiryDate"":""2028-05-27T18:30:00.000Z"",""purchaseRate"":113,""mrp"":130,""adjustedByName"":null}]",1004260,,
GILOY NEEM JUICE 1L,1004262,giloy neem juice 1l,10,1,2026-07-22T06:39:51.848Z,1,"[{""purchaseDate"":""2026-07-19T14:37:06.308Z"",""purchaseBillId"":""bhRRAkKAOo0qkLvJKDIR"",""adjustmentReason"":null,""purchaseRate"":187.5,""adjustedByName"":null,""expiryDate"":""2026-10-27T18:30:00.000Z"",""mrp"":280,""isManualAdjustment"":false,""quantity"":1,""batchNumber"":""SANDESH""}]",1004262,,
SUPRADYN ASHOKA + SHATAVARI 30,1004266,supradyn ashoka + shatavari 30,10,1,2026-07-19T15:49:17.901Z,1,"[{""isManualAdjustment"":false,""expiryDate"":""2026-11-27T18:30:00.000Z"",""mrp"":330,""adjustedByName"":null,""purchaseRate"":264,""adjustmentReason"":null,""purchaseBillId"":""741nuHnyq2HPzUHwPany"",""quantity"":1,""batchNumber"":""DC"",""purchaseDate"":""2026-07-16T14:35:03.825Z""}]",1004266,,
HIMALAYA TULASI TAB 60,,himalaya tulasi tab 60,1,60,2026-07-19T15:49:17.666Z,60,"[{""isManualAdjustment"":false,""expiryDate"":""2027-10-27T18:30:00.000Z"",""mrp"":240,""adjustedByName"":null,""purchaseRate"":185.82,""purchaseBillId"":""741nuHnyq2HPzUHwPany"",""adjustmentReason"":null,""purchaseDate"":""2026-07-16T14:35:03.825Z"",""batchNumber"":""VISION"",""quantity"":60}]",1004270,,
HIMALAYA BRAHMI TAB 60,,himalaya brahmi tab 60,1,60,2026-07-19T15:49:17.666Z,60,"[{""purchaseRate"":185.82,""adjustedByName"":null,""mrp"":240,""expiryDate"":""2028-06-27T18:30:00.000Z"",""isManualAdjustment"":false,""batchNumber"":""VISION"",""quantity"":60,""purchaseDate"":""2026-07-16T14:35:03.825Z"",""adjustmentReason"":null,""purchaseBillId"":""741nuHnyq2HPzUHwPany""}]",1004272,,
HIMALAYA FOOTCARE CREAM 20GM+10G,1004281,himalaya footcare cream 20gm+10g,1,1,2026-07-21T17:21:36.402Z,1,"[{""purchaseBillId"":""VNM2zTVGrJ4ZaMslUtMG"",""adjustmentReason"":null,""purchaseDate"":""2026-07-18T06:19:24.778Z"",""batchNumber"":""VISION"",""quantity"":1,""isManualAdjustment"":false,""expiryDate"":""2026-09-27T18:30:00.000Z"",""purchaseRate"":45.76,""adjustedByName"":null,""mrp"":65}]",1004281,,
STAYFREE TAMPONS SUPER 10,1004286,stayfree tampons super 10,10,3,2026-07-19T10:13:19.774Z,3,"[{""expiryDate"":""2027-07-27T18:30:00.000Z"",""isManualAdjustment"":false,""mrp"":165,""adjustedByName"":null,""purchaseRate"":145.37,""purchaseBillId"":""xiMCJHYWelCBQ90mlTTr"",""adjustmentReason"":null,""purchaseDate"":""2026-07-18T16:34:09.706Z"",""batchNumber"":"""",""quantity"":3}]",1004286,,
VOLTIDO TRIO 100,,voltido trio 100,1,30,2026-07-19T16:51:29.420Z,30,"[{""quantity"":30,""batchNumber"":""ANILA"",""purchaseDate"":""2026-07-16T11:46:43.781Z"",""adjustmentReason"":null,""purchaseBillId"":""Wb0URARJjcauzq4XREMe"",""mrp"":1480,""adjustedByName"":null,""purchaseRate"":1057.14,""isManualAdjustment"":false,""expiryDate"":""2027-06-29T18:30:00.000Z""}]",1004288,,
TEAR DROPS 10ML,1004290,tear drops 10ml,1,1,2026-07-17T10:04:10.058Z,1,"[{""expiryDate"":""2027-08-31T18:30:00.000Z"",""batchNumber"":""GTG2952A DC AGENCIES "",""isManualAdjustment"":false,""mrp"":131.28,""adjustedByName"":null,""purchaseDate"":""2026-07-14T06:31:27.837Z"",""quantity"":1,""adjustmentReason"":null,""purchaseBillId"":""6ay79HpxBVdyHOQ5EL0S"",""purchaseRate"":100.02}]",1004290,,
THYRONORM 62.5 120,1004292,thyronorm 62.5 120,10,1,2026-07-21T17:28:12.662Z,1,"[{""adjustmentReason"":null,""purchaseBillId"":""MLZKoBJjUBLJggKAF22A"",""quantity"":1,""batchNumber"":""DC AGENCIES "",""purchaseDate"":""2026-07-18T07:33:44.306Z"",""isManualAdjustment"":false,""expiryDate"":""2027-12-27T18:30:00.000Z"",""purchaseRate"":157.23,""adjustedByName"":null,""mrp"":206}]",1004292,,
THYRONORM 88 120,1004294,thyronorm 88 120,10,1,2026-07-21T17:28:12.819Z,1,"[{""expiryDate"":""2027-04-27T18:30:00.000Z"",""isManualAdjustment"":false,""purchaseRate"":183,""adjustedByName"":null,""mrp"":225.36,""purchaseBillId"":""MLZKoBJjUBLJggKAF22A"",""adjustmentReason"":null,""purchaseDate"":""2026-07-18T07:33:44.306Z"",""batchNumber"":""MEDIBASKET "",""quantity"":1}]",1004294,,
THYROX 37.5 120,1004296,thyrox 37.5 120,10,1,2026-07-21T17:28:12.439Z,1,"[{""purchaseBillId"":""MLZKoBJjUBLJggKAF22A"",""adjustmentReason"":null,""purchaseDate"":""2026-07-18T07:33:44.306Z"",""batchNumber"":""MEDIBASKET "",""quantity"":1,""expiryDate"":""2027-03-27T18:30:00.000Z"",""isManualAdjustment"":false,""purchaseRate"":158,""adjustedByName"":null,""mrp"":200.14}]",1004296,,
HIMALAYA SHILAJIT GOLD CAP 10,1004298,himalaya shilajit gold cap 10,10,1,2026-07-19T15:49:17.616Z,1,"[{""expiryDate"":""2027-06-27T18:30:00.000Z"",""isManualAdjustment"":false,""adjustedByName"":null,""mrp"":300,""purchaseRate"":217.76,""adjustmentReason"":null,""purchaseBillId"":""741nuHnyq2HPzUHwPany"",""quantity"":1,""batchNumber"":""VISION"",""purchaseDate"":""2026-07-16T14:35:03.825Z""}]",1004298,,
METHIMERCAZOLE 5 MG 30,,methimercazole 5 mg 30,1,,,,,1004300,,
PLACENTREX GEL 20GM,1004302,placentrex gel 20gm,1,1,2026-07-21T17:21:36.587Z,1,"[{""expiryDate"":""2027-05-27T18:30:00.000Z"",""isManualAdjustment"":false,""adjustedByName"":null,""mrp"":202.22,""purchaseRate"":144.46,""purchaseBillId"":""VNM2zTVGrJ4ZaMslUtMG"",""adjustmentReason"":null,""purchaseDate"":""2026-07-18T06:19:24.778Z"",""batchNumber"":""ANILA"",""quantity"":1}]",1004302,,
BAIDYANATH ASHWAGANDHARISHT 450ML,1004304,baidyanath ashwagandharisht 450ml,10,1,2026-07-22T06:39:51.444Z,1,"[{""purchaseDate"":""2026-07-19T14:37:06.308Z"",""adjustmentReason"":null,""purchaseBillId"":""bhRRAkKAOo0qkLvJKDIR"",""purchaseRate"":228,""adjustedByName"":null,""mrp"":287,""expiryDate"":""2035-07-27T18:30:00.000Z"",""batchNumber"":""SV MEDICOSE"",""quantity"":1,""isManualAdjustment"":false}]",1004304,,
BAIDYANATH SARIVADI BATI 20,1004306,baidyanath sarivadi bati 20,10,2,2026-07-22T06:39:51.598Z,2,"[{""batchNumber"":""SV MEDICOSE"",""quantity"":2,""isManualAdjustment"":false,""expiryDate"":""2030-03-27T18:30:00.000Z"",""mrp"":121,""adjustedByName"":null,""purchaseDate"":""2026-07-19T14:37:06.308Z"",""adjustmentReason"":null,""purchaseBillId"":""bhRRAkKAOo0qkLvJKDIR"",""purchaseRate"":80.03}]",1004306,,
JOHNSON BABY POWDER 200GM,1004308,johnson baby powder 200gm,10,1,2026-07-19T12:27:32.379Z,1,"[{""adjustedByName"":null,""mrp"":240,""purchaseRate"":154.77,""isManualAdjustment"":false,""expiryDate"":""2027-10-27T18:30:00.000Z"",""purchaseDate"":""2026-07-16T15:54:16.728Z"",""batchNumber"":""KRATIKA"",""quantity"":1,""purchaseBillId"":""iWGAUP8RNvmP0LcHYz2w"",""adjustmentReason"":null}]",1004308,,
MOOV REGULAR TUBE 20GM,1004310,moov regular tube 20gm,1,2,2026-07-19T15:49:17.303Z,2,"[{""purchaseDate"":""2026-07-16T14:35:03.825Z"",""batchNumber"":""ITI"",""quantity"":2,""purchaseBillId"":""741nuHnyq2HPzUHwPany"",""adjustmentReason"":null,""purchaseRate"":97.62,""adjustedByName"":null,""mrp"":123,""isManualAdjustment"":false,""expiryDate"":""2027-09-27T18:30:00.000Z""}]",1004310,,
HIMALAYA RUMALAYA SPRAY 35+15GM,1004312,himalaya rumalaya spray 35+15gm,1,2,2026-07-19T15:49:17.303Z,2,"[{""purchaseBillId"":""741nuHnyq2HPzUHwPany"",""adjustmentReason"":null,""purchaseDate"":""2026-07-16T14:35:03.825Z"",""quantity"":2,""batchNumber"":""VISION"",""expiryDate"":""2026-09-29T18:30:00.000Z"",""isManualAdjustment"":false,""adjustedByName"":null,""mrp"":165,""purchaseRate"":119.77}]",1004312,,
DETTOL SOAP 100GM,1004315,dettol soap 100gm,10,1,2026-07-21T17:21:37.484Z,1,"[{""adjustedByName"":null,""mrp"":40,""purchaseRate"":16.5,""isManualAdjustment"":false,""expiryDate"":""2027-07-27T18:30:00.000Z"",""purchaseDate"":""2026-07-18T06:19:24.778Z"",""quantity"":1,""batchNumber"":""?"",""purchaseBillId"":""VNM2zTVGrJ4ZaMslUtMG"",""adjustmentReason"":null}]",1004315,,
TETMOSOL ANTI RASH ITCH SOAP 100GM,1004317,tetmosol anti rash itch soap 100gm,10,1,2026-07-21T17:21:37.485Z,1,"[{""adjustedByName"":null,""mrp"":108,""purchaseRate"":83.95,""isManualAdjustment"":false,""expiryDate"":""2027-04-27T18:30:00.000Z"",""quantity"":1,""batchNumber"":""?"",""purchaseDate"":""2026-07-18T06:19:24.778Z"",""adjustmentReason"":null,""purchaseBillId"":""VNM2zTVGrJ4ZaMslUtMG""}]",1004317,,
ALPRAX 0.25 15,,alprax 0.25 15,1,,,,,1004325,,
GLIMPREX MF 1/500,,glimprex mf 1/500,1,,,,,1004329,,
POTKLOR SYRUP 200ML,1004333,potklor syrup 200ml,1,1,2026-07-17T10:04:07.181Z,1,"[{""expiryDate"":""2027-02-01T18:30:00.000Z"",""batchNumber"":""ANILA "",""isManualAdjustment"":false,""mrp"":67.2,""adjustedByName"":null,""purchaseDate"":""2026-07-14T06:31:27.837Z"",""quantity"":1,""adjustmentReason"":null,""purchaseBillId"":""6ay79HpxBVdyHOQ5EL0S"",""purchaseRate"":50}]",1004333,,
FERONIA XT DROP 15 ML,1004337,feronia xt drop 15 ml,1,2,2026-07-19T12:27:31.615Z,2,"[{""purchaseRate"":107.46,""mrp"":150.45,""adjustedByName"":null,""isManualAdjustment"":false,""expiryDate"":""2027-03-30T18:30:00.000Z"",""batchNumber"":""MEDIBASKET"",""quantity"":2,""purchaseDate"":""2026-07-16T15:54:16.728Z"",""adjustmentReason"":null,""purchaseBillId"":""iWGAUP8RNvmP0LcHYz2w""}]",1004337,,
O2M SYRUP 60ML,1004341,o2m syrup 60ml,1,3,2026-07-19T12:27:31.616Z,3,"[{""purchaseBillId"":""iWGAUP8RNvmP0LcHYz2w"",""adjustmentReason"":null,""purchaseDate"":""2026-07-16T15:54:16.728Z"",""batchNumber"":""DC"",""quantity"":3,""isManualAdjustment"":false,""expiryDate"":""2028-12-30T18:30:00.000Z"",""mrp"":85,""adjustedByName"":null,""purchaseRate"":65.14}]",1004341,,
CEPODEM XP 100MG DRY SUSPENSIO 13G/30ML,1004345,cepodem xp 100mg dry suspensio 13g/30ml,1,3,2026-07-23T07:11:41.205Z,3,"[{""expiryDate"":""2028-05-27T18:30:00.000Z"",""isManualAdjustment"":false,""purchaseDate"":""2026-07-17T15:06:47.110Z"",""purchaseRate"":154.29,""purchaseBillId"":""sIBrxawP5tddMZN0yUmB"",""quantity"":3,""adjustmentReason"":null,""mrp"":205,""adjustedByName"":null,""batchNumber"":""MEDIBASKET ""}]",1004345,,
AUGMENTIN DDS 5.4G/30ML,,augmentin dds 5.4g/30ml,1,3,2026-07-23T07:11:41.101Z,3,"[{""expiryDate"":""2029-11-27T18:30:00.000Z"",""purchaseDate"":""2026-07-17T15:06:47.110Z"",""isManualAdjustment"":false,""mrp"":196.13,""adjustmentReason"":null,""batchNumber"":""MEDIBASKET "",""adjustedByName"":null,""purchaseBillId"":""sIBrxawP5tddMZN0yUmB"",""purchaseRate"":149.43,""quantity"":3}]",1004347,,
RESPICURE LS DROP 15ML,1004349,respicure ls drop 15ml,1,3,2026-07-23T07:11:41.298Z,3,"[{""purchaseDate"":""2026-07-17T15:06:47.110Z"",""isManualAdjustment"":false,""expiryDate"":""2027-01-27T18:30:00.000Z"",""purchaseRate"":67,""purchaseBillId"":""sIBrxawP5tddMZN0yUmB"",""quantity"":3,""adjustedByName"":null,""batchNumber"":""MEDIBASKET "",""mrp"":93.8,""adjustmentReason"":null}]",1004349,,
RESPICURE LS JUNIOR SYRUP 60ML,1004351,respicure ls junior syrup 60ml,1,3,2026-07-23T07:11:41.297Z,3,"[{""adjustmentReason"":null,""mrp"":114,""batchNumber"":""MEDIBASKET "",""adjustedByName"":null,""quantity"":3,""purchaseRate"":81.5,""purchaseBillId"":""sIBrxawP5tddMZN0yUmB"",""expiryDate"":""2027-01-27T18:30:00.000Z"",""isManualAdjustment"":false,""purchaseDate"":""2026-07-17T15:06:47.110Z""}]",1004351,,
T-98 SUSPENSION 60ML,1004353,t-98 suspension 60ml,1,1,2026-07-19T12:27:31.695Z,1,"[{""purchaseRate"":32.16,""mrp"":45.69,""adjustedByName"":null,""isManualAdjustment"":false,""expiryDate"":""2027-05-30T18:30:00.000Z"",""purchaseDate"":""2026-07-16T15:54:16.728Z"",""batchNumber"":""MEDIBASKET"",""quantity"":1,""purchaseBillId"":""iWGAUP8RNvmP0LcHYz2w"",""adjustmentReason"":null}]",1004353,,
CLINSOL GEL 15GM,1004363,clinsol gel 15gm,1,1,2026-07-21T17:21:36.944Z,1,"[{""purchaseDate"":""2026-07-18T06:19:24.778Z"",""batchNumber"":""ANILA"",""quantity"":1,""purchaseBillId"":""VNM2zTVGrJ4ZaMslUtMG"",""adjustmentReason"":null,""purchaseRate"":26.69,""mrp"":92,""adjustedByName"":null,""expiryDate"":""2027-11-27T18:30:00.000Z"",""isManualAdjustment"":false}]",1004363,,
EVION CREAM 60GM,1004365,evion cream 60gm,1,3,2026-07-23T07:11:41.952Z,3,"[{""quantity"":3,""purchaseBillId"":""sIBrxawP5tddMZN0yUmB"",""purchaseRate"":168.81,""adjustmentReason"":null,""mrp"":249,""batchNumber"":""DC AGENCIES "",""adjustedByName"":null,""expiryDate"":""2027-01-27T18:30:00.000Z"",""isManualAdjustment"":false,""purchaseDate"":""2026-07-17T15:06:47.110Z""}]",1004365,,
CIPLADINE OINTMENT 30GM,1004368,cipladine ointment 30gm,1,2,2026-07-21T17:21:36.687Z,2,"[{""purchaseRate"":75.3,""mrp"":98.82,""adjustedByName"":null,""expiryDate"":""2027-09-27T18:30:00.000Z"",""isManualAdjustment"":false,""batchNumber"":""STAR"",""quantity"":2,""purchaseDate"":""2026-07-18T06:19:24.778Z"",""adjustmentReason"":null,""purchaseBillId"":""VNM2zTVGrJ4ZaMslUtMG""}]",1004368,,
TRETIN 0.005% 30G,1004372,tretin 0.005% 30g,1,1,2026-07-21T17:21:36.585Z,1,"[{""purchaseRate"":171.43,""adjustedByName"":null,""mrp"":240,""expiryDate"":""2027-03-27T18:30:00.000Z"",""isManualAdjustment"":false,""purchaseDate"":""2026-07-18T06:19:24.778Z"",""batchNumber"":""ANILA"",""quantity"":1,""purchaseBillId"":""VNM2zTVGrJ4ZaMslUtMG"",""adjustmentReason"":null}]",1004372,,
RING GUARD 12GM,1004374,ring guard 12gm,1,1,2026-07-21T17:21:36.853Z,1,"[{""purchaseRate"":73.68,""mrp"":90,""adjustedByName"":null,""isManualAdjustment"":false,""expiryDate"":""2028-04-27T18:30:00.000Z"",""quantity"":1,""batchNumber"":""ITI"",""purchaseDate"":""2026-07-18T06:19:24.778Z"",""adjustmentReason"":null,""purchaseBillId"":""VNM2zTVGrJ4ZaMslUtMG""}]",1004374,,
FEMITE 1% 9ML,1004376,femite 1% 9ml,1,3,2026-07-23T07:11:41.298Z,3,"[{""purchaseDate"":""2026-07-17T15:06:47.110Z"",""isManualAdjustment"":false,""expiryDate"":""2028-03-27T18:30:00.000Z"",""purchaseBillId"":""sIBrxawP5tddMZN0yUmB"",""purchaseRate"":192.15,""quantity"":3,""adjustedByName"":null,""batchNumber"":""DC AGENCIES "",""mrp"":295,""adjustmentReason"":null}]",1004376,,
TERBINAFORCE-PLUS NF 15GM,1004378,terbinaforce-plus nf 15gm,1,2,2026-07-21T17:21:36.851Z,2,"[{""purchaseBillId"":""VNM2zTVGrJ4ZaMslUtMG"",""adjustmentReason"":null,""purchaseDate"":""2026-07-18T06:19:24.778Z"",""batchNumber"":""MEDIBASKET"",""quantity"":2,""isManualAdjustment"":false,""expiryDate"":""2028-01-27T18:30:00.000Z"",""adjustedByName"":null,""mrp"":81.1,""purchaseRate"":61.79}]",1004378,,
MUCOPAIN GEL 15GM,1004380,mucopain gel 15gm,1,1,2026-07-21T17:21:36.944Z,1,"[{""isManualAdjustment"":false,""expiryDate"":""2028-05-27T18:30:00.000Z"",""purchaseRate"":66.57,""mrp"":93.28,""adjustedByName"":null,""purchaseBillId"":""VNM2zTVGrJ4ZaMslUtMG"",""adjustmentReason"":null,""purchaseDate"":""2026-07-18T06:19:24.778Z"",""quantity"":1,""batchNumber"":""ANILA""}]",1004380,,
MOMATE F CREAM 15GM,1004382,momate f cream 15gm,1,1,2026-07-21T17:21:36.770Z,1,"[{""purchaseRate"":267.15,""mrp"":374,""adjustedByName"":null,""isManualAdjustment"":false,""expiryDate"":""2027-05-27T18:30:00.000Z"",""purchaseDate"":""2026-07-18T06:19:24.778Z"",""quantity"":1,""batchNumber"":""MEDIHUB"",""purchaseBillId"":""VNM2zTVGrJ4ZaMslUtMG"",""adjustmentReason"":null}]",1004382,,
FOURDERM CREAM 20GM,1004386,fourderm cream 20gm,10,3,2026-07-22T11:14:22.290Z,3,"[{""quantity"":3,""purchaseBillId"":""x7gQ1sPaC4imakdKE15v"",""purchaseRate"":24,""batchNumber"":""DIVFORD  HEALTHCRAE"",""adjustedByName"":null,""adjustmentReason"":null,""mrp"":110.59,""isManualAdjustment"":false,""purchaseDate"":""2026-07-21T13:09:59.408Z"",""expiryDate"":""2027-09-27T18:30:00.000Z""}]",1004386,,
AZIDERM 15% 15GM,1004388,aziderm 15% 15gm,1,2,2026-07-23T07:15:16.436Z,2,"[{""mrp"":310,""adjustmentReason"":""?"",""adjustedByName"":""Owner"",""batchNumber"":""MEDIBASKET "",""purchaseRate"":221.43,""purchaseBillId"":""sIBrxawP5tddMZN0yUmB"",""quantity"":2,""expiryDate"":""2027-07-27T18:30:00.000Z"",""purchaseDate"":""2026-07-17T15:06:47.110Z"",""isManualAdjustment"":true}]",1004388,,
TELVAS 20,,telvas 20,1,,,,,1004393,,
TELVAS 40,,telvas 40,1,,,,,1004395,,
DROTIN AMP INJEC. 2ML,1004397,drotin amp injec. 2ml,10,8,2026-07-21T15:59:08.183Z,8,"[{""isManualAdjustment"":false,""expiryDate"":""2026-12-27T18:30:00.000Z"",""purchaseRate"":26.81,""mrp"":35.19,""adjustedByName"":null,""adjustmentReason"":null,""purchaseBillId"":""Jgat3IieqMJG7Pua1kp5"",""quantity"":8,""batchNumber"":""ANILA MEDICAL "",""purchaseDate"":""2026-07-21T15:14:34.744Z""}]",1004397,,
LEVOCAD,,levocad,1,,,,,1004399,,
XYLOCAINE 2% INJ 30ML,1004401,xylocaine 2% inj 30ml,10,1,2026-07-21T15:59:08.281Z,1,"[{""quantity"":1,""batchNumber"":""ANILA MEDICAL "",""purchaseDate"":""2026-07-21T15:14:34.744Z"",""adjustmentReason"":null,""purchaseBillId"":""Jgat3IieqMJG7Pua1kp5"",""purchaseRate"":27.83,""mrp"":36.53,""adjustedByName"":null,""expiryDate"":""2027-05-27T18:30:00.000Z"",""isManualAdjustment"":false}]",1004401,,
ATOZ WOMAN 15,,atoz woman 15,1,,,,,1004403,,
ELIQUIS 2.5,,eliquis 2.5,1,,,,,1004407,,
AF 300 1,,af 300 1,1,,,,,1004409,,
BELATIN M,,belatin m,1,,,,,1004411,,
BRIV 75,,briv 75,1,,,,,1004413,,
BACLOF 10,,baclof 10,1,,,,,1004415,,
CLOPITAB CV GOLD 10,,clopitab cv gold 10,1,,,,,1004417,,
CORDARONE X,,cordarone x,1,,,,,1004422,,
CRINA NCR 10,,crina ncr 10,1,,,,,1004426,,
CRINA NCR 15,,crina ncr 15,1,,,,,1004430,,
DOXINATE PLUS,,doxinate plus,1,,,,,1004432,,
DROTIKIND M,,drotikind m,1,,,,,1004434,,
DONEP 5,,donep 5,1,,,,,1004436,,
DEPIN RT 20,,depin rt 20,1,,,,,1004438,,
FERIUM XT,,ferium xt,1,,,,,1004442,,
INDOCAP SR 10,,indocap sr 10,1,,,,,1004445,,
LEVERA 250MG,,levera 250mg,1,,,,,1004452,,
LEVERA 500MG,,levera 500mg,1,,,,,1004454,,
LEVOFLOX 500,,levoflox 500,1,,,,,1004457,,
LEVIPIL 250,,levipil 250,1,,,,,1004459,,
LEVIPIL 500,,levipil 500,1,,,,,1004461,,
GIBTUL 10,,gibtul 10,1,,,,,1004463,,
ETHASYL 500,,ethasyl 500,1,,,,,1004465,,
ERYXIA 500,,eryxia 500,1,,,,,1004467,,
MONDESLOR 10,,mondeslor 10,1,,,,,1004469,,
NEUROBID LC 10,,neurobid lc 10,1,,,,,1004471,,
NEUROBION PLUS,,neurobion plus,1,,,,,1004473,,
NORMECETIN 10,,normecetin 10,1,,,,,1004475,,
NICARDIA RT 10 15,,nicardia rt 10 15,1,,,,,1004477,,
OLMEBLU 20,,olmeblu 20,1,,,,,1004479,,
POLYBION CZS ACTIVE DEFENSE 30,,polybion czs active defense 30,1,,,,,1004481,,
SERTA 25,,serta 25,1,,,,,1004483,,
SYSLATE 250,,syslate 250,1,,,,,1004485,,
SATROGYL O TAB,,satrogyl o tab,1,,,,,1004487,,
SYLATE T 500,,sylate t 500,1,,,,,1004489,,
VICRA SM 10/100/1000,,vicra sm 10/100/1000,1,,,,,1004491,,
CAREFREE PANTYLINERS 20PS,1004495,carefree pantyliners 20ps,10,1,2026-07-19T10:13:19.774Z,1,"[{""adjustmentReason"":null,""purchaseBillId"":""xiMCJHYWelCBQ90mlTTr"",""quantity"":1,""batchNumber"":"""",""purchaseDate"":""2026-07-18T16:34:09.706Z"",""isManualAdjustment"":false,""expiryDate"":""2027-07-27T18:30:00.000Z"",""mrp"":99,""adjustedByName"":null,""purchaseRate"":88.39}]",1004495,,
TELMA AM H 40,,telma am h 40,1,,,,,1004507,,
TERBINAFORCE 500,,terbinaforce 500,1,,,,,1004508,,
TELVAS BETA 25,,telvas beta 25,1,,,,,1004510,,
CLONATRIL .5,,clonatril .5,1,,,,,1004512,,
ISTAMET EMPA 10/100/1000,,istamet empa 10/100/1000,1,,,,,1004519,,
NUROKIND OD INJECTION 2ML*4,1004523,nurokind od injection 2ml*4,10,3,2026-07-21T15:59:08.366Z,3,"[{""isManualAdjustment"":false,""expiryDate"":""2027-07-27T18:30:00.000Z"",""purchaseRate"":80,""adjustedByName"":null,""mrp"":115.96,""purchaseBillId"":""Jgat3IieqMJG7Pua1kp5"",""adjustmentReason"":null,""purchaseDate"":""2026-07-21T15:14:34.744Z"",""batchNumber"":"""",""quantity"":3}]",1004523,,
ONDEM INJECTION 2ML,1004532,ondem injection 2ml,10,10,2026-07-21T15:59:08.282Z,10,"[{""purchaseDate"":""2026-07-21T15:14:34.744Z"",""quantity"":10,""batchNumber"":"""",""purchaseBillId"":""Jgat3IieqMJG7Pua1kp5"",""adjustmentReason"":null,""adjustedByName"":null,""mrp"":13.57,""purchaseRate"":9.97,""isManualAdjustment"":false,""expiryDate"":""2027-04-27T18:30:00.000Z""}]",1004532,,
DYTOR E 10,,dytor e 10,1,,,,,1004534,,
ROSUBOON ASP 10,,rosuboon asp 10,1,,,,,1004536,,
ERITEL LN 80,,eritel ln 80,1,,,,,1004540,,
DYTOR PLUS 5,,dytor plus 5,1,,,,,1004544,,
PANTOCID IT,,pantocid it,1,,,,,1004547,,
SOMPRAZ 40,,sompraz 40,1,,,,,1004549,,
PANCHARISHTA 650ML,1004553,pancharishta 650ml,10,1,2026-07-22T06:39:51.926Z,1,"[{""adjustedByName"":null,""quantity"":1,""isManualAdjustment"":false,""batchNumber"":""CHIRAYU"",""mrp"":220,""expiryDate"":""2030-06-27T18:30:00.000Z"",""adjustmentReason"":null,""purchaseRate"":177.65,""purchaseBillId"":""bhRRAkKAOo0qkLvJKDIR"",""purchaseDate"":""2026-07-19T14:37:06.308Z""}]",1004553,,
ALPRAX .5 15,,alprax .5 15,1,,,,,1004555,,
LIVEASY ORTHO TENNIS ELBOW 1,1004557,liveasy ortho tennis elbow 1,10,1,2026-07-22T06:39:50.503Z,1,"[{""purchaseDate"":""2026-07-19T14:37:06.308Z"",""purchaseRate"":118.57,""purchaseBillId"":""bhRRAkKAOo0qkLvJKDIR"",""adjustmentReason"":null,""adjustedByName"":null,""batchNumber"":""DC"",""isManualAdjustment"":false,""quantity"":1,""mrp"":319,""expiryDate"":""2027-07-27T18:30:00.000Z""}]",1004557,,
LIVEASY TONGUE CLEANER 2 PACK,1004559,liveasy tongue cleaner 2 pack,10,1,2026-07-19T10:13:23.582Z,1,"[{""batchNumber"":""DC"",""quantity"":1,""purchaseDate"":""2026-07-18T16:34:09.706Z"",""adjustmentReason"":null,""purchaseBillId"":""xiMCJHYWelCBQ90mlTTr"",""mrp"":99,""adjustedByName"":null,""purchaseRate"":41.95,""isManualAdjustment"":false,""expiryDate"":""2027-07-27T18:30:00.000Z""}]",1004559,,
MUCAINE GEL 200ML,1004561,mucaine gel 200ml,1,1,2026-07-17T10:04:07.608Z,1,"[{""adjustedByName"":null,""purchaseDate"":""2026-07-14T06:31:27.837Z"",""mrp"":250,""adjustmentReason"":null,""purchaseBillId"":""6ay79HpxBVdyHOQ5EL0S"",""purchaseRate"":190.96,""quantity"":1,""expiryDate"":""2028-07-31T18:30:00.000Z"",""isManualAdjustment"":false,""batchNumber"":""DC AGENCIES ""}]",1004561,,
RESODIM 15MG,,resodim 15mg,1,,,,,1004565,,
BANOCIDE FORTE TAB,,banocide forte tab,1,,,,,1004567,,
SEMI AMARYL 0.5MG,,semi amaryl 0.5mg,1,,,,,1004570,,
ENSURE CHCOLATE 375GM,,ensure chcolate 375gm,1,,,,,1004574,,
FORMONIDE 400MG INHALER 1,,formonide 400mg inhaler 1,1,1,2026-07-19T16:51:29.322Z,1,"[{""quantity"":1,""batchNumber"":""ANILA"",""purchaseDate"":""2026-07-16T11:46:43.781Z"",""adjustmentReason"":null,""purchaseBillId"":""Wb0URARJjcauzq4XREMe"",""adjustedByName"":null,""mrp"":460,""purchaseRate"":329.14,""isManualAdjustment"":false,""expiryDate"":""2027-07-30T18:30:00.000Z""}]",1004576,,
PREDMET 8,,predmet 8,1,,,,,1004578,,
REXCOF DX SYP 100ML,1004585,rexcof dx syp 100ml,1,2,2026-07-17T10:04:09.795Z,2,"[{""expiryDate"":""2027-11-30T18:30:00.000Z"",""isManualAdjustment"":false,""batchNumber"":""CPL60002 ANILA MEDICAL "",""purchaseDate"":""2026-07-14T06:31:27.837Z"",""adjustedByName"":null,""mrp"":132,""adjustmentReason"":null,""purchaseRate"":28.57,""purchaseBillId"":""6ay79HpxBVdyHOQ5EL0S"",""quantity"":2}]",1004585,,
TIMOLONG EYE DROP 5ML,1004589,timolong eye drop 5ml,1,1,2026-07-19T16:51:29.036Z,1,"[{""adjustmentReason"":null,""purchaseBillId"":""Wb0URARJjcauzq4XREMe"",""batchNumber"":""OT5002"",""quantity"":1,""purchaseDate"":""2026-07-16T11:46:43.781Z"",""isManualAdjustment"":false,""expiryDate"":""2027-03-30T18:30:00.000Z"",""adjustedByName"":null,""mrp"":76.33,""purchaseRate"":54.52}]",1004589,,
DULCOFLEX SUPPOSITORIES 5*1,,dulcoflex suppositories 5*1,1,,,,,1004591,,
ZORYL .5,,zoryl .5,1,,,,,1004593,,
VOLTAREN PAIN GEL 30GM,1004598,voltaren pain gel 30gm,10,11,2026-07-19T16:51:29.753Z,11,"[{""isManualAdjustment"":false,""expiryDate"":""2027-08-27T18:30:00.000Z"",""adjustedByName"":null,""mrp"":140.62,""purchaseRate"":111.6,""adjustmentReason"":null,""purchaseBillId"":""Wb0URARJjcauzq4XREMe"",""batchNumber"":""VN SUPPLIES"",""quantity"":11,""purchaseDate"":""2026-07-16T11:46:43.781Z""}]",1004598,,
GLYCOMET 1GM,,glycomet 1gm,1,,,,,1004603,,
SKINE SHINE OINTMENT 30GM,1004607,skine shine ointment 30gm,1,3,2026-07-21T17:21:36.502Z,3,"[{""purchaseRate"":52.38,""adjustedByName"":null,""mrp"":289,""isManualAdjustment"":false,""expiryDate"":""2027-07-27T18:30:00.000Z"",""purchaseDate"":""2026-07-18T06:19:24.778Z"",""batchNumber"":""DIV"",""quantity"":3,""purchaseBillId"":""VNM2zTVGrJ4ZaMslUtMG"",""adjustmentReason"":null}]",1004607,,
INSUGEN 30/70 10ML,1004609,insugen 30/70 10ml,10,1,2026-07-21T15:59:08.182Z,1,"[{""purchaseDate"":""2026-07-21T15:14:34.744Z"",""batchNumber"":""ANILA MEDICAL "",""quantity"":1,""purchaseBillId"":""Jgat3IieqMJG7Pua1kp5"",""adjustmentReason"":null,""mrp"":181.09,""adjustedByName"":null,""purchaseRate"":144.87,""expiryDate"":""2028-07-27T18:30:00.000Z"",""isManualAdjustment"":false}]",1004609,,
ELTROG 25,,eltrog 25,1,,,,,1004615,,
DABUR ABHAYARISHTA SYRUP 450ML,1004628,dabur abhayarishta syrup 450ml,10,1,2026-07-22T06:39:51.765Z,1,"[{""purchaseDate"":""2026-07-19T14:37:06.308Z"",""purchaseBillId"":""bhRRAkKAOo0qkLvJKDIR"",""adjustmentReason"":null,""purchaseRate"":166.68,""isManualAdjustment"":false,""quantity"":1,""batchNumber"":""SANDESH"",""mrp"":210,""expiryDate"":""2035-06-27T18:30:00.000Z"",""adjustedByName"":null}]",1004628,,
DABUR AROGYAVARDHINI GUTIKA 40,1004630,dabur arogyavardhini gutika 40,10,1,2026-07-22T06:39:51.766Z,1,"[{""adjustedByName"":null,""quantity"":1,""isManualAdjustment"":false,""batchNumber"":""SANDESH"",""expiryDate"":""2029-03-27T18:30:00.000Z"",""mrp"":100,""purchaseDate"":""2026-07-19T14:37:06.308Z"",""purchaseBillId"":""bhRRAkKAOo0qkLvJKDIR"",""adjustmentReason"":null,""purchaseRate"":79.36}]",1004630,,
DABUR ERAND OIL 50ML,1004636,dabur erand oil 50ml,10,2,2026-07-22T06:39:51.768Z,2,"[{""adjustedByName"":null,""expiryDate"":""2027-09-27T18:30:00.000Z"",""mrp"":85,""quantity"":2,""batchNumber"":""SANDESH"",""isManualAdjustment"":false,""purchaseDate"":""2026-07-19T14:37:06.308Z"",""purchaseBillId"":""bhRRAkKAOo0qkLvJKDIR"",""purchaseRate"":67.46,""adjustmentReason"":null}]",1004636,,
DABUR HONITUS ADULSA 100ML,1004638,dabur honitus adulsa 100ml,10,2,2026-07-22T06:39:51.665Z,2,"[{""adjustedByName"":null,""isManualAdjustment"":false,""batchNumber"":""SANDESH"",""quantity"":2,""expiryDate"":""2027-09-27T18:30:00.000Z"",""mrp"":92.81,""purchaseDate"":""2026-07-19T14:37:06.308Z"",""purchaseRate"":73.66,""adjustmentReason"":null,""purchaseBillId"":""bhRRAkKAOo0qkLvJKDIR""}]",1004638,,
DABUR HONITUS SYRUP 200ML,1004640,dabur honitus syrup 200ml,10,2,2026-07-22T06:39:51.665Z,2,"[{""batchNumber"":""SANDESH"",""isManualAdjustment"":false,""quantity"":2,""mrp"":235,""expiryDate"":""2028-07-27T18:30:00.000Z"",""adjustedByName"":null,""adjustmentReason"":null,""purchaseBillId"":""bhRRAkKAOo0qkLvJKDIR"",""purchaseRate"":174.84,""purchaseDate"":""2026-07-19T14:37:06.308Z""}]",1004640,,
DABUR LAVANBHASKAR CHURNA 60GM,1004644,dabur lavanbhaskar churna 60gm,10,1,2026-07-22T06:39:51.768Z,1,"[{""purchaseDate"":""2026-07-19T14:37:06.308Z"",""adjustmentReason"":null,""purchaseRate"":67.46,""purchaseBillId"":""bhRRAkKAOo0qkLvJKDIR"",""mrp"":85,""expiryDate"":""2027-04-27T18:30:00.000Z"",""batchNumber"":""SANDESH"",""quantity"":1,""isManualAdjustment"":false,""adjustedByName"":null}]",1004644,,
DABUR LAVANG TAIL 2ML,1004645,dabur lavang tail 2ml,10,1,2026-07-22T06:39:51.846Z,1,"[{""purchaseBillId"":""bhRRAkKAOo0qkLvJKDIR"",""adjustmentReason"":null,""purchaseRate"":35.32,""purchaseDate"":""2026-07-19T14:37:06.308Z"",""isManualAdjustment"":false,""quantity"":1,""batchNumber"":""SANDESH"",""mrp"":50,""expiryDate"":""2027-09-27T18:30:00.000Z"",""adjustedByName"":null}]",1004645,,
DABUR MULETHU CHURNA 100GM,1004650,dabur mulethu churna 100gm,10,1,2026-07-22T06:39:51.847Z,1,"[{""adjustedByName"":null,""expiryDate"":""2026-11-27T18:30:00.000Z"",""mrp"":100,""batchNumber"":""SANDESH"",""quantity"":1,""isManualAdjustment"":false,""purchaseDate"":""2026-07-19T14:37:06.308Z"",""purchaseRate"":79.36,""purchaseBillId"":""bhRRAkKAOo0qkLvJKDIR"",""adjustmentReason"":null}]",1004650,,
AHAGLOW FACEWASH 100G,1004654,ahaglow facewash 100g,10,2,2026-07-21T06:24:36.405Z,2,"[{""quantity"":2,""batchNumber"":""EYE DERMA "",""purchaseDate"":""2026-07-20T16:07:21.820Z"",""adjustmentReason"":null,""purchaseBillId"":""dnjvJhQGytUmyRCPiDsP"",""purchaseRate"":383.06,""mrp"":565,""adjustedByName"":null,""isManualAdjustment"":false,""expiryDate"":""2027-07-27T18:30:00.000Z""}]",1004654,,
CETAPHIL OILY CLEANSER 125,,cetaphil oily cleanser 125,1,,,,,1004656,,
PANTOSEC DSR 10,,pantosec dsr 10,1,,,,,1004660,,
VERTIN 24,,vertin 24,1,,,,,1004666,,
ADULT DIAPER XXL 10,1004677,adult diaper xxl 10,10,1,2026-07-22T06:39:51.343Z,1,"[{""purchaseDate"":""2026-07-19T14:37:06.308Z"",""adjustmentReason"":null,""purchaseRate"":240,""purchaseBillId"":""bhRRAkKAOo0qkLvJKDIR"",""isManualAdjustment"":false,""batchNumber"":""SSD"",""quantity"":1,""mrp"":550,""expiryDate"":""2027-07-27T18:30:00.000Z"",""adjustedByName"":null}]",1004677,,
SYRINGE 2ML 1,1004680,syringe 2ml 1,10,37,2026-07-21T12:45:23.975Z,37,"[{""purchaseBillId"":""DpRyosVyLI5rlWmgtOFb"",""adjustmentReason"":null,""purchaseDate"":""2026-07-20T11:44:41.155Z"",""quantity"":37,""batchNumber"":""SSD PHARMA "",""expiryDate"":""2027-07-27T18:30:00.000Z"",""isManualAdjustment"":false,""purchaseRate"":1.5,""mrp"":17,""adjustedByName"":null}]",1004680,,
KNEE CAP S 1,1004683,knee cap s 1,10,1,2026-07-22T06:39:50.597Z,1,"[{""purchaseBillId"":""bhRRAkKAOo0qkLvJKDIR"",""purchaseRate"":80,""adjustmentReason"":null,""purchaseDate"":""2026-07-19T14:37:06.308Z"",""adjustedByName"":null,""quantity"":1,""batchNumber"":""SSD"",""isManualAdjustment"":false,""expiryDate"":""2027-07-27T18:30:00.000Z"",""mrp"":429}]",1004683,,
KNEE CAPS M 1,1004686,knee caps m 1,10,1,2026-07-22T06:39:50.597Z,1,"[{""purchaseRate"":80,""purchaseBillId"":""bhRRAkKAOo0qkLvJKDIR"",""adjustmentReason"":null,""purchaseDate"":""2026-07-19T14:37:06.308Z"",""batchNumber"":""SSD"",""quantity"":1,""isManualAdjustment"":false,""expiryDate"":""2027-07-27T18:30:00.000Z"",""mrp"":429,""adjustedByName"":null}]",1004686,,
I HERB TAB,,i herb tab,1,,,,,1004688,,
ZIFI CV 100 SYP 30ML,1004692,zifi cv 100 syp 30ml,1,3,2026-07-23T07:11:41.204Z,3,"[{""expiryDate"":""2029-03-27T18:30:00.000Z"",""isManualAdjustment"":false,""purchaseDate"":""2026-07-17T15:06:47.110Z"",""quantity"":3,""purchaseBillId"":""sIBrxawP5tddMZN0yUmB"",""purchaseRate"":137.86,""adjustmentReason"":null,""mrp"":193,""batchNumber"":""MEDIBASKET "",""adjustedByName"":null}]",1004692,,
VIGROMEN BLUE 100,,vigromen blue 100,1,,,,,1004696,,
OXRAMET G XR 10,,oxramet g xr 10,1,,,,,1004701,,
ROSULESS 5MG,,rosuless 5mg,1,,,,,1004703,,
TENGLIGRESS M 500,,tengligress m 500,1,,,,,1004705,,
MUNCH MAX,1004717,munch max,1,16,2026-07-22T17:35:03.805Z,16,"[{""purchaseDate"":""2026-07-18T09:13:08.334Z"",""isManualAdjustment"":false,""expiryDate"":""2027-07-27T18:30:00.000Z"",""quantity"":16,""purchaseRate"":17.08,""purchaseBillId"":""Q2efXJCAnKGGkVR1jus1"",""adjustedByName"":null,""batchNumber"":"""",""mrp"":20,""adjustmentReason"":null}]",1004717,,
DERMA CO 1% KOJI ACID DAILY FW 100ML,1004725,derma co 1% koji acid daily fw 100ml,10,1,2026-07-21T06:24:37.139Z,1,"[{""quantity"":1,""batchNumber"":""KHUSHI"",""purchaseDate"":""2026-07-20T16:07:21.820Z"",""adjustmentReason"":null,""purchaseBillId"":""dnjvJhQGytUmyRCPiDsP"",""adjustedByName"":null,""mrp"":299,""purchaseRate"":253.38,""isManualAdjustment"":false,""expiryDate"":""2028-03-27T18:30:00.000Z""}]",1004725,,
DERMA CO 2% GENTLE CLEANSER 125ML,1004727,derma co 2% gentle cleanser 125ml,10,3,2026-07-21T06:25:05.711Z,3,"[{""purchaseDate"":""2026-07-20T16:07:21.820Z"",""quantity"":3,""batchNumber"":""KHUSHI"",""purchaseBillId"":""dnjvJhQGytUmyRCPiDsP"",""adjustmentReason"":null,""purchaseRate"":253.39,""adjustedByName"":null,""mrp"":299,""expiryDate"":""2028-01-27T18:30:00.000Z"",""isManualAdjustment"":false}]",1004727,,
DERMA CO 15% AHA+1%BHA PEELING 30ML,1004737,derma co 15% aha+1%bha peeling 30ml,10,1,2026-07-21T06:24:36.974Z,1,"[{""batchNumber"":""KHUSHI"",""quantity"":1,""purchaseDate"":""2026-07-20T16:07:21.820Z"",""adjustmentReason"":null,""purchaseBillId"":""dnjvJhQGytUmyRCPiDsP"",""adjustedByName"":null,""mrp"":499,""purchaseRate"":422.89,""expiryDate"":""2027-08-27T18:30:00.000Z"",""isManualAdjustment"":false}]",1004737,,
MAMA EARTH BEETROOT FACE CREAM 80GM,1004739,mama earth beetroot face cream 80gm,10,1,2026-07-21T06:24:36.306Z,1,"[{""purchaseBillId"":""dnjvJhQGytUmyRCPiDsP"",""adjustmentReason"":null,""purchaseDate"":""2026-07-20T16:07:21.820Z"",""batchNumber"":""KHUSHI AGENCIES "",""quantity"":1,""isManualAdjustment"":false,""expiryDate"":""2027-07-27T18:30:00.000Z"",""purchaseRate"":211.02,""mrp"":249,""adjustedByName"":null}]",1004739,,
MAMA EARTH ROSEMARY SHAMPOO 180ML,1004744,mama earth rosemary shampoo 180ml,10,1,2026-07-21T12:45:24.257Z,1,"[{""purchaseRate"":168.58,""adjustedByName"":null,""mrp"":177,""isManualAdjustment"":false,""expiryDate"":""2028-09-27T18:30:00.000Z"",""batchNumber"":""KHUSI AGENCIES "",""quantity"":1,""purchaseDate"":""2026-07-20T11:44:41.155Z"",""adjustmentReason"":null,""purchaseBillId"":""DpRyosVyLI5rlWmgtOFb""}]",1004744,,
MAMA EARTH MOISTURIZING SOAPS 2*75GM,1004746,mama earth moisturizing soaps 2*75gm,10,1,2026-07-19T12:27:32.749Z,1,"[{""isManualAdjustment"":false,""expiryDate"":""2027-09-27T18:30:00.000Z"",""purchaseRate"":210.48,""mrp"":249,""adjustedByName"":null,""adjustmentReason"":null,""purchaseBillId"":""iWGAUP8RNvmP0LcHYz2w"",""quantity"":1,""batchNumber"":""KHUSHI"",""purchaseDate"":""2026-07-16T15:54:16.728Z""}]",1004746,,
MAMA EARTH MILKY SOFT SOAPS 2*75GM,1004750,mama earth milky soft soaps 2*75gm,10,1,2026-07-19T12:27:32.749Z,1,"[{""purchaseDate"":""2026-07-16T15:54:16.728Z"",""quantity"":1,""batchNumber"":""KHUSHI"",""purchaseBillId"":""iWGAUP8RNvmP0LcHYz2w"",""adjustmentReason"":null,""adjustedByName"":null,""mrp"":249,""purchaseRate"":210.48,""expiryDate"":""2027-09-27T18:30:00.000Z"",""isManualAdjustment"":false}]",1004750,,
BILAMBIC M 10,,bilambic m 10,1,,,,,1004754,,
LICERID LOTION 50ML,1004768,licerid lotion 50ml,10,1,2026-07-21T12:45:24.076Z,1,"[{""quantity"":1,""batchNumber"":""NEW GANISHA "",""purchaseDate"":""2026-07-20T11:44:41.155Z"",""adjustmentReason"":null,""purchaseBillId"":""DpRyosVyLI5rlWmgtOFb"",""adjustedByName"":null,""mrp"":56,""purchaseRate"":24.5,""expiryDate"":""2027-03-27T18:30:00.000Z"",""isManualAdjustment"":false}]",1004768,,
BECADEXAMIN CAPSULES,,becadexamin capsules,1,,,,,1004771,,
TELMA H 80,,telma h 80,1,,,,,1004773,,
MOOV COOL SPRAY 35GM,1004785,moov cool spray 35gm,1,3,2026-07-19T15:49:17.349Z,3,"[{""purchaseDate"":""2026-07-16T14:35:03.825Z"",""batchNumber"":""ITI"",""quantity"":3,""purchaseBillId"":""741nuHnyq2HPzUHwPany"",""adjustmentReason"":null,""purchaseRate"":139.13,""adjustedByName"":null,""mrp"":180,""isManualAdjustment"":false,""expiryDate"":""2029-02-27T18:30:00.000Z""}]",1004785,,
CHERRY SHOE SHINER NEUTRAL 5ML,1004787,cherry shoe shiner neutral 5ml,10,1,2026-07-22T06:39:51.146Z,1,"[{""purchaseDate"":""2026-07-19T14:37:06.308Z"",""purchaseBillId"":""bhRRAkKAOo0qkLvJKDIR"",""purchaseRate"":79.45,""adjustmentReason"":null,""isManualAdjustment"":false,""quantity"":1,""batchNumber"":""ITI"",""mrp"":92,""expiryDate"":""2027-07-27T18:30:00.000Z"",""adjustedByName"":null}]",1004787,,
CHERRY SHOE SHINER BLACK 5ML,1004789,cherry shoe shiner black 5ml,10,1,2026-07-22T06:39:51.145Z,1,"[{""purchaseDate"":""2026-07-19T14:37:06.308Z"",""purchaseRate"":79.45,""adjustmentReason"":null,""purchaseBillId"":""bhRRAkKAOo0qkLvJKDIR"",""adjustedByName"":null,""mrp"":92.79,""expiryDate"":""2027-07-27T18:30:00.000Z"",""isManualAdjustment"":false,""quantity"":1,""batchNumber"":""ITI""}]",1004789,,
ALOEVERA CALENDULA 250G,1004797,aloevera calendula 250g,10,2,2026-07-21T06:24:36.721Z,2,"[{""purchaseRate"":240,""adjustedByName"":null,""mrp"":290,""isManualAdjustment"":false,""expiryDate"":""2028-02-27T18:30:00.000Z"",""purchaseDate"":""2026-07-20T16:07:21.820Z"",""quantity"":2,""batchNumber"":""SHREENATH"",""purchaseBillId"":""dnjvJhQGytUmyRCPiDsP"",""adjustmentReason"":null}]",1004797,,
SHELCAL HD 12,,shelcal hd 12,1,,,,,1004799,,
ISOTROIN 10,,isotroin 10,1,,,,,1004813,,
BABYFOL TAB 10,,babyfol tab 10,1,,,,,1004815,,
REGAIN 5% 60ML,1004819,regain 5% 60ml,10,2,2026-07-21T06:24:36.020Z,2,"[{""adjustedByName"":null,""mrp"":1150,""purchaseRate"":821,""isManualAdjustment"":false,""expiryDate"":""2027-05-27T18:30:00.000Z"",""purchaseDate"":""2026-07-20T16:07:21.820Z"",""quantity"":2,""batchNumber"":""ANILA MEDICAL "",""purchaseBillId"":""dnjvJhQGytUmyRCPiDsP"",""adjustmentReason"":null}]",1004819,,
XYLOMIST 0.1% NASAL,1004821,xylomist 0.1% nasal,1,1,2026-07-19T16:51:29.319Z,1,"[{""isManualAdjustment"":false,""expiryDate"":""2028-08-30T18:30:00.000Z"",""purchaseRate"":41.66,""mrp"":58.33,""adjustedByName"":null,""purchaseBillId"":""Wb0URARJjcauzq4XREMe"",""adjustmentReason"":null,""purchaseDate"":""2026-07-16T11:46:43.781Z"",""batchNumber"":""ANILA"",""quantity"":1}]",1004821,,
XYLOMIST P NASAL 10ML,1004823,xylomist p nasal 10ml,1,2,2026-07-19T16:51:29.320Z,2,"[{""quantity"":2,""batchNumber"":""ANILA"",""purchaseDate"":""2026-07-16T11:46:43.781Z"",""adjustmentReason"":null,""purchaseBillId"":""Wb0URARJjcauzq4XREMe"",""mrp"":44.73,""adjustedByName"":null,""purchaseRate"":34.08,""expiryDate"":""2028-08-30T18:30:00.000Z"",""isManualAdjustment"":false}]",1004823,,
CRAMPCURE TAB 10,,crampcure tab 10,1,,,,,1004825,,
SOLVIN COLD AF DROPS 15ML,1004827,solvin cold af drops 15ml,1,6,2026-07-23T07:11:41.417Z,6,"[{""quantity"":6,""purchaseBillId"":""sIBrxawP5tddMZN0yUmB"",""purchaseRate"":73.4,""adjustedByName"":null,""batchNumber"":""MEDIBASKET "",""adjustmentReason"":null,""mrp"":102.75,""isManualAdjustment"":false,""purchaseDate"":""2026-07-17T15:06:47.110Z"",""expiryDate"":""2027-05-27T18:30:00.000Z""}]",1004827,,
SOLVIN COLD AF SYP 60ML,1004828,solvin cold af syp 60ml,1,3,2026-07-23T07:11:41.532Z,3,"[{""purchaseBillId"":""sIBrxawP5tddMZN0yUmB"",""purchaseRate"":66.29,""quantity"":3,""adjustedByName"":null,""batchNumber"":""MEDIBASKET "",""mrp"":92.8,""adjustmentReason"":null,""purchaseDate"":""2026-07-17T15:06:47.110Z"",""isManualAdjustment"":false,""expiryDate"":""2028-01-27T18:30:00.000Z""}]",1004828,,
AMLOVAS H 15,,amlovas h 15,1,,,,,1004833,,
GABANTIN 100MG,,gabantin 100mg,1,,,,,1004835,,
ROSEDAY F 10MG,,roseday f 10mg,1,,,,,1004837,,
NERVUP OD 15,,nervup od 15,1,,,,,1004839,,
NEXITO LS 10 15,,nexito ls 10 15,1,,,,,1004851,,
NEOPRIDE TOTAL 15,,neopride total 15,1,,,,,1004853,,
NEXPRO HP KIT 6,,nexpro hp kit 6,1,,,,,1004855,,
HAIRGRO TAB 25GM,,hairgro tab 25gm,1,,,,,1004859,,
DIABZEEL TAB 60,,diabzeel tab 60,1,,,,,1004861,,
ASTHALIN SYRUP 100ML,1004864,asthalin syrup 100ml,1,2,2026-07-17T10:04:09.289Z,2,"[{""isManualAdjustment"":false,""batchNumber"":""5A60631 DC AGENCIES "",""expiryDate"":""2027-04-30T18:30:00.000Z"",""adjustmentReason"":null,""purchaseRate"":14.64,""purchaseBillId"":""6ay79HpxBVdyHOQ5EL0S"",""quantity"":2,""adjustedByName"":null,""purchaseDate"":""2026-07-14T06:31:27.837Z"",""mrp"":20.51}]",1004864,,
MAMY POKO ALL NIGHT XL 46,1004866,mamy poko all night xl 46,10,1,2026-07-19T10:13:19.774Z,1,"[{""mrp"":799,""adjustedByName"":null,""purchaseRate"":594.44,""expiryDate"":""2027-07-27T18:30:00.000Z"",""isManualAdjustment"":false,""quantity"":1,""batchNumber"":"""",""purchaseDate"":""2026-07-18T16:34:09.706Z"",""adjustmentReason"":null,""purchaseBillId"":""xiMCJHYWelCBQ90mlTTr""}]",1004866,,
HIMALAYA KOFLET SYP. 100ML,1004870,himalaya koflet syp. 100ml,10,2,2026-07-19T15:49:18.756Z,2,"[{""purchaseRate"":89.28,""mrp"":117.19,""adjustedByName"":null,""expiryDate"":""2028-10-27T18:30:00.000Z"",""isManualAdjustment"":false,""purchaseDate"":""2026-07-16T14:35:03.825Z"",""batchNumber"":""MEDIBASKET"",""quantity"":2,""purchaseBillId"":""741nuHnyq2HPzUHwPany"",""adjustmentReason"":null}]",1004870,,
HIMALAYA KOFLET EX SYP. 100ML,1004871,himalaya koflet ex syp. 100ml,10,2,2026-07-19T15:49:18.756Z,2,"[{""expiryDate"":""2028-08-27T18:30:00.000Z"",""isManualAdjustment"":false,""purchaseRate"":96,""adjustedByName"":null,""mrp"":135,""purchaseBillId"":""741nuHnyq2HPzUHwPany"",""adjustmentReason"":null,""purchaseDate"":""2026-07-16T14:35:03.825Z"",""batchNumber"":""MEDIBASKET"",""quantity"":2}]",1004871,,
PROTINEX MOTHERS CHOCO JAR 400GM,1004873,protinex mothers choco jar 400gm,1,1,2026-07-19T15:49:17.252Z,1,"[{""quantity"":1,""batchNumber"":""SUNIL"",""purchaseDate"":""2026-07-16T14:35:03.825Z"",""adjustmentReason"":null,""purchaseBillId"":""741nuHnyq2HPzUHwPany"",""purchaseRate"":547.2,""adjustedByName"":null,""mrp"":740,""isManualAdjustment"":false,""expiryDate"":""2026-12-30T18:30:00.000Z""}]",1004873,,
DAROLAC SUP. 30ML,1004882,darolac sup. 30ml,1,3,2026-07-23T07:11:40.802Z,3,"[{""purchaseDate"":""2026-07-17T15:06:47.110Z"",""isManualAdjustment"":false,""expiryDate"":""2026-09-27T18:30:00.000Z"",""purchaseBillId"":""sIBrxawP5tddMZN0yUmB"",""purchaseRate"":142.38,""quantity"":3,""adjustedByName"":null,""batchNumber"":""SAB2503  MEDIBASKET "",""mrp"":210,""adjustmentReason"":null}]",1004882,,
RIFAGUT 400 10,,rifagut 400 10,1,,,,,1004884,,
MOX 500MG 15,,mox 500mg 15,1,,,,,1004886,,
BUFFEN CAP. 80,1004895,buffen cap. 80,10,75,2026-07-21T12:45:23.894Z,75,"[{""batchNumber"":""SHREE RAM SURGICAL "",""quantity"":75,""purchaseDate"":""2026-07-20T11:44:41.155Z"",""adjustmentReason"":null,""purchaseBillId"":""DpRyosVyLI5rlWmgtOFb"",""mrp"":20,""adjustedByName"":null,""purchaseRate"":1,""expiryDate"":""2027-07-27T18:30:00.000Z"",""isManualAdjustment"":false}]",1004895,,
RIFAORA 400MG,,rifaora 400mg,1,,,,,1004897,,
SENSODENT K F/R 75GM,1004899,sensodent k f/r 75gm,10,1,2026-07-19T10:13:23.579Z,1,"[{""purchaseDate"":""2026-07-18T16:34:09.706Z"",""batchNumber"":""MEDIBASKET"",""quantity"":1,""purchaseBillId"":""xiMCJHYWelCBQ90mlTTr"",""adjustmentReason"":null,""purchaseRate"":91.43,""adjustedByName"":null,""mrp"":136,""expiryDate"":""2027-04-27T18:30:00.000Z"",""isManualAdjustment"":false}]",1004899,,
SENSODENT K PLUS 100GM,1004903,sensodent k plus 100gm,10,1,2026-07-19T10:13:23.579Z,1,"[{""isManualAdjustment"":false,""expiryDate"":""2027-05-27T18:30:00.000Z"",""adjustedByName"":null,""mrp"":229,""purchaseRate"":154.67,""adjustmentReason"":null,""purchaseBillId"":""xiMCJHYWelCBQ90mlTTr"",""batchNumber"":""ANILA"",""quantity"":1,""purchaseDate"":""2026-07-18T16:34:09.706Z""}]",1004903,,
GARNIER NO.1 BLACK 30GM,1004905,garnier no.1 black 30gm,10,2,2026-07-22T06:39:50.882Z,2,"[{""purchaseDate"":""2026-07-19T14:37:06.308Z"",""purchaseBillId"":""bhRRAkKAOo0qkLvJKDIR"",""adjustmentReason"":null,""purchaseRate"":68.9,""adjustedByName"":null,""mrp"":99,""expiryDate"":""2027-07-27T18:30:00.000Z"",""isManualAdjustment"":false,""batchNumber"":""TWENTYPLUS"",""quantity"":2}]",1004905,,
GARNIER NO.3.16 BURGUNDY 30GM,1004908,garnier no.3.16 burgundy 30gm,10,2,2026-07-22T06:39:50.882Z,2,"[{""isManualAdjustment"":false,""quantity"":2,""batchNumber"":""TWENTYPLUS"",""mrp"":99,""expiryDate"":""2027-07-27T18:30:00.000Z"",""adjustedByName"":null,""purchaseDate"":""2026-07-19T14:37:06.308Z"",""purchaseRate"":68.9,""adjustmentReason"":null,""purchaseBillId"":""bhRRAkKAOo0qkLvJKDIR""}]",1004908,,
GARNIER NO.4 BROWN 30GM,1004910,garnier no.4 brown 30gm,10,2,2026-07-22T06:39:50.883Z,2,"[{""purchaseDate"":""2026-07-19T14:37:06.308Z"",""adjustmentReason"":null,""purchaseRate"":68.9,""purchaseBillId"":""bhRRAkKAOo0qkLvJKDIR"",""batchNumber"":""TWENTYPLUS"",""quantity"":2,""isManualAdjustment"":false,""mrp"":99,""expiryDate"":""2027-07-27T18:30:00.000Z"",""adjustedByName"":null}]",1004910,,
IVABID 5MG,,ivabid 5mg,1,,,,,1004916,,
HAIRBLISS DIVA,,hairbliss diva,1,,,,,1004923,,
ZYDIP 0.05% LOTION 100ML,1004925,zydip 0.05% lotion 100ml,1,3,2026-07-23T07:11:41.951Z,3,"[{""expiryDate"":""2027-07-27T18:30:00.000Z"",""isManualAdjustment"":false,""purchaseDate"":""2026-07-17T15:06:47.110Z"",""adjustmentReason"":null,""mrp"":285,""batchNumber"":""MEDIBASKET "",""adjustedByName"":null,""quantity"":3,""purchaseRate"":203.57,""purchaseBillId"":""sIBrxawP5tddMZN0yUmB""}]",1004925,,
PARI CR 12.5,,pari cr 12.5,1,,,,,1004927,,
SUNNY HERBAL HAIR DYE 1,1004929,sunny herbal hair dye 1,10,2,2026-07-22T06:39:50.947Z,2,"[{""purchaseBillId"":""bhRRAkKAOo0qkLvJKDIR"",""purchaseRate"":50,""adjustmentReason"":null,""purchaseDate"":""2026-07-19T14:37:06.308Z"",""adjustedByName"":null,""mrp"":55,""expiryDate"":""2027-07-27T18:30:00.000Z"",""batchNumber"":""?"",""isManualAdjustment"":false,""quantity"":2}]",1004929,,
BAIDYANATH CHYAVANPRASH 1KG,1004940,baidyanath chyavanprash 1kg,10,2,2026-07-19T15:49:17.616Z,2,"[{""expiryDate"":""2027-11-27T18:30:00.000Z"",""isManualAdjustment"":false,""mrp"":410,""adjustedByName"":null,""purchaseRate"":336.62,""adjustmentReason"":null,""purchaseBillId"":""741nuHnyq2HPzUHwPany"",""quantity"":2,""batchNumber"":""SVMEDICOSE"",""purchaseDate"":""2026-07-16T14:35:03.825Z""}]",1004940,,
BAIDYANATH KASAMRITRA 100ML,1004942,baidyanath kasamritra 100ml,10,3,2026-07-22T06:39:51.532Z,3,"[{""expiryDate"":""2028-09-27T18:30:00.000Z"",""mrp"":117,""quantity"":3,""isManualAdjustment"":false,""batchNumber"":""SV MEDICOSE "",""adjustedByName"":null,""adjustmentReason"":null,""purchaseRate"":93.5,""purchaseBillId"":""bhRRAkKAOo0qkLvJKDIR"",""purchaseDate"":""2026-07-19T14:37:06.308Z""}]",1004942,,
BAIDHYANATH SIDCOF 100ML,1004944,baidhyanath sidcof 100ml,10,1,2026-07-22T06:39:51.532Z,1,"[{""adjustedByName"":null,""isManualAdjustment"":false,""batchNumber"":""SV MEDICOSE"",""quantity"":1,""mrp"":115,""expiryDate"":""2027-12-27T18:30:00.000Z"",""purchaseDate"":""2026-07-19T14:37:06.308Z"",""purchaseRate"":84.2,""purchaseBillId"":""bhRRAkKAOo0qkLvJKDIR"",""adjustmentReason"":null}]",1004944,,
MASK ADJUSTABLE 1,,mask adjustable 1,1,,,,,1004946,,
MASK NORMAL 1,1004948,mask normal 1,10,7,2026-07-21T12:45:23.892Z,7,"[{""isManualAdjustment"":false,""expiryDate"":""2027-07-27T18:30:00.000Z"",""purchaseRate"":16,""mrp"":45,""adjustedByName"":null,""adjustmentReason"":null,""purchaseBillId"":""DpRyosVyLI5rlWmgtOFb"",""batchNumber"":"""",""quantity"":7,""purchaseDate"":""2026-07-20T11:44:41.155Z""}]",1004948,,
STREPSILS DRY COUGH 16*8,,strepsils dry cough 16*8,1,,,,,1004952,,
IVAPATH 5MG,,ivapath 5mg,1,,,,,1004954,,
PERCIN TAB 5,,percin tab 5,1,,,,,1004956,,
MONTAS AB TAB 10,,montas ab tab 10,1,,,,,1004958,,
MONTAS L SYP 60ML,1004960,montas l syp 60ml,1,3,2026-07-23T07:11:40.999Z,3,"[{""adjustmentReason"":null,""mrp"":120,""batchNumber"":""DIVFORD HEALTHCARE"",""adjustedByName"":null,""quantity"":3,""purchaseBillId"":""sIBrxawP5tddMZN0yUmB"",""purchaseRate"":29.57,""expiryDate"":""2027-11-27T18:30:00.000Z"",""isManualAdjustment"":false,""purchaseDate"":""2026-07-17T15:06:47.110Z""}]",1004960,,
NOVELON S 21,,novelon s 21,1,,,,,1004963,,
HIMALAYA BABY KIT BASKET 1,1004965,himalaya baby kit basket 1,10,1,2026-07-22T06:39:50.948Z,1,"[{""purchaseDate"":""2026-07-19T14:37:06.308Z"",""purchaseBillId"":""bhRRAkKAOo0qkLvJKDIR"",""purchaseRate"":520,""adjustmentReason"":null,""adjustedByName"":null,""mrp"":970,""expiryDate"":""2027-07-27T18:30:00.000Z"",""isManualAdjustment"":false,""batchNumber"":""?"",""quantity"":1}]",1004965,,
VALCIVIR 500MG,,valcivir 500mg,1,,,,,1004969,,
TERBINAFORCE 250MG 7,,terbinaforce 250mg 7,1,,,,,1004971,,
PANTOSEC 40 10,,pantosec 40 10,1,,,,,1004973,,
MEGANEURON NT 50 10,,meganeuron nt 50 10,1,,,,,1004975,,
CORTEL 40MG,,cortel 40mg,1,,,,,1004977,,
FORACORT 0.5MG RESPULE 5,1004979,foracort 0.5mg respule 5,1,1,2026-07-19T16:51:29.422Z,1,"[{""adjustmentReason"":null,""purchaseBillId"":""Wb0URARJjcauzq4XREMe"",""batchNumber"":""DC"",""quantity"":1,""purchaseDate"":""2026-07-16T11:46:43.781Z"",""expiryDate"":""2027-07-16T12:42:34.687Z"",""isManualAdjustment"":false,""purchaseRate"":314.74,""mrp"":440.65,""adjustedByName"":null}]",1004979,,
FORACORT 100MG 30,1004981,foracort 100mg 30,1,1,2026-07-19T16:51:29.321Z,1,"[{""purchaseRate"":105.6,""adjustedByName"":null,""mrp"":147.84,""isManualAdjustment"":false,""expiryDate"":""2027-07-16T12:28:08.423Z"",""batchNumber"":""DC"",""quantity"":1,""purchaseDate"":""2026-07-16T11:46:43.781Z"",""adjustmentReason"":null,""purchaseBillId"":""Wb0URARJjcauzq4XREMe""}]",1004981,,
BOLD CARE 404 10,1004986,bold care 404 10,10,1,2026-07-21T17:28:13.270Z,1,"[{""isManualAdjustment"":false,""expiryDate"":""2027-07-27T18:30:00.000Z"",""purchaseRate"":69,""adjustedByName"":null,""mrp"":299,""purchaseBillId"":""MLZKoBJjUBLJggKAF22A"",""adjustmentReason"":null,""purchaseDate"":""2026-07-18T07:33:44.306Z"",""quantity"":1,""batchNumber"":""""}]",1004986,,
BAIDYANATH YOGRAJ GUGULU 60,1004989,baidyanath yograj gugulu 60,10,1,2026-07-22T06:39:51.663Z,1,"[{""adjustedByName"":null,""expiryDate"":""2030-05-27T18:30:00.000Z"",""mrp"":105,""quantity"":1,""batchNumber"":""P. GEDAR"",""isManualAdjustment"":false,""purchaseRate"":69.45,""adjustmentReason"":null,""purchaseBillId"":""bhRRAkKAOo0qkLvJKDIR"",""purchaseDate"":""2026-07-19T14:37:06.308Z""}]",1004989,,
BAIDYANATH TRIPHALA GUGGULU 80,1004992,baidyanath triphala guggulu 80,10,1,2026-07-22T06:39:51.662Z,1,"[{""expiryDate"":""2029-06-27T18:30:00.000Z"",""mrp"":145,""batchNumber"":""P. GEDAR"",""quantity"":1,""isManualAdjustment"":false,""adjustedByName"":null,""purchaseDate"":""2026-07-19T14:37:06.308Z"",""purchaseBillId"":""bhRRAkKAOo0qkLvJKDIR"",""adjustmentReason"":null,""purchaseRate"":95.9}]",1004992,,
HIMALAYA COLD BALM 10GM,1004996,himalaya cold balm 10gm,10,4,2026-07-19T15:49:17.451Z,4,"[{""quantity"":4,""batchNumber"":""VISION"",""purchaseDate"":""2026-07-16T14:35:03.825Z"",""adjustmentReason"":null,""purchaseBillId"":""741nuHnyq2HPzUHwPany"",""adjustedByName"":null,""mrp"":50,""purchaseRate"":37.21,""expiryDate"":""2028-06-27T18:30:00.000Z"",""isManualAdjustment"":false}]",1004996,,
HIMALAYA HIMCOCID SUSP. 200ML,1004998,himalaya himcocid susp. 200ml,1,1,2026-07-17T10:04:07.742Z,1,"[{""expiryDate"":""2027-03-31T18:30:00.000Z"",""batchNumber"":""VISION MEDICOSE "",""isManualAdjustment"":false,""mrp"":145,""purchaseDate"":""2026-07-14T06:31:27.837Z"",""adjustedByName"":null,""quantity"":1,""purchaseRate"":104.54,""adjustmentReason"":null,""purchaseBillId"":""6ay79HpxBVdyHOQ5EL0S""}]",1004998,,
ASTHALIN RESPULES 2.5ML,,asthalin respules 2.5ml,1,,,,,1005002,,
GLUBEZIDE MV40.3 15,1005004,glubezide mv40.3 15,10,0,2026-07-22T16:23:45.979Z,0,"[{""quantity"":0,""purchaseBillId"":""PENDING_BATCH"",""purchaseRate"":128.57,""adjustedByName"":null,""batchNumber"":""VWT25001"",""mrp"":180,""adjustmentReason"":null,""purchaseDate"":""2026-07-22T10:24:23.813Z"",""isManualAdjustment"":false,""expiryDate"":""2027-05-27T18:30:00.000Z""}]",1005004,,
TRACOGOLD 200MG,,tracogold 200mg,1,,,,,1005007,,
VOGS GM 2,,vogs gm 2,1,,,,,1005009,,
CERELAC 18 MONTH 300GM,1005011,cerelac 18 month 300gm,1,2,2026-07-19T15:49:33.875Z,2,"[{""adjustmentReason"":null,""purchaseBillId"":""741nuHnyq2HPzUHwPany"",""batchNumber"":""ASHRO"",""quantity"":1,""purchaseDate"":""2026-07-16T14:35:03.825Z"",""isManualAdjustment"":false,""expiryDate"":""2027-04-29T18:30:00.000Z"",""adjustedByName"":null,""mrp"":299,""purchaseRate"":261.25},{""purchaseBillId"":""741nuHnyq2HPzUHwPany"",""adjustmentReason"":null,""purchaseDate"":""2026-07-16T14:35:03.825Z"",""batchNumber"":""ASHRO"",""quantity"":1,""expiryDate"":""2027-05-30T18:30:00.000Z"",""isManualAdjustment"":false,""purchaseRate"":261.25,""mrp"":299,""adjustedByName"":null}]",1005011,,
ENCORATE 500,,encorate 500,1,,,,,1005014,,
AMOXYCLAV DS SYP. 30ML,,amoxyclav ds syp. 30ml,1,6,2026-07-23T07:11:41.203Z,6,"[{""expiryDate"":""2026-12-27T18:30:00.000Z"",""isManualAdjustment"":false,""purchaseDate"":""2026-07-17T15:06:47.110Z"",""adjustmentReason"":null,""mrp"":68.99,""batchNumber"":""MEDIBASKET "",""adjustedByName"":null,""purchaseBillId"":""sIBrxawP5tddMZN0yUmB"",""purchaseRate"":30.68,""quantity"":6}]",1005024,,
CHESTON COLD,,cheston cold,1,,,,,1005026,,
ALEX DROPS 15ML,1005028,alex drops 15ml,1,3,2026-07-23T07:11:41.531Z,3,"[{""mrp"":87,""adjustmentReason"":null,""batchNumber"":""MEDIBASKET "",""adjustedByName"":null,""quantity"":3,""purchaseBillId"":""sIBrxawP5tddMZN0yUmB"",""purchaseRate"":62.14,""expiryDate"":""2026-08-27T18:30:00.000Z"",""purchaseDate"":""2026-07-17T15:06:47.110Z"",""isManualAdjustment"":false}]",1005028,,
ZORYL M4 FORTE,,zoryl m4 forte,1,,,,,1005030,,
AMRUTANJAL BACK ROLL ON 50ML,1005032,amrutanjal back roll on 50ml,10,4,2026-07-19T16:51:29.752Z,4,"[{""purchaseBillId"":""Wb0URARJjcauzq4XREMe"",""adjustmentReason"":null,""purchaseDate"":""2026-07-16T11:46:43.781Z"",""batchNumber"":""CHIRAYU"",""quantity"":4,""isManualAdjustment"":false,""expiryDate"":""2027-10-27T18:30:00.000Z"",""purchaseRate"":77.64,""mrp"":94,""adjustedByName"":null}]",1005032,,
EMPABITE SM 25/100/1000MG,,empabite sm 25/100/1000mg,1,,,,,1005034,,
TIMZID OD 80MG,,timzid od 80mg,1,,,,,1005035,,
VOGLI RAPID 0.3/1,,vogli rapid 0.3/1,1,,,,,1005036,,
WHISPER PERIOD PANTY 2,1005038,whisper period panty 2,10,1,2026-07-19T10:13:19.709Z,1,"[{""purchaseDate"":""2026-07-18T16:34:09.706Z"",""quantity"":1,""batchNumber"":"""",""purchaseBillId"":""xiMCJHYWelCBQ90mlTTr"",""adjustmentReason"":null,""adjustedByName"":null,""mrp"":99,""purchaseRate"":34,""isManualAdjustment"":false,""expiryDate"":""2027-07-27T18:30:00.000Z""}]",1005038,,
CROCIN 240 DS SYRUP 60ML,1005041,crocin 240 ds syrup 60ml,1,1,2026-07-19T12:27:31.697Z,1,"[{""isManualAdjustment"":false,""expiryDate"":""2027-10-30T18:30:00.000Z"",""mrp"":71.62,""adjustedByName"":null,""purchaseRate"":56.84,""purchaseBillId"":""iWGAUP8RNvmP0LcHYz2w"",""adjustmentReason"":null,""purchaseDate"":""2026-07-16T15:54:16.728Z"",""batchNumber"":""VN SUPPLIES"",""quantity"":1}]",1005041,,
CROCIN 120 SYRUP 60ML,1005043,crocin 120 syrup 60ml,1,4,2026-07-19T12:27:31.696Z,4,"[{""isManualAdjustment"":false,""expiryDate"":""2027-10-30T18:30:00.000Z"",""adjustedByName"":null,""mrp"":39.06,""purchaseRate"":31,""purchaseBillId"":""iWGAUP8RNvmP0LcHYz2w"",""adjustmentReason"":null,""purchaseDate"":""2026-07-16T15:54:16.728Z"",""batchNumber"":""VN SUPPLIES"",""quantity"":4}]",1005043,,
OTRIVIN SALIN NASAL 20ML,1005045,otrivin salin nasal 20ml,1,3,2026-07-19T16:51:29.243Z,3,"[{""isManualAdjustment"":false,""expiryDate"":""2027-08-30T18:30:00.000Z"",""purchaseRate"":47.88,""mrp"":60.33,""adjustedByName"":null,""adjustmentReason"":null,""purchaseBillId"":""Wb0URARJjcauzq4XREMe"",""batchNumber"":""VN SUPPLIES"",""quantity"":3,""purchaseDate"":""2026-07-16T11:46:43.781Z""}]",1005045,,
OTRIVIN ADVANCE 10GM,1005047,otrivin advance 10gm,1,1,2026-07-19T16:51:29.243Z,1,"[{""isManualAdjustment"":false,""expiryDate"":""2027-10-30T18:30:00.000Z"",""purchaseRate"":184.24,""mrp"":225,""adjustedByName"":null,""purchaseBillId"":""Wb0URARJjcauzq4XREMe"",""adjustmentReason"":null,""purchaseDate"":""2026-07-16T11:46:43.781Z"",""quantity"":1,""batchNumber"":""VN SUPPLIES""}]",1005047,,
AEROCORT INHALER 1,1005055,aerocort inhaler 1,1,1,2026-07-19T16:51:29.422Z,1,"[{""purchaseBillId"":""Wb0URARJjcauzq4XREMe"",""adjustmentReason"":null,""purchaseDate"":""2026-07-16T11:46:43.781Z"",""quantity"":1,""batchNumber"":""MEDIHUB"",""isManualAdjustment"":false,""expiryDate"":""2027-06-29T18:30:00.000Z"",""adjustedByName"":null,""mrp"":331.25,""purchaseRate"":236.61}]",1005055,,
VASELINE JELLY 40ML,1005059,vaseline jelly 40ml,10,1,2026-07-21T06:24:36.021Z,1,"[{""purchaseBillId"":""dnjvJhQGytUmyRCPiDsP"",""adjustmentReason"":null,""purchaseDate"":""2026-07-20T16:07:21.820Z"",""quantity"":1,""batchNumber"":""gupta corporation "",""isManualAdjustment"":false,""expiryDate"":""2027-07-27T18:30:00.000Z"",""purchaseRate"":81,""mrp"":90,""adjustedByName"":null}]",1005059,,
MEDERMA ADVANCED SCAR GEL 5GM,1005061,mederma advanced scar gel 5gm,1,3,2026-07-23T07:11:41.646Z,3,"[{""purchaseDate"":""2026-07-17T15:06:47.110Z"",""isManualAdjustment"":false,""expiryDate"":""2029-04-27T18:30:00.000Z"",""adjustedByName"":null,""batchNumber"":""DC AGENCIES "",""mrp"":325,""adjustmentReason"":null,""purchaseRate"":233.41,""purchaseBillId"":""sIBrxawP5tddMZN0yUmB"",""quantity"":3}]",1005061,,
STAYFREE ADVANCED XL 7UNIT,1005064,stayfree advanced xl 7unit,10,3,2026-07-19T10:13:19.713Z,3,"[{""mrp"":95,""adjustedByName"":null,""purchaseRate"":84.82,""isManualAdjustment"":false,""expiryDate"":""2027-07-27T18:30:00.000Z"",""batchNumber"":"""",""quantity"":3,""purchaseDate"":""2026-07-18T16:34:09.706Z"",""adjustmentReason"":null,""purchaseBillId"":""xiMCJHYWelCBQ90mlTTr""}]",1005064,,
JOHNSON BABY HAIR OIL 100ML,1005066,johnson baby hair oil 100ml,10,1,2026-07-19T12:27:32.377Z,1,"[{""mrp"":151,""adjustedByName"":null,""purchaseRate"":130.74,""isManualAdjustment"":false,""expiryDate"":""2028-06-27T18:30:00.000Z"",""purchaseDate"":""2026-07-16T15:54:16.728Z"",""batchNumber"":""KRATIKA"",""quantity"":1,""purchaseBillId"":""iWGAUP8RNvmP0LcHYz2w"",""adjustmentReason"":null}]",1005066,,
JOHNSON BABY LOTION 200ML,1005068,johnson baby lotion 200ml,10,1,2026-07-19T12:27:32.378Z,1,"[{""mrp"":220,""adjustedByName"":null,""purchaseRate"":160.73,""expiryDate"":""2028-06-27T18:30:00.000Z"",""isManualAdjustment"":false,""quantity"":1,""batchNumber"":""KRATIKA"",""purchaseDate"":""2026-07-16T15:54:16.728Z"",""adjustmentReason"":null,""purchaseBillId"":""iWGAUP8RNvmP0LcHYz2w""}]",1005068,,
STAYFREE XL ULTRA THIN 6,1005070,stayfree xl ultra thin 6,10,4,2026-07-19T10:13:19.712Z,4,"[{""adjustedByName"":null,""mrp"":55,""purchaseRate"":49.11,""isManualAdjustment"":false,""expiryDate"":""2027-07-27T18:30:00.000Z"",""purchaseDate"":""2026-07-18T16:34:09.706Z"",""quantity"":4,""batchNumber"":"""",""purchaseBillId"":""xiMCJHYWelCBQ90mlTTr"",""adjustmentReason"":null}]",1005070,,
STAYFREE SECURE DRY XL 6,1005074,stayfree secure dry xl 6,10,5,2026-07-19T10:13:19.711Z,5,"[{""purchaseRate"":44.64,""adjustedByName"":null,""mrp"":50,""isManualAdjustment"":false,""expiryDate"":""2027-07-27T18:30:00.000Z"",""batchNumber"":"""",""quantity"":5,""purchaseDate"":""2026-07-18T16:34:09.706Z"",""adjustmentReason"":null,""purchaseBillId"":""xiMCJHYWelCBQ90mlTTr""}]",1005074,,
WHISPER SKIN LOVE 6,1005076,whisper skin love 6,10,2,2026-07-19T10:13:19.710Z,2,"[{""isManualAdjustment"":false,""expiryDate"":""2027-07-27T18:30:00.000Z"",""purchaseRate"":85.59,""mrp"":95,""adjustedByName"":null,""adjustmentReason"":null,""purchaseBillId"":""xiMCJHYWelCBQ90mlTTr"",""quantity"":2,""batchNumber"":"""",""purchaseDate"":""2026-07-18T16:34:09.706Z""}]",1005076,,
PROTINEX RICH CHOC JAR 400GM,1005087,protinex rich choc jar 400gm,1,1,2026-07-19T15:49:17.255Z,1,"[{""quantity"":1,""batchNumber"":""SUNIL"",""purchaseDate"":""2026-07-16T14:35:03.825Z"",""adjustmentReason"":null,""purchaseBillId"":""741nuHnyq2HPzUHwPany"",""purchaseRate"":500.42,""adjustedByName"":null,""mrp"":599,""expiryDate"":""2027-04-29T18:30:00.000Z"",""isManualAdjustment"":false}]",1005087,,
EVERYUTH GOLDEN PEEL OFF MASK 100GM,1005089,everyuth golden peel off mask 100gm,10,1,2026-07-21T06:24:35.923Z,1,"[{""mrp"":195,""adjustedByName"":null,""purchaseRate"":146.24,""isManualAdjustment"":false,""expiryDate"":""2027-07-27T18:30:00.000Z"",""batchNumber"":""GREEN TRADERS "",""quantity"":1,""purchaseDate"":""2026-07-20T16:07:21.820Z"",""adjustmentReason"":null,""purchaseBillId"":""dnjvJhQGytUmyRCPiDsP""}]",1005089,,
EVERYUTH WALNUT SCRUB 100GM,1005091,everyuth walnut scrub 100gm,10,1,2026-07-21T06:24:35.924Z,1,"[{""purchaseDate"":""2026-07-20T16:07:21.820Z"",""batchNumber"":""GREEN TRADERS "",""quantity"":1,""purchaseBillId"":""dnjvJhQGytUmyRCPiDsP"",""adjustmentReason"":null,""adjustedByName"":null,""mrp"":210,""purchaseRate"":157.49,""expiryDate"":""2027-07-27T18:30:00.000Z"",""isManualAdjustment"":false}]",1005091,,
EVERYUTH ANTI POLLUTION F/W 50GM,1005093,everyuth anti pollution f/w 50gm,10,2,2026-07-21T06:24:35.861Z,2,"[{""expiryDate"":""2027-07-27T18:30:00.000Z"",""isManualAdjustment"":false,""purchaseRate"":82.49,""adjustedByName"":null,""mrp"":110,""adjustmentReason"":null,""purchaseBillId"":""dnjvJhQGytUmyRCPiDsP"",""batchNumber"":""GREEN TRADERS "",""quantity"":2,""purchaseDate"":""2026-07-20T16:07:21.820Z""}]",1005093,,
GLUCON-D IMMUNOVOLT TAB. 25,,glucon-d immunovolt tab. 25,1,,,,,1005095,,
EMOLENE CREAM BIG 100GM,1005101,emolene cream big 100gm,1,1,2026-07-21T17:21:36.315Z,1,"[{""purchaseDate"":""2026-07-18T06:19:24.778Z"",""quantity"":1,""batchNumber"":""MEDIBASKET"",""purchaseBillId"":""VNM2zTVGrJ4ZaMslUtMG"",""adjustmentReason"":null,""purchaseRate"":297.86,""adjustedByName"":null,""mrp"":390.94,""expiryDate"":""2027-10-27T18:30:00.000Z"",""isManualAdjustment"":false}]",1005101,,
TOPCEF 200,,topcef 200,1,,,,,1005103,,
CALCITAS D3 NANO SHOTS,,calcitas d3 nano shots,1,16,2026-07-21T15:59:08.183Z,16,"[{""purchaseBillId"":""Jgat3IieqMJG7Pua1kp5"",""adjustmentReason"":null,""purchaseDate"":""2026-07-21T15:14:34.744Z"",""batchNumber"":""ANILA MEDICAL"",""quantity"":16,""isManualAdjustment"":false,""expiryDate"":""2027-01-27T18:30:00.000Z"",""adjustedByName"":null,""mrp"":83.5,""purchaseRate"":15.24}]",1005106,,
SORBITRATE 5,,sorbitrate 5,1,,,,,1005112,,
METOSARTAN 50/40 10,,metosartan 50/40 10,1,,,,,1005116,,
LIVEASY ELECTRIC HEATBELT 1,1005118,liveasy electric heatbelt 1,10,1,2026-07-22T06:39:50.396Z,1,"[{""purchaseBillId"":""bhRRAkKAOo0qkLvJKDIR"",""purchaseRate"":624,""adjustmentReason"":null,""purchaseDate"":""2026-07-19T14:37:06.308Z"",""adjustedByName"":null,""expiryDate"":""2027-07-27T18:30:00.000Z"",""mrp"":1200,""quantity"":1,""isManualAdjustment"":false,""batchNumber"":""DC""}]",1005118,,
ALERID SYRUP 60ML,1005120,alerid syrup 60ml,1,3,2026-07-23T07:11:41.000Z,3,"[{""adjustedByName"":null,""batchNumber"":""MEDIBASKET "",""mrp"":45.02,""adjustmentReason"":null,""purchaseBillId"":""sIBrxawP5tddMZN0yUmB"",""quantity"":3,""purchaseRate"":32.15,""purchaseDate"":""2026-07-17T15:06:47.110Z"",""isManualAdjustment"":false,""expiryDate"":""2028-07-27T18:30:00.000Z""}]",1005120,,
BABY GLASS BOTTLE 150ML,1005122,baby glass bottle 150ml,10,1,2026-07-22T06:39:51.242Z,1,"[{""purchaseBillId"":""bhRRAkKAOo0qkLvJKDIR"",""adjustmentReason"":null,""purchaseRate"":100,""purchaseDate"":""2026-07-19T14:37:06.308Z"",""batchNumber"":""GUPTA CO"",""quantity"":1,""isManualAdjustment"":false,""expiryDate"":""2027-07-27T18:30:00.000Z"",""mrp"":180,""adjustedByName"":null}]",1005122,,
MACBERY XT SYP 100ML,1005132,macbery xt syp 100ml,1,2,2026-07-17T10:04:08.858Z,2,"[{""isManualAdjustment"":false,""batchNumber"":""18253285A MEDIHUB "",""expiryDate"":""2027-06-30T18:30:00.000Z"",""purchaseBillId"":""6ay79HpxBVdyHOQ5EL0S"",""adjustmentReason"":null,""purchaseRate"":93.5,""quantity"":2,""purchaseDate"":""2026-07-14T06:31:27.837Z"",""adjustedByName"":null,""mrp"":130.9}]",1005132,,
BAIDYANATH ABHYARISHTA 450ML,1005139,baidyanath abhyarishta 450ml,10,1,2026-07-22T06:39:51.346Z,1,"[{""isManualAdjustment"":false,""batchNumber"":""SV MEDICOSE"",""quantity"":1,""mrp"":210,""expiryDate"":""2035-09-27T18:30:00.000Z"",""adjustedByName"":null,""adjustmentReason"":null,""purchaseRate"":167,""purchaseBillId"":""bhRRAkKAOo0qkLvJKDIR"",""purchaseDate"":""2026-07-19T14:37:06.308Z""}]",1005139,,
BAIDYANATH ARJUNARISHTA 450ML,1005141,baidyanath arjunarishta 450ml,10,1,2026-07-22T06:39:51.443Z,1,"[{""adjustedByName"":null,""mrp"":205,""expiryDate"":""2036-04-27T18:30:00.000Z"",""batchNumber"":""SV MEDICOSE"",""isManualAdjustment"":false,""quantity"":1,""purchaseBillId"":""bhRRAkKAOo0qkLvJKDIR"",""adjustmentReason"":null,""purchaseRate"":163,""purchaseDate"":""2026-07-19T14:37:06.308Z""}]",1005141,,
BAIDYANATH DASHMULARISHT 450ML,1005143,baidyanath dashmularisht 450ml,10,1,2026-07-22T06:39:51.445Z,1,"[{""adjustedByName"":null,""mrp"":199,""expiryDate"":""2035-06-27T18:30:00.000Z"",""quantity"":1,""isManualAdjustment"":false,""batchNumber"":""SV MEDICOSE"",""adjustmentReason"":null,""purchaseBillId"":""bhRRAkKAOo0qkLvJKDIR"",""purchaseRate"":158,""purchaseDate"":""2026-07-19T14:37:06.308Z""}]",1005143,,
BAIDYANATH LAVANBHASKAR CHURNA 60GM,1005145,baidyanath lavanbhaskar churna 60gm,10,2,2026-07-22T06:39:51.533Z,2,"[{""quantity"":2,""isManualAdjustment"":false,""batchNumber"":""SV MEDICOSE"",""mrp"":80,""expiryDate"":""2027-06-27T18:30:00.000Z"",""adjustedByName"":null,""purchaseDate"":""2026-07-19T14:37:06.308Z"",""adjustmentReason"":null,""purchaseRate"":63.5,""purchaseBillId"":""bhRRAkKAOo0qkLvJKDIR""}]",1005145,,
BAIDYANATH MAHASUDARSHAN KADHA 450ML,1005147,baidyanath mahasudarshan kadha 450ml,10,1,2026-07-22T06:39:51.597Z,1,"[{""expiryDate"":""2028-06-27T18:30:00.000Z"",""mrp"":265,""batchNumber"":""SV MEDICOSE"",""quantity"":1,""isManualAdjustment"":false,""adjustedByName"":null,""purchaseDate"":""2026-07-19T14:37:06.308Z"",""adjustmentReason"":null,""purchaseRate"":210.5,""purchaseBillId"":""bhRRAkKAOo0qkLvJKDIR""}]",1005147,,
BAIDYANATH SHANKHAPUSHPEE 200ML,1005149,baidyanath shankhapushpee 200ml,10,1,2026-07-22T06:39:51.598Z,1,"[{""quantity"":1,""batchNumber"":""SV MEDICOSE"",""isManualAdjustment"":false,""mrp"":130,""expiryDate"":""2027-08-27T18:30:00.000Z"",""adjustedByName"":null,""purchaseDate"":""2026-07-19T14:37:06.308Z"",""adjustmentReason"":null,""purchaseBillId"":""bhRRAkKAOo0qkLvJKDIR"",""purchaseRate"":103.17}]",1005149,,
BAIDYANATH TRIPHALA CHURNA 50GM,1005151,baidyanath triphala churna 50gm,10,2,2026-07-22T06:39:51.598Z,2,"[{""adjustedByName"":null,""isManualAdjustment"":false,""quantity"":2,""batchNumber"":""SV MEDICOSE"",""mrp"":55,""expiryDate"":""2028-01-27T18:30:00.000Z"",""purchaseDate"":""2026-07-19T14:37:06.308Z"",""purchaseRate"":43.7,""purchaseBillId"":""bhRRAkKAOo0qkLvJKDIR"",""adjustmentReason"":null}]",1005151,,
BAIDYANATH ALOEVERA JUICE 1L,1005153,baidyanath aloevera juice 1l,10,1,2026-07-22T06:39:51.347Z,1,"[{""adjustedByName"":null,""mrp"":250,""expiryDate"":""2027-11-27T18:30:00.000Z"",""isManualAdjustment"":false,""batchNumber"":""P. GEDAR"",""quantity"":1,""purchaseDate"":""2026-07-19T14:37:06.308Z"",""adjustmentReason"":null,""purchaseRate"":194.5,""purchaseBillId"":""bhRRAkKAOo0qkLvJKDIR""}]",1005153,,
BAIDYANATH AMLA JUICE 1L,1005155,baidyanath amla juice 1l,10,1,2026-07-22T06:39:51.442Z,1,"[{""expiryDate"":""2028-02-27T18:30:00.000Z"",""mrp"":230,""batchNumber"":""P. GEDAR"",""isManualAdjustment"":false,""quantity"":1,""adjustedByName"":null,""purchaseRate"":178.57,""adjustmentReason"":null,""purchaseBillId"":""bhRRAkKAOo0qkLvJKDIR"",""purchaseDate"":""2026-07-19T14:37:06.308Z""}]",1005155,,
BAIDYANATH ASHOKAMRIT JUICE 450ML,1005157,baidyanath ashokamrit juice 450ml,10,1,2026-07-22T06:39:51.443Z,1,"[{""adjustedByName"":null,""isManualAdjustment"":false,""quantity"":1,""batchNumber"":""SV MEDICOSE"",""mrp"":295,""expiryDate"":""2034-08-27T18:30:00.000Z"",""purchaseDate"":""2026-07-19T14:37:06.308Z"",""purchaseBillId"":""bhRRAkKAOo0qkLvJKDIR"",""purchaseRate"":219.5,""adjustmentReason"":null}]",1005157,,
BAIDYANATH GILOY TABLETS 60,1005163,baidyanath giloy tablets 60,10,2,2026-07-22T06:39:51.445Z,2,"[{""adjustedByName"":null,""expiryDate"":""2027-04-27T18:30:00.000Z"",""mrp"":150,""isManualAdjustment"":false,""batchNumber"":""SV MEDICOSE"",""quantity"":2,""purchaseDate"":""2026-07-19T14:37:06.308Z"",""purchaseBillId"":""bhRRAkKAOo0qkLvJKDIR"",""purchaseRate"":117.14,""adjustmentReason"":null}]",1005163,,
BAIDYANATH GOKSHURA TABLETS 60N,1005165,baidyanath gokshura tablets 60n,10,2,2026-07-22T06:39:51.530Z,2,"[{""isManualAdjustment"":false,""quantity"":2,""batchNumber"":""SV MEDICOSE"",""mrp"":150,""expiryDate"":""2027-09-27T18:30:00.000Z"",""adjustedByName"":null,""adjustmentReason"":null,""purchaseRate"":117.14,""purchaseBillId"":""bhRRAkKAOo0qkLvJKDIR"",""purchaseDate"":""2026-07-19T14:37:06.308Z""}]",1005165,,
BAIDYANATH KARELA JAMUN 1L,1005167,baidyanath karela jamun 1l,10,1,2026-07-22T06:39:51.531Z,1,"[{""purchaseDate"":""2026-07-19T14:37:06.308Z"",""purchaseBillId"":""bhRRAkKAOo0qkLvJKDIR"",""adjustmentReason"":null,""purchaseRate"":252.33,""batchNumber"":""SV MEDICOSE"",""isManualAdjustment"":false,""quantity"":1,""mrp"":325,""expiryDate"":""2027-02-27T18:30:00.000Z"",""adjustedByName"":null}]",1005167,,
ALEX COLD SYRUP 60ML,1005169,alex cold syrup 60ml,1,2,2026-07-17T10:04:08.606Z,2,"[{""quantity"":2,""adjustmentReason"":null,""purchaseBillId"":""6ay79HpxBVdyHOQ5EL0S"",""purchaseRate"":74.64,""mrp"":104.05,""purchaseDate"":""2026-07-14T06:31:27.837Z"",""adjustedByName"":null,""batchNumber"":"" MEDI BASKET "",""isManualAdjustment"":false,""expiryDate"":""2027-08-31T18:30:00.000Z""}]",1005169,,
ALEX LS SYRUP 100ML,1005171,alex ls syrup 100ml,1,1,2026-07-17T10:04:08.673Z,1,"[{""mrp"":132.18,""purchaseDate"":""2026-07-14T06:31:27.837Z"",""adjustedByName"":null,""quantity"":1,""adjustmentReason"":null,""purchaseBillId"":""6ay79HpxBVdyHOQ5EL0S"",""purchaseRate"":100.71,""expiryDate"":""2027-08-31T18:30:00.000Z"",""batchNumber"":""11251347 MEDI BASKET "",""isManualAdjustment"":false}]",1005171,,
ANOVATE CREAM 20GM,1005173,anovate cream 20gm,1,1,2026-07-21T17:21:36.403Z,1,"[{""adjustmentReason"":null,""purchaseBillId"":""VNM2zTVGrJ4ZaMslUtMG"",""quantity"":1,""batchNumber"":""MEDIBASKET"",""purchaseDate"":""2026-07-18T06:19:24.778Z"",""isManualAdjustment"":false,""expiryDate"":""2027-11-27T18:30:00.000Z"",""mrp"":145.31,""adjustedByName"":null,""purchaseRate"":110.71}]",1005173,,
GLIMESTAR M .05,,glimestar m .05,1,,,,,1005175,,
NASIVION S 10ML,1005177,nasivion s 10ml,1,1,2026-07-22T17:40:09.411Z,1,"[{""purchaseBillId"":""Wb0URARJjcauzq4XREMe"",""purchaseRate"":50.21,""quantity"":1,""adjustedByName"":null,""batchNumber"":""DC"",""mrp"":70.3,""adjustmentReason"":null,""purchaseDate"":""2026-07-16T11:46:43.781Z"",""isManualAdjustment"":false,""expiryDate"":""2027-07-30T18:30:00.000Z""}]",1005177,,
SORBILINE 200ML,1005179,sorbiline 200ml,1,2,2026-07-17T10:04:06.244Z,2,"[{""batchNumber"":""CN0825024 (MEDIBASKET)"",""purchaseDate"":""2026-07-14T06:31:27.837Z"",""purchaseBillId"":""6ay79HpxBVdyHOQ5EL0S"",""expiryDate"":""2028-06-29T18:30:00.000Z"",""mrp"":185.15,""purchaseRate"":132.23,""adjustedByName"":null,""quantity"":2,""adjustmentReason"":null,""isManualAdjustment"":false}]",1005179,,
ALEX L SUSPENSION 100ML,1005181,alex l suspension 100ml,1,2,2026-07-17T10:04:08.527Z,2,"[{""batchNumber"":""11251232 MEDIHUB "",""isManualAdjustment"":false,""expiryDate"":""2027-02-26T18:30:00.000Z"",""quantity"":2,""adjustmentReason"":null,""purchaseBillId"":""6ay79HpxBVdyHOQ5EL0S"",""purchaseRate"":117.87,""mrp"":165,""purchaseDate"":""2026-07-14T06:31:27.837Z"",""adjustedByName"":null}]",1005181,,
BUDECORT 400 ROTACAPS 30,1005183,budecort 400 rotacaps 30,1,1,2026-07-19T16:51:29.484Z,1,"[{""quantity"":1,""batchNumber"":""MEDIHUB"",""purchaseDate"":""2026-07-16T11:46:43.781Z"",""adjustmentReason"":null,""purchaseBillId"":""Wb0URARJjcauzq4XREMe"",""purchaseRate"":171.9,""adjustedByName"":null,""mrp"":225.59,""expiryDate"":""2028-08-30T18:30:00.000Z"",""isManualAdjustment"":false}]",1005183,,
URIKIND KM6 SOLUTION 100ML,1005185,urikind km6 solution 100ml,1,2,2026-07-17T10:04:07.023Z,2,"[{""purchaseDate"":""2026-07-14T06:31:27.837Z"",""adjustedByName"":null,""mrp"":127.05,""purchaseBillId"":""6ay79HpxBVdyHOQ5EL0S"",""adjustmentReason"":null,""purchaseRate"":90.74,""quantity"":2,""expiryDate"":""2027-06-03T18:30:00.000Z"",""isManualAdjustment"":false,""batchNumber"":""MEDIHUB""}]",1005185,,
NEOPRIDE 25 10,,neopride 25 10,1,,,,,1005189,,
PLACIDA,,placida,1,,,,,1005191,,
PILGRIM REDVINE FACE MIST 10ML,1005193,pilgrim redvine face mist 10ml,10,1,2026-07-21T06:24:35.926Z,1,"[{""isManualAdjustment"":false,""expiryDate"":""2028-02-27T18:30:00.000Z"",""mrp"":200,""adjustedByName"":null,""purchaseRate"":47,""purchaseBillId"":""dnjvJhQGytUmyRCPiDsP"",""adjustmentReason"":null,""purchaseDate"":""2026-07-20T16:07:21.820Z"",""batchNumber"":"" A TO Z"",""quantity"":1}]",1005193,,
ECOSPRIN AV 75/20,,ecosprin av 75/20,1,,,,,1005195,,
HANSAPLAST JUMBO WOUND PAD 10,,hansaplast jumbo wound pad 10,1,19,2026-07-21T17:28:11.920Z,19,"[{""expiryDate"":""2027-07-27T18:30:00.000Z"",""isManualAdjustment"":false,""purchaseRate"":7.44,""adjustedByName"":null,""mrp"":10,""purchaseBillId"":""MLZKoBJjUBLJggKAF22A"",""adjustmentReason"":null,""purchaseDate"":""2026-07-18T07:33:44.306Z"",""quantity"":19,""batchNumber"":""""}]",1005201,,
HANSAPLAST REGULAR PATCH 50,,hansaplast regular patch 50,1,22,2026-07-21T17:28:11.920Z,22,"[{""adjustmentReason"":null,""purchaseBillId"":""MLZKoBJjUBLJggKAF22A"",""batchNumber"":"""",""quantity"":22,""purchaseDate"":""2026-07-18T07:33:44.306Z"",""isManualAdjustment"":false,""expiryDate"":""2027-07-27T18:30:00.000Z"",""mrp"":2.5,""adjustedByName"":null,""purchaseRate"":1.86}]",1005203,,
BAIDYANATH BILVA TEL 25ML,1005207,baidyanath bilva tel 25ml,10,2,2026-07-22T06:39:51.444Z,2,"[{""isManualAdjustment"":false,""quantity"":2,""batchNumber"":""SV MEDICOSE"",""mrp"":136,""expiryDate"":""2028-08-27T18:30:00.000Z"",""adjustedByName"":null,""purchaseDate"":""2026-07-19T14:37:06.308Z"",""purchaseBillId"":""bhRRAkKAOo0qkLvJKDIR"",""purchaseRate"":89.95,""adjustmentReason"":null}]",1005207,,
BAIDYANATH MAHANARAYAN TEL 50ML,1005209,baidyanath mahanarayan tel 50ml,10,1,2026-07-22T06:39:51.596Z,1,"[{""purchaseDate"":""2026-07-19T14:37:06.308Z"",""purchaseBillId"":""bhRRAkKAOo0qkLvJKDIR"",""purchaseRate"":69.45,""adjustmentReason"":null,""adjustedByName"":null,""expiryDate"":""2028-05-27T18:30:00.000Z"",""mrp"":105,""isManualAdjustment"":false,""quantity"":1,""batchNumber"":""SV MEDICOSE""}]",1005209,,
BAIDYANATH CHANDRAPRABHA BATI 40,1005212,baidyanath chandraprabha bati 40,10,1,2026-07-22T06:39:51.445Z,1,"[{""purchaseBillId"":""bhRRAkKAOo0qkLvJKDIR"",""adjustmentReason"":null,""purchaseRate"":60.85,""purchaseDate"":""2026-07-19T14:37:06.308Z"",""batchNumber"":""SV MEDICOSE"",""isManualAdjustment"":false,""quantity"":1,""mrp"":92,""expiryDate"":""2030-06-27T18:30:00.000Z"",""adjustedByName"":null}]",1005212,,
BAIDYANATH PRABHAKAR VATI 40,1005214,baidyanath prabhakar vati 40,10,2,2026-07-22T06:39:51.597Z,2,"[{""adjustedByName"":null,""expiryDate"":""2029-12-27T18:30:00.000Z"",""mrp"":127,""quantity"":2,""batchNumber"":""SV MEDICOSE"",""isManualAdjustment"":false,""purchaseBillId"":""bhRRAkKAOo0qkLvJKDIR"",""purchaseRate"":84,""adjustmentReason"":null,""purchaseDate"":""2026-07-19T14:37:06.308Z""}]",1005214,,
KAPIVA SHILAJIT GOLD 10GM,1005216,kapiva shilajit gold 10gm,10,1,2026-07-22T06:39:51.929Z,1,"[{""purchaseRate"":466.2,""purchaseBillId"":""bhRRAkKAOo0qkLvJKDIR"",""adjustmentReason"":null,""purchaseDate"":""2026-07-19T14:37:06.308Z"",""adjustedByName"":null,""expiryDate"":""2027-08-27T18:30:00.000Z"",""mrp"":890,""isManualAdjustment"":false,""batchNumber"":""KHANDELWAL"",""quantity"":1}]",1005216,,
KAPIVA ALOE VERA GEL 150GM,1005217,kapiva aloe vera gel 150gm,10,3,2026-07-22T06:39:52.233Z,3,"[{""expiryDate"":""2027-12-27T18:30:00.000Z"",""mrp"":150,""isManualAdjustment"":false,""quantity"":3,""batchNumber"":""KHANDELWAL"",""adjustedByName"":null,""adjustmentReason"":null,""purchaseRate"":82.62,""purchaseBillId"":""bhRRAkKAOo0qkLvJKDIR"",""purchaseDate"":""2026-07-19T14:37:06.308Z""}]",1005217,,
KAPIVA DIA FREE JUICE 1L,1005218,kapiva dia free juice 1l,10,1,2026-07-22T06:39:52.230Z,1,"[{""isManualAdjustment"":false,""batchNumber"":""KHANDELWAL"",""quantity"":1,""expiryDate"":""2028-03-27T18:30:00.000Z"",""mrp"":562,""adjustedByName"":null,""purchaseRate"":401.42,""purchaseBillId"":""bhRRAkKAOo0qkLvJKDIR"",""adjustmentReason"":null,""purchaseDate"":""2026-07-19T14:37:06.308Z""}]",1005218,,
KAPIVA LIVER CARE JUICE 1L,1005219,kapiva liver care juice 1l,10,1,2026-07-22T06:39:52.228Z,1,"[{""isManualAdjustment"":false,""batchNumber"":""KHANDELWAL"",""quantity"":1,""expiryDate"":""2027-05-27T18:30:00.000Z"",""mrp"":655,""adjustedByName"":null,""purchaseDate"":""2026-07-19T14:37:06.308Z"",""purchaseRate"":467.85,""adjustmentReason"":null,""purchaseBillId"":""bhRRAkKAOo0qkLvJKDIR""}]",1005219,,
LULIFORD LOTION 15ML,1005223,luliford lotion 15ml,1,3,2026-07-23T07:11:41.951Z,3,"[{""adjustmentReason"":null,""mrp"":150,""adjustedByName"":null,""batchNumber"":""DIVFORD HEALTHCARE"",""purchaseBillId"":""sIBrxawP5tddMZN0yUmB"",""purchaseRate"":42.86,""quantity"":3,""expiryDate"":""2027-10-27T18:30:00.000Z"",""isManualAdjustment"":false,""purchaseDate"":""2026-07-17T15:06:47.110Z""}]",1005223,,
UNIENZYM DROP 15ML,1005225,unienzym drop 15ml,1,3,2026-07-19T12:27:31.614Z,3,"[{""purchaseBillId"":""iWGAUP8RNvmP0LcHYz2w"",""adjustmentReason"":null,""purchaseDate"":""2026-07-16T15:54:16.728Z"",""quantity"":3,""batchNumber"":""DIVFORD"",""expiryDate"":""2027-01-30T18:30:00.000Z"",""isManualAdjustment"":false,""adjustedByName"":null,""mrp"":123,""purchaseRate"":41.9}]",1005225,,
UNIENZYME SYP 200ML,1005226,unienzyme syp 200ml,1,2,2026-07-17T10:04:06.658Z,2,"[{""batchNumber"":""410725-UN DIVFORD"",""isManualAdjustment"":false,""expiryDate"":""2026-11-30T18:30:00.000Z"",""quantity"":2,""adjustmentReason"":null,""purchaseBillId"":""6ay79HpxBVdyHOQ5EL0S"",""purchaseRate"":68.2,""mrp"":170,""adjustedByName"":null,""purchaseDate"":""2026-07-14T06:31:27.837Z""}]",1005226,,
WATER BOTTLE 2LTR 2LTR,1005231,water bottle 2ltr 2ltr,10,7,2026-07-21T12:45:23.357Z,7,"[{""quantity"":7,""batchNumber"":"""",""purchaseDate"":""2026-07-20T11:44:41.155Z"",""adjustmentReason"":null,""purchaseBillId"":""DpRyosVyLI5rlWmgtOFb"",""mrp"":30,""adjustedByName"":null,""purchaseRate"":16.6,""isManualAdjustment"":false,""expiryDate"":""2027-07-27T18:30:00.000Z""}]",1005231,,
CETAPHIL DAM LOTION 100GM,,cetaphil dam lotion 100gm,1,,,,,1005233,,
CETAPHIL MOIST LOTION 250ML,,cetaphil moist lotion 250ml,1,1,2026-07-21T06:24:36.407Z,1,"[{""adjustmentReason"":null,""purchaseBillId"":""dnjvJhQGytUmyRCPiDsP"",""quantity"":1,""batchNumber"":""EYE DERMA "",""purchaseDate"":""2026-07-20T16:07:21.820Z"",""expiryDate"":""2027-07-27T18:30:00.000Z"",""isManualAdjustment"":false,""adjustedByName"":null,""mrp"":1299,""purchaseRate"":880.86}]",1005235,,
CETAPHIL OILY CLEANSER 250ML,,cetaphil oily cleanser 250ml,1,,,,,1005237,,
ISOPHIN CAP,,isophin cap,1,,,,,1005241,,
ADALENE NANO GEL A 15GM,1005243,adalene nano gel a 15gm,1,1,2026-07-21T17:21:36.686Z,1,"[{""batchNumber"":""ANILA"",""quantity"":1,""purchaseDate"":""2026-07-18T06:19:24.778Z"",""adjustmentReason"":null,""purchaseBillId"":""VNM2zTVGrJ4ZaMslUtMG"",""purchaseRate"":289.93,""mrp"":405.9,""adjustedByName"":null,""isManualAdjustment"":false,""expiryDate"":""2027-03-27T18:30:00.000Z""}]",1005243,,
TRANOSTAT MF,,tranostat mf,1,,,,,1005245,,
SENSODYNE SENSITIVE BRUSH 2+1 1,1005247,sensodyne sensitive brush 2+1 1,10,4,2026-07-19T10:13:23.581Z,4,"[{""batchNumber"":""VN SUPPLIES"",""quantity"":4,""purchaseDate"":""2026-07-18T16:34:09.706Z"",""adjustmentReason"":null,""purchaseBillId"":""xiMCJHYWelCBQ90mlTTr"",""purchaseRate"":87.48,""adjustedByName"":null,""mrp"":124,""isManualAdjustment"":false,""expiryDate"":""2027-07-27T18:30:00.000Z""}]",1005247,,
CORTEL M 25,,cortel m 25,1,,,,,1005252,,
TROPAN 5MG,,tropan 5mg,1,,,,,1005254,,
VOLSTAR 20,,volstar 20,1,,,,,1005256,,
LIVOGEN Z,,livogen z,1,,,,,1005258,,
PIO TUBE OINTMENT 30GM,1005260,pio tube ointment 30gm,1,1,2026-07-21T17:21:36.404Z,1,"[{""isManualAdjustment"":false,""expiryDate"":""2027-10-27T18:30:00.000Z"",""adjustedByName"":null,""mrp"":304.22,""purchaseRate"":231.79,""purchaseBillId"":""VNM2zTVGrJ4ZaMslUtMG"",""adjustmentReason"":null,""purchaseDate"":""2026-07-18T06:19:24.778Z"",""batchNumber"":""DC"",""quantity"":1}]",1005260,,
BONEMAC D3,,bonemac d3,1,,,,,1005262,,
MILDY SHAMPOO 100ML,1005276,mildy shampoo 100ml,10,1,2026-07-21T12:45:23.977Z,1,"[{""purchaseBillId"":""DpRyosVyLI5rlWmgtOFb"",""adjustmentReason"":null,""purchaseDate"":""2026-07-20T11:44:41.155Z"",""batchNumber"":""MEDIHUB "",""quantity"":1,""isManualAdjustment"":false,""expiryDate"":""2027-02-27T18:30:00.000Z"",""purchaseRate"":152.38,""adjustedByName"":null,""mrp"":225}]",1005276,,
PROTINEX DIABATES JAR 400GM,1005278,protinex diabates jar 400gm,1,1,2026-07-19T15:49:17.201Z,1,"[{""adjustmentReason"":null,""purchaseBillId"":""741nuHnyq2HPzUHwPany"",""batchNumber"":""SUNIL"",""quantity"":1,""purchaseDate"":""2026-07-16T14:35:03.825Z"",""isManualAdjustment"":false,""expiryDate"":""2027-01-30T18:30:00.000Z"",""purchaseRate"":563.9,""adjustedByName"":null,""mrp"":675}]",1005278,,
CETAPHIL MOISTURISING CREAM 80GM,,cetaphil moisturising cream 80gm,1,,,,,1005280,,
VOCAB 20,,vocab 20,1,,,,,1005283,,
GANATON 50,,ganaton 50,1,,,,,1005285,,
LESURIDE 25,,lesuride 25,1,,,,,1005287,,
VOGLI RAPID 0.3/0.5,,vogli rapid 0.3/0.5,1,,,,,1005289,,
MELACARE AJANTA 15GM,1005292,melacare ajanta 15gm,1,1,2026-07-21T17:21:36.586Z,1,"[{""purchaseBillId"":""VNM2zTVGrJ4ZaMslUtMG"",""adjustmentReason"":null,""purchaseDate"":""2026-07-18T06:19:24.778Z"",""quantity"":1,""batchNumber"":""DIV"",""isManualAdjustment"":false,""expiryDate"":""2027-04-27T18:30:00.000Z"",""purchaseRate"":26.67,""adjustedByName"":null,""mrp"":274}]",1005292,,
WHO ORS POWDER 22.2GM,1005294,who ors powder 22.2gm,1,18,2026-07-21T17:28:12.017Z,18,"[{""expiryDate"":""2027-07-27T18:30:00.000Z"",""isManualAdjustment"":false,""adjustedByName"":null,""mrp"":23,""purchaseRate"":17.93,""purchaseBillId"":""MLZKoBJjUBLJggKAF22A"",""adjustmentReason"":null,""purchaseDate"":""2026-07-18T07:33:44.306Z"",""quantity"":18,""batchNumber"":""""}]",1005294,,
LOREAL DREAM LENGHTS 71.5ML,1005297,loreal dream lenghts 71.5ml,10,1,2026-07-21T12:45:24.258Z,1,"[{""adjustmentReason"":null,""purchaseBillId"":""DpRyosVyLI5rlWmgtOFb"",""batchNumber"":""TWENTY PLUS "",""quantity"":1,""purchaseDate"":""2026-07-20T11:44:41.155Z"",""expiryDate"":""2028-02-27T18:30:00.000Z"",""isManualAdjustment"":false,""purchaseRate"":91.68,""adjustedByName"":null,""mrp"":119}]",1005297,,
GARNIER BC SERUM CLEANSER 50ML,,garnier bc serum cleanser 50ml,1,,,,,1005300,,
GARNIER FC VITAMIN C 50GM,,garnier fc vitamin c 50gm,1,,,,,1005302,,
GARNIER MEN OIL CLEAR 50GM,,garnier men oil clear 50gm,1,,,,,1005304,,
GARNIER MEN TURBO BRIGHT 50GM,,garnier men turbo bright 50gm,1,,,,,1005306,,
GARNIER MEN DUO FOAM 50GM,,garnier men duo foam 50gm,1,,,,,1005308,,
COVERSYL AM 8/5,,coversyl am 8/5,1,,,,,1005310,,
BILANTA M 20/10,,bilanta m 20/10,1,,,,,1005314,,
CIPLOX 250MG,,ciplox 250mg,1,,,,,1005316,,
AMLOKIND 10,,amlokind 10,1,,,,,1005325,,
AMLOKIND 2.5 MG 30,,amlokind 2.5 mg 30,1,,,,,1005327,,
AMLOKIND AT 15,,amlokind at 15,1,,,,,1005329,,
NITROBEST 100,,nitrobest 100,1,,,,,1005331,,
TELMA BETA  50,,telma beta  50,1,,,,,1005333,,
ENCORATE 300,,encorate 300,1,,,,,1005335,,
ENCORATE CHRONO 400,,encorate chrono 400,1,,,,,1005337,,
ENCORATE CHRONO 300,,encorate chrono 300,1,,,,,1005339,,
ZANDU BALM 25ML,1005341,zandu balm 25ml,10,1,2026-07-19T15:49:17.557Z,1,"[{""adjustedByName"":null,""mrp"":118,""purchaseRate"":102,""expiryDate"":""2028-11-27T18:30:00.000Z"",""isManualAdjustment"":false,""batchNumber"":""CHIRAYU"",""quantity"":1,""purchaseDate"":""2026-07-16T14:35:03.825Z"",""adjustmentReason"":null,""purchaseBillId"":""741nuHnyq2HPzUHwPany""}]",1005341,,
HONEY 100GM,1005343,honey 100gm,10,2,2026-07-22T06:39:51.663Z,2,"[{""adjustedByName"":null,""expiryDate"":""2027-07-27T18:30:00.000Z"",""mrp"":55,""isManualAdjustment"":false,""quantity"":2,""batchNumber"":""GUPTA CO"",""purchaseDate"":""2026-07-19T14:37:06.308Z"",""purchaseRate"":40,""adjustmentReason"":null,""purchaseBillId"":""bhRRAkKAOo0qkLvJKDIR""}]",1005343,,
ORONEO XT,,oroneo xt,1,,,,,1005351,,
FLORITA CAP,,florita cap,1,,,,,1005355,,
MINOZ ER 45 10,,minoz er 45 10,1,,,,,1005357,,
GRILINCTUS LS 100ML,1005359,grilinctus ls 100ml,1,1,2026-07-17T10:04:08.389Z,1,"[{""isManualAdjustment"":false,""batchNumber"":""S1886005 MEDI BASKET "",""expiryDate"":""2027-05-31T18:30:00.000Z"",""purchaseRate"":104.23,""purchaseBillId"":""6ay79HpxBVdyHOQ5EL0S"",""adjustmentReason"":null,""quantity"":1,""purchaseDate"":""2026-07-14T06:31:27.837Z"",""adjustedByName"":null,""mrp"":136.8}]",1005359,,
DR.BONNE STEEL MINI 125ML,1005363,dr.bonne steel mini 125ml,10,5,2026-07-22T06:41:03.394Z,5,"[{""quantity"":5,""batchNumber"":""GUPTA CO"",""isManualAdjustment"":false,""expiryDate"":""2027-07-27T18:30:00.000Z"",""mrp"":485,""adjustedByName"":null,""purchaseDate"":""2026-07-19T14:37:06.308Z"",""adjustmentReason"":null,""purchaseBillId"":""bhRRAkKAOo0qkLvJKDIR"",""purchaseRate"":290}]",1005363,,
SOFRAMYCIN ANTISEPTIC SOLUTION 100ML,1005365,soframycin antiseptic solution 100ml,1,3,2026-07-23T07:11:41.950Z,3,"[{""isManualAdjustment"":false,""purchaseDate"":""2026-07-17T15:06:47.110Z"",""expiryDate"":""2021-01-27T18:30:00.000Z"",""adjustedByName"":null,""batchNumber"":""MEDIBASKET "",""adjustmentReason"":null,""mrp"":99,""quantity"":1,""purchaseBillId"":""sIBrxawP5tddMZN0yUmB"",""purchaseRate"":70.71},{""purchaseBillId"":""sIBrxawP5tddMZN0yUmB"",""purchaseRate"":70.71,""quantity"":2,""adjustedByName"":null,""batchNumber"":""MEDIBASKET "",""adjustmentReason"":null,""mrp"":99,""isManualAdjustment"":false,""purchaseDate"":""2026-07-17T15:06:47.110Z"",""expiryDate"":""2027-01-27T18:30:00.000Z""}]",1005365,,
AZIKEM 250,,azikem 250,1,,,,,1005367,,
HIMALAYA RUMALAYA FORTE TAB 30,,himalaya rumalaya forte tab 30,1,,,,,1005375,,
HIMALAYA BABY KIT BIG 1,1005377,himalaya baby kit big 1,10,1,2026-07-22T06:39:50.949Z,1,"[{""adjustedByName"":null,""mrp"":1440,""expiryDate"":""2027-07-27T18:30:00.000Z"",""isManualAdjustment"":false,""quantity"":1,""batchNumber"":""?"",""purchaseRate"":662,""purchaseBillId"":""bhRRAkKAOo0qkLvJKDIR"",""adjustmentReason"":null,""purchaseDate"":""2026-07-19T14:37:06.308Z""}]",1005377,,
ELTROXIN 88MCG 60,1005379,eltroxin 88mcg 60,10,2,2026-07-21T17:28:12.884Z,2,"[{""purchaseBillId"":""MLZKoBJjUBLJggKAF22A"",""adjustmentReason"":null,""purchaseDate"":""2026-07-18T07:33:44.306Z"",""quantity"":2,""batchNumber"":""MEDIBASKET "",""isManualAdjustment"":false,""expiryDate"":""2026-08-27T18:30:00.000Z"",""mrp"":110.21,""adjustedByName"":null,""purchaseRate"":78.72}]",1005379,,
NASIVION CLASSIC ADULT 10ML,1005383,nasivion classic adult 10ml,1,2,2026-07-19T16:51:29.244Z,2,"[{""purchaseRate"":85.65,""mrp"":112.41,""adjustedByName"":null,""isManualAdjustment"":false,""expiryDate"":""2028-08-30T18:30:00.000Z"",""purchaseDate"":""2026-07-16T11:46:43.781Z"",""quantity"":2,""batchNumber"":""MEDIBASKET"",""purchaseBillId"":""Wb0URARJjcauzq4XREMe"",""adjustmentReason"":null}]",1005383,,
NASIVION MINI BABY DROP 10ML,1005385,nasivion mini baby drop 10ml,1,1,2026-07-19T16:51:29.318Z,1,"[{""adjustmentReason"":null,""purchaseBillId"":""Wb0URARJjcauzq4XREMe"",""quantity"":1,""batchNumber"":""MEDIBASKET"",""purchaseDate"":""2026-07-16T11:46:43.781Z"",""expiryDate"":""2028-12-30T18:30:00.000Z"",""isManualAdjustment"":false,""purchaseRate"":71.82,""mrp"":94.26,""adjustedByName"":null}]",1005385,,
DULCOFLEX 5MG,,dulcoflex 5mg,1,60,2026-07-23T07:11:43.467Z,60,"[{""purchaseRate"":14.87,""quantity"":60,""purchaseBillId"":""sIBrxawP5tddMZN0yUmB"",""adjustmentReason"":null,""mrp"":19,""adjustedByName"":null,""batchNumber"":""DLA25076 DC"",""expiryDate"":""2027-07-27T18:30:00.000Z"",""isManualAdjustment"":false,""purchaseDate"":""2026-07-17T15:06:47.110Z""}]",1005387,,
ZIMIVIR 500,,zimivir 500,1,,,,,1005389,,
DUREX INVISIBLE 003 3,1005393,durex invisible 003 3,10,1,2026-07-22T11:31:20.911Z,1,"[{""isManualAdjustment"":false,""purchaseDate"":""2026-07-18T07:33:44.306Z"",""expiryDate"":""2030-01-27T18:30:00.000Z"",""batchNumber"":""ITI ENTERNATIONAL"",""adjustedByName"":null,""adjustmentReason"":null,""mrp"":180,""purchaseBillId"":""MLZKoBJjUBLJggKAF22A"",""purchaseRate"":165.83,""quantity"":1}]",1005393,,
DUREX 10,,durex 10,1,,,,,1005395,,
LEVOLIN 0.31MG RESPULES 2.5ML,1005397,levolin 0.31mg respules 2.5ml,10,3,2026-07-21T15:59:10.495Z,3,"[{""adjustmentReason"":null,""purchaseBillId"":""Jgat3IieqMJG7Pua1kp5"",""quantity"":3,""batchNumber"":""ANILA MEDICAL "",""purchaseDate"":""2026-07-21T15:14:34.744Z"",""isManualAdjustment"":false,""expiryDate"":""2027-11-27T18:30:00.000Z"",""purchaseRate"":30.78,""adjustedByName"":null,""mrp"":40.38}]",1005397,,
LEVOLIN 0.63MG RESPULES 2.5ML,1005398,levolin 0.63mg respules 2.5ml,10,3,2026-07-21T15:59:10.495Z,3,"[{""expiryDate"":""2027-09-27T18:30:00.000Z"",""isManualAdjustment"":false,""purchaseRate"":37.02,""mrp"":48.6,""adjustedByName"":null,""adjustmentReason"":null,""purchaseBillId"":""Jgat3IieqMJG7Pua1kp5"",""quantity"":3,""batchNumber"":""ANILA MEDICAL "",""purchaseDate"":""2026-07-21T15:14:34.744Z""}]",1005398,,
LEVOLIN ROTACAPS 30,1005402,levolin rotacaps 30,1,1,2026-07-19T16:51:29.421Z,1,"[{""expiryDate"":""2027-07-16T12:39:09.024Z"",""isManualAdjustment"":false,""adjustedByName"":null,""mrp"":41.88,""purchaseRate"":31.91,""purchaseBillId"":""Wb0URARJjcauzq4XREMe"",""adjustmentReason"":null,""purchaseDate"":""2026-07-16T11:46:43.781Z"",""quantity"":1,""batchNumber"":""MEDIBASKET""}]",1005402,,
MOX 250 CAP 15,,mox 250 cap 15,1,,,,,1005404,,
NAPROSYN 500+ 15,,naprosyn 500+ 15,1,,,,,1005406,,
TORMOXIN CV 375,,tormoxin cv 375,1,,,,,1005416,,
CETOGLY LOTION 75ML,1005422,cetogly lotion 75ml,10,2,2026-07-21T06:24:36.020Z,2,"[{""expiryDate"":""2027-07-27T18:30:00.000Z"",""isManualAdjustment"":false,""purchaseRate"":129.52,""mrp"":170,""adjustedByName"":null,""purchaseBillId"":""dnjvJhQGytUmyRCPiDsP"",""adjustmentReason"":null,""purchaseDate"":""2026-07-20T16:07:21.820Z"",""quantity"":2,""batchNumber"":""KOTHARI ""}]",1005422,,
EMPAZIO SM 25/100/1000,,empazio sm 25/100/1000,1,,,,,1005426,,
PREGABANYL NT,,pregabanyl nt,1,,,,,1005428,,
GUDCEF 200,,gudcef 200,1,,,,,1005434,,
GUDCEF CV 200,,gudcef cv 200,1,,,,,1005436,,
NAPROSYN 205+ 15,,naprosyn 205+ 15,1,,,,,1005438,,
MONTEWOK LC 10,,montewok lc 10,1,,,,,1005440,,
OMNACORTIL 30MG,,omnacortil 30mg,1,,,,,1005442,,
SHELCAL HD,,shelcal hd,1,,,,,1005448,,
DONEP 10,,donep 10,1,,,,,1005450,,
ERITEL 40MG,,eritel 40mg,1,,,,,1005452,,
ERITEL AM,,eritel am,1,,,,,1005454,,
KAPIVA BP CARE 1LITRE,1005456,kapiva bp care 1litre,10,1,2026-07-22T06:39:52.231Z,1,"[{""purchaseDate"":""2026-07-19T14:37:06.308Z"",""purchaseRate"":609,""purchaseBillId"":""bhRRAkKAOo0qkLvJKDIR"",""adjustmentReason"":null,""adjustedByName"":null,""expiryDate"":""2027-06-27T18:30:00.000Z"",""mrp"":983,""batchNumber"":""KHANDELWAL"",""quantity"":1,""isManualAdjustment"":false}]",1005456,,
PILORUTE TUBE CREAM 30GM,1005458,pilorute tube cream 30gm,1,1,2026-07-21T17:21:36.404Z,1,"[{""adjustmentReason"":null,""purchaseBillId"":""VNM2zTVGrJ4ZaMslUtMG"",""quantity"":1,""batchNumber"":""DC"",""purchaseDate"":""2026-07-18T06:19:24.778Z"",""expiryDate"":""2026-12-27T18:30:00.000Z"",""isManualAdjustment"":false,""purchaseRate"":137.41,""mrp"":180.35,""adjustedByName"":null}]",1005458,,
ZOCON 200MG,,zocon 200mg,1,,,,,1005460,,
AZIKEM 500MG,,azikem 500mg,1,,,,,1005462,,
HARA MALHAM 50GM,1005470,hara malham 50gm,10,2,2026-07-19T15:49:17.451Z,2,"[{""isManualAdjustment"":false,""expiryDate"":""2028-07-27T18:30:00.000Z"",""mrp"":80,""adjustedByName"":null,""purchaseRate"":48,""purchaseBillId"":""741nuHnyq2HPzUHwPany"",""adjustmentReason"":null,""purchaseDate"":""2026-07-16T14:35:03.825Z"",""batchNumber"":"""",""quantity"":2}]",1005470,,
NEOSPORIN H EAR DROP 5ML,1005476,neosporin h ear drop 5ml,1,1,2026-07-19T16:51:29.242Z,1,"[{""expiryDate"":""2027-02-27T18:30:00.000Z"",""isManualAdjustment"":false,""purchaseRate"":77.37,""adjustedByName"":null,""mrp"":101.55,""adjustmentReason"":null,""purchaseBillId"":""Wb0URARJjcauzq4XREMe"",""quantity"":1,""batchNumber"":""R181 (ANILA)"",""purchaseDate"":""2026-07-16T11:46:43.781Z""}]",1005476,,
THERMOSEAL PROXA WS BRUSHES 1,1005480,thermoseal proxa ws brushes 1,10,2,2026-07-19T10:13:28.221Z,2,"[{""purchaseDate"":""2026-07-18T16:34:09.706Z"",""batchNumber"":""ANILA"",""quantity"":2,""purchaseBillId"":""xiMCJHYWelCBQ90mlTTr"",""adjustmentReason"":null,""mrp"":150,""adjustedByName"":null,""purchaseRate"":114.29,""isManualAdjustment"":false,""expiryDate"":""2030-06-27T18:30:00.000Z""}]",1005480,,
SHREE JAL 12G,1005482,shree jal 12g,10,24,2026-07-21T17:28:12.223Z,24,"[{""mrp"":15,""adjustedByName"":null,""purchaseRate"":12,""expiryDate"":""2028-04-27T18:30:00.000Z"",""isManualAdjustment"":false,""purchaseDate"":""2026-07-18T07:33:44.306Z"",""quantity"":24,""batchNumber"":"""",""purchaseBillId"":""MLZKoBJjUBLJggKAF22A"",""adjustmentReason"":null}]",1005482,,
SHREE JAL NIMBU 15G,1005484,shree jal nimbu 15g,10,3,2026-07-21T17:28:12.224Z,3,"[{""purchaseRate"":8,""mrp"":10,""adjustedByName"":null,""isManualAdjustment"":false,""expiryDate"":""2027-01-27T18:30:00.000Z"",""quantity"":3,""batchNumber"":"""",""purchaseDate"":""2026-07-18T07:33:44.306Z"",""adjustmentReason"":null,""purchaseBillId"":""MLZKoBJjUBLJggKAF22A""}]",1005484,,
MIKACIN 500MG VIAL 2ML,1005496,mikacin 500mg vial 2ml,10,1,2026-07-21T15:59:08.365Z,1,"[{""purchaseBillId"":""Jgat3IieqMJG7Pua1kp5"",""adjustmentReason"":null,""purchaseDate"":""2026-07-21T15:14:34.744Z"",""batchNumber"":""DC AGENCIES "",""quantity"":1,""expiryDate"":""2028-09-27T18:30:00.000Z"",""isManualAdjustment"":false,""purchaseRate"":88.18,""mrp"":115.73,""adjustedByName"":null}]",1005496,,
CEFIX 200,,cefix 200,1,,,,,1005498,,
RENEXT D,,renext d,1,,,,,1005500,,
ECOSPRIN 75/40,,ecosprin 75/40,1,,,,,1005502,,
POWERFLAM MR,,powerflam mr,1,,,,,1005504,,
PROLIDON GARGLE 100ML,1005509,prolidon gargle 100ml,10,2,2026-07-22T11:14:22.288Z,2,"[{""batchNumber"":""DIVFORD  HEALTHCRAE"",""adjustedByName"":null,""adjustmentReason"":null,""mrp"":190.31,""quantity"":2,""purchaseBillId"":""x7gQ1sPaC4imakdKE15v"",""purchaseRate"":32.38,""isManualAdjustment"":false,""purchaseDate"":""2026-07-21T13:09:59.408Z"",""expiryDate"":""2027-04-27T18:30:00.000Z""}]",1005509,,
PROLIDON SOLUTION 100ML,1005510,prolidon solution 100ml,1,6,2026-07-23T07:11:41.950Z,6,"[{""quantity"":6,""purchaseBillId"":""sIBrxawP5tddMZN0yUmB"",""purchaseRate"":26,""batchNumber"":""DIVFORD HEALTHCARE"",""adjustedByName"":null,""adjustmentReason"":null,""mrp"":49.82,""isManualAdjustment"":false,""purchaseDate"":""2026-07-17T15:06:47.110Z"",""expiryDate"":""2027-08-27T18:30:00.000Z""}]",1005510,,
PANTADRAM PLUS 15GM,1005511,pantadram plus 15gm,1,2,2026-07-21T17:21:36.501Z,2,"[{""expiryDate"":""2027-07-27T18:30:00.000Z"",""isManualAdjustment"":false,""purchaseRate"":15.24,""adjustedByName"":null,""mrp"":111,""adjustmentReason"":null,""purchaseBillId"":""VNM2zTVGrJ4ZaMslUtMG"",""batchNumber"":""DIV"",""quantity"":2,""purchaseDate"":""2026-07-18T06:19:24.778Z""}]",1005511,,
PROBIOSURE,,probiosure,1,,,,,1005515,,
ALKEMOX CV 625 10,,alkemox cv 625 10,1,,,,,1005516,,
CEFACLASS 50 SYP. 30ML,1005518,cefaclass 50 syp. 30ml,1,3,2026-07-23T07:11:41.206Z,3,"[{""purchaseBillId"":""sIBrxawP5tddMZN0yUmB"",""quantity"":3,""purchaseRate"":27,""adjustedByName"":null,""batchNumber"":""DIVFORD HEALTHCARE"",""adjustmentReason"":null,""mrp"":55.37,""isManualAdjustment"":false,""purchaseDate"":""2026-07-17T15:06:47.110Z"",""expiryDate"":""2027-12-27T18:30:00.000Z""}]",1005518,,
CETRIDOC SYP. 60ML,1005519,cetridoc syp. 60ml,1,6,2026-07-23T07:11:41.098Z,6,"[{""adjustmentReason"":null,""mrp"":42.2,""batchNumber"":""DIVFORD HEALTHCARE"",""adjustedByName"":null,""quantity"":6,""purchaseRate"":16.67,""purchaseBillId"":""sIBrxawP5tddMZN0yUmB"",""expiryDate"":""2027-09-27T18:30:00.000Z"",""isManualAdjustment"":false,""purchaseDate"":""2026-07-17T15:06:47.110Z""}]",1005519,,
FLUMONT LC KID SYP. 60ML,1005521,flumont lc kid syp. 60ml,1,3,2026-07-23T07:11:40.950Z,3,"[{""isManualAdjustment"":false,""purchaseDate"":""2026-07-17T15:06:47.110Z"",""expiryDate"":""2027-10-27T18:30:00.000Z"",""purchaseBillId"":""sIBrxawP5tddMZN0yUmB"",""quantity"":3,""purchaseRate"":22.86,""adjustedByName"":null,""batchNumber"":""MEDIBASKET "",""adjustmentReason"":null,""mrp"":131.25}]",1005521,,
MAXOFEN MR 10,,maxofen mr 10,1,,,,,1005523,,
MOXIF E/D 10ML,1005524,moxif e/d 10ml,1,1,2026-07-19T16:51:29.137Z,1,"[{""adjustedByName"":null,""mrp"":142.87,""purchaseRate"":12.95,""expiryDate"":""2027-07-16T11:49:32.976Z"",""isManualAdjustment"":false,""quantity"":1,""batchNumber"":"""",""purchaseDate"":""2026-07-16T11:46:43.781Z"",""adjustmentReason"":null,""purchaseBillId"":""Wb0URARJjcauzq4XREMe""}]",1005524,,
NOSCARS 20GM,1005526,noscars 20gm,1,1,2026-07-21T17:21:36.503Z,1,"[{""purchaseDate"":""2026-07-18T06:19:24.778Z"",""quantity"":1,""batchNumber"":""DIV"",""purchaseBillId"":""VNM2zTVGrJ4ZaMslUtMG"",""adjustmentReason"":null,""purchaseRate"":142.86,""mrp"":253,""adjustedByName"":null,""expiryDate"":""2028-04-27T18:30:00.000Z"",""isManualAdjustment"":false}]",1005526,,
RONEMOX 500 CAP,,ronemox 500 cap,1,,,,,1005528,,
TONIKEM GOLD,,tonikem gold,1,,,,,1005529,,
CHORONEX TAB 10,,choronex tab 10,1,,,,,1005530,,
ZINCIWELL SYP. 100ML,1005531,zinciwell syp. 100ml,1,1,2026-07-17T10:04:06.724Z,1,"[{""mrp"":154.68,""adjustedByName"":null,""purchaseDate"":""2026-07-14T06:31:27.837Z"",""quantity"":1,""adjustmentReason"":null,""purchaseBillId"":""6ay79HpxBVdyHOQ5EL0S"",""purchaseRate"":40,""expiryDate"":""2026-12-01T18:30:00.000Z"",""batchNumber"":""DIVFORD "",""isManualAdjustment"":false}]",1005531,,
AZIKIND 100XL SUS. 30ML,,azikind 100xl sus. 30ml,1,6,2026-07-23T07:11:40.803Z,6,"[{""isManualAdjustment"":false,""purchaseDate"":""2026-07-17T15:06:47.110Z"",""expiryDate"":""2027-10-27T18:30:00.000Z"",""batchNumber"":""DIVFORD HEALTHCARE "",""adjustedByName"":null,""adjustmentReason"":null,""mrp"":90.74,""purchaseRate"":32,""quantity"":6,""purchaseBillId"":""sIBrxawP5tddMZN0yUmB""}]",1005532,,
AZIKIND 200XL SUS. 30ML,,azikind 200xl sus. 30ml,1,6,2026-07-23T07:11:40.803Z,6,"[{""adjustedByName"":null,""batchNumber"":""DIVFORD HEALTHCARE"",""mrp"":108.72,""adjustmentReason"":null,""purchaseRate"":44,""quantity"":6,""purchaseBillId"":""sIBrxawP5tddMZN0yUmB"",""purchaseDate"":""2026-07-17T15:06:47.110Z"",""isManualAdjustment"":false,""expiryDate"":""2027-09-27T18:30:00.000Z""}]",1005533,,
CEFACLASS 100 SYP. 60ML,1005534,cefaclass 100 syp. 60ml,1,6,2026-07-23T07:11:41.296Z,6,"[{""expiryDate"":""2029-11-27T18:30:00.000Z"",""purchaseDate"":""2026-07-17T15:06:47.110Z"",""isManualAdjustment"":false,""purchaseBillId"":""sIBrxawP5tddMZN0yUmB"",""purchaseRate"":34,""quantity"":6,""mrp"":76.26,""adjustmentReason"":null,""adjustedByName"":null,""batchNumber"":""MEDIBASKET ""}]",1005534,,
EVIM 400,,evim 400,1,,,,,1005538,,
BINAFIDE 0.5 RES. 5,1005541,binafide 0.5 res. 5,10,2,2026-07-21T15:59:10.494Z,2,"[{""purchaseRate"":8.1,""adjustedByName"":null,""mrp"":127,""isManualAdjustment"":false,""expiryDate"":""2027-08-27T18:30:00.000Z"",""purchaseDate"":""2026-07-21T15:14:34.744Z"",""batchNumber"":""DIVFORD HEALTHCARE "",""quantity"":2,""purchaseBillId"":""Jgat3IieqMJG7Pua1kp5"",""adjustmentReason"":null}]",1005541,,
BINAFIDE DUO RES. 5,1005542,binafide duo res. 5,10,1,2026-07-21T15:59:10.493Z,1,"[{""isManualAdjustment"":false,""expiryDate"":""2027-08-27T18:30:00.000Z"",""adjustedByName"":null,""mrp"":248.8,""purchaseRate"":10,""purchaseBillId"":""Jgat3IieqMJG7Pua1kp5"",""adjustmentReason"":null,""purchaseDate"":""2026-07-21T15:14:34.744Z"",""quantity"":1,""batchNumber"":""DIVFORD HEALTHCARE ""}]",1005542,,
BINAFIDE F RES. 5,1005545,binafide f res. 5,10,1,2026-07-21T15:59:08.368Z,1,"[{""mrp"":288.25,""adjustedByName"":null,""purchaseRate"":14.76,""isManualAdjustment"":false,""expiryDate"":""2027-08-27T18:30:00.000Z"",""purchaseDate"":""2026-07-21T15:14:34.744Z"",""batchNumber"":""DIVFORD HEALTHCARE "",""quantity"":1,""purchaseBillId"":""Jgat3IieqMJG7Pua1kp5"",""adjustmentReason"":null}]",1005545,,
CORDINE DX 100ML,1005546,cordine dx 100ml,1,0,2026-07-17T10:03:59.929Z,0,[],1005546,,
CORDINE LS JUNIOR 60ML,1005549,cordine ls junior 60ml,1,3,2026-07-23T07:11:41.415Z,3,"[{""purchaseDate"":""2026-07-17T15:06:47.110Z"",""isManualAdjustment"":false,""expiryDate"":""2027-07-27T18:30:00.000Z"",""quantity"":3,""purchaseBillId"":""sIBrxawP5tddMZN0yUmB"",""purchaseRate"":24.76,""batchNumber"":""DC AGENCIES "",""adjustedByName"":null,""mrp"":89.05,""adjustmentReason"":null}]",1005549,,
TORTHROCIN 500,,torthrocin 500,1,,,,,1005550,,
NICARDIA RT 10,,nicardia rt 10,1,,,,,1005553,,
MOXICIP E/D 5ML,1005560,moxicip e/d 5ml,1,1,2026-07-17T10:04:11.236Z,1,"[{""expiryDate"":""2027-07-31T18:30:00.000Z"",""isManualAdjustment"":false,""batchNumber"":""5L00224 EYE DERMA "",""adjustedByName"":null,""purchaseDate"":""2026-07-14T06:31:27.837Z"",""mrp"":278,""adjustmentReason"":null,""purchaseRate"":199.03,""purchaseBillId"":""6ay79HpxBVdyHOQ5EL0S"",""quantity"":1}]",1005560,,
PRAZOPRESS XL 30,,prazopress xl 30,1,,,,,1005562,,
SALYZAP BODY WASH 200ML,1005566,salyzap body wash 200ml,10,0,2026-07-22T16:23:45.978Z,0,"[{""mrp"":725,""adjustmentReason"":null,""batchNumber"":""BWF-83"",""adjustedByName"":null,""quantity"":0,""purchaseRate"":491.53,""purchaseBillId"":""PENDING_BATCH"",""expiryDate"":""2028-03-27T18:30:00.000Z"",""purchaseDate"":""2026-07-22T10:26:51.865Z"",""isManualAdjustment"":false}]",1005566,,
ALDIGESIC P 15,,aldigesic p 15,1,,,,,1005570,,
TENDOEASE,,tendoease,1,,,,,1005574,,
VOLIX M 0.2MG,,volix m 0.2mg,1,,,,,1005576,,
ABSOLUT 3G 10,,absolut 3g 10,1,10,2026-07-23T07:07:01.504Z,10,"[{""purchaseRate"":146.43,""purchaseBillId"":""5XVz1nNKP2AiiFa1Q1iH"",""quantity"":10,""batchNumber"":""MEDIBASKET"",""adjustedByName"":null,""adjustmentReason"":null,""mrp"":192.19,""isManualAdjustment"":false,""purchaseDate"":""2026-07-23T05:29:17.079Z"",""expiryDate"":""2027-10-27T18:30:00.000Z""}]",1005579,,
LIVOGEN TAB BOTTLE 30CAP.,,livogen tab bottle 30cap.,1,,,,,1005581,,
LOXOF 600,,loxof 600,1,,,,,1005592,,
MUCINAC 600 10,,mucinac 600 10,1,,,,,1005593,,
MET XL 12.5MG 20,,met xl 12.5mg 20,1,,,,,1005597,,
UPRISE D3 60K CAP,,uprise d3 60k cap,1,,,,,1005603,,
SENSODYNE SENSITIVE TOOTHBRUSH 4PCS,1005605,sensodyne sensitive toothbrush 4pcs,1,2,2026-07-19T10:13:23.581Z,2,"[{""purchaseRate"":112.87,""mrp"":180,""adjustedByName"":null,""isManualAdjustment"":false,""expiryDate"":""2027-07-27T18:30:00.000Z"",""purchaseDate"":""2026-07-18T16:34:09.706Z"",""quantity"":2,""batchNumber"":""VN SUPPLIES"",""purchaseBillId"":""xiMCJHYWelCBQ90mlTTr"",""adjustmentReason"":null}]",1005605,,
NAXOS D 500 10,,naxos d 500 10,1,,,,,1005610,,
NAXOS D 250 10,,naxos d 250 10,1,,,,,1005612,,
MULTIACTIVE SYP 225ML,1005614,multiactive syp 225ml,1,3,2026-07-17T10:04:06.523Z,3,"[{""expiryDate"":""2027-07-16T04:14:34.182Z"",""batchNumber"":""DIVFORD HEALTHCARE"",""isManualAdjustment"":false,""mrp"":173.52,""purchaseDate"":""2026-07-14T06:31:27.837Z"",""adjustedByName"":null,""quantity"":3,""purchaseBillId"":""6ay79HpxBVdyHOQ5EL0S"",""purchaseRate"":33.33,""adjustmentReason"":null}]",1005614,,
PARACIP 500 10,,paracip 500 10,1,,,,,1005616,,
MAGNAOF DROP 15ML,1005620,magnaof drop 15ml,1,3,2026-07-23T07:11:41.298Z,3,"[{""expiryDate"":""2028-01-27T18:30:00.000Z"",""purchaseDate"":""2026-07-17T15:06:47.110Z"",""isManualAdjustment"":false,""purchaseRate"":18.9,""quantity"":3,""purchaseBillId"":""sIBrxawP5tddMZN0yUmB"",""mrp"":73,""adjustmentReason"":null,""batchNumber"":""MEDIBASKET "",""adjustedByName"":null}]",1005620,,
DENTACHECK BRUSH,1005622,dentacheck brush,10,5,2026-07-19T10:13:23.581Z,5,"[{""purchaseDate"":""2026-07-18T16:34:09.706Z"",""quantity"":5,""batchNumber"":""DIV"",""purchaseBillId"":""xiMCJHYWelCBQ90mlTTr"",""adjustmentReason"":null,""mrp"":90,""adjustedByName"":null,""purchaseRate"":22,""expiryDate"":""2027-07-27T18:30:00.000Z"",""isManualAdjustment"":false}]",1005622,,
PARACIP 650,,paracip 650,1,,,,,1005625,,
MAXOFEN NEW 15,,maxofen new 15,1,,,,,1005627,,
DERMA 10% VITAMIN C SERUM 30ML,1005629,derma 10% vitamin c serum 30ml,10,1,2026-07-21T06:24:36.974Z,1,"[{""adjustmentReason"":null,""purchaseBillId"":""dnjvJhQGytUmyRCPiDsP"",""batchNumber"":""KHUSHI"",""quantity"":1,""purchaseDate"":""2026-07-20T16:07:21.820Z"",""isManualAdjustment"":false,""expiryDate"":""2028-02-27T18:30:00.000Z"",""purchaseRate"":550,""mrp"":649,""adjustedByName"":null}]",1005629,,
MYOSPAZ FORTE 10,,myospaz forte 10,1,,,,,1005636,,
TOFAZAK 5MG,,tofazak 5mg,1,,,,,1005640,,
PILORUTE EP TAB. 7,,pilorute ep tab. 7,1,,,,,1005642,,
RUBIRED Z,,rubired z,1,,,,,1005643,,
MINIMALIST SALICYLIC SERUM 30ML,1005655,minimalist salicylic serum 30ml,10,1,2026-07-21T06:24:36.108Z,1,"[{""expiryDate"":""2027-07-27T18:30:00.000Z"",""isManualAdjustment"":false,""mrp"":549,""adjustedByName"":null,""purchaseRate"":440,""adjustmentReason"":null,""purchaseBillId"":""dnjvJhQGytUmyRCPiDsP"",""quantity"":1,""batchNumber"":""EKTA COSMETICS "",""purchaseDate"":""2026-07-20T16:07:21.820Z""}]",1005655,,
MINIMALIST HYARULONIC SERUM 30ML,1005656,minimalist hyarulonic serum 30ml,10,1,2026-07-21T06:24:36.107Z,1,"[{""purchaseBillId"":""dnjvJhQGytUmyRCPiDsP"",""adjustmentReason"":null,""purchaseDate"":""2026-07-20T16:07:21.820Z"",""quantity"":1,""batchNumber"":""EKTA COSMETICS "",""expiryDate"":""2027-02-27T18:30:00.000Z"",""isManualAdjustment"":false,""mrp"":600,""adjustedByName"":null,""purchaseRate"":480}]",1005656,,
RESTORE APPLE 200ML,1005659,restore apple 200ml,10,2,2026-07-21T15:59:08.081Z,2,"[{""isManualAdjustment"":false,""expiryDate"":""2027-07-27T18:30:00.000Z"",""purchaseRate"":18.1,""adjustedByName"":null,""mrp"":39,""purchaseBillId"":""Jgat3IieqMJG7Pua1kp5"",""adjustmentReason"":null,""purchaseDate"":""2026-07-21T15:14:34.744Z"",""batchNumber"":""VISION MEDICOSE "",""quantity"":2}]",1005659,,
TURND3 60K CAP,,turnd3 60k cap,1,,,,,1005664,,
HB 29X,,hb 29x,1,,,,,1005665,,
DURAPAR,,durapar,1,,,,,1005672,,
ALGIRID 120 10,,algirid 120 10,1,,,,,1005674,,
ONDAPLUS MD4,,ondaplus md4,1,,,,,1005676,,
PEPTIRAN SYP 100ML,1005678,peptiran syp 100ml,10,1,2026-07-22T11:14:21.971Z,1,"[{""expiryDate"":""2027-02-27T18:30:00.000Z"",""isManualAdjustment"":false,""purchaseDate"":""2026-07-21T13:09:59.408Z"",""purchaseBillId"":""x7gQ1sPaC4imakdKE15v"",""quantity"":1,""purchaseRate"":30.48,""adjustmentReason"":null,""mrp"":150,""adjustedByName"":null,""batchNumber"":""DIVFORD  HEALTHCRAE ""}]",1005678,,
FIBAFEX 180,,fibafex 180,1,,,,,1005680,,
DICLOKAP AQ INJ 1ML,1005682,diclokap aq inj 1ml,10,10,2026-07-21T15:59:08.283Z,10,"[{""purchaseRate"":2.38,""mrp"":32,""adjustedByName"":null,""isManualAdjustment"":false,""expiryDate"":""2026-11-27T18:30:00.000Z"",""batchNumber"":""DIVFORD HEALTHCARE "",""quantity"":10,""purchaseDate"":""2026-07-21T15:14:34.744Z"",""adjustmentReason"":null,""purchaseBillId"":""Jgat3IieqMJG7Pua1kp5""}]",1005682,,
METRONIDAZOLE INJ 100ML,1005684,metronidazole inj 100ml,10,5,2026-07-21T12:45:23.807Z,5,"[{""adjustedByName"":null,""mrp"":23,""purchaseRate"":12.7,""expiryDate"":""2027-07-27T18:30:00.000Z"",""isManualAdjustment"":false,""purchaseDate"":""2026-07-20T11:44:41.155Z"",""quantity"":5,""batchNumber"":""DIVFORD HEALTHCARE "",""purchaseBillId"":""DpRyosVyLI5rlWmgtOFb"",""adjustmentReason"":null}]",1005684,,
MACSUTRA D 4,,macsutra d 4,1,20,2026-07-22T14:29:02.805Z,20,"[{""expiryDate"":""2027-07-27T18:30:00.000Z"",""purchaseDate"":""2026-07-22T14:03:03.157Z"",""isManualAdjustment"":false,""quantity"":20,""purchaseBillId"":""7GYLboh1MB0fGMIWHdhW"",""purchaseRate"":8,""mrp"":65,""adjustmentReason"":null,""adjustedByName"":null,""batchNumber"":""""}]",1005686,,
VEGAFORCE 100 4,,vegaforce 100 4,1,44,2026-07-22T14:29:02.805Z,44,"[{""purchaseDate"":""2026-07-22T14:03:03.157Z"",""isManualAdjustment"":false,""expiryDate"":""2027-07-27T18:30:00.000Z"",""quantity"":44,""purchaseBillId"":""7GYLboh1MB0fGMIWHdhW"",""purchaseRate"":5.71,""adjustedByName"":null,""batchNumber"":"""",""mrp"":25,""adjustmentReason"":null}]",1005688,,
MOPRY OINTMENT 5G,1005690,mopry ointment 5g,1,2,2026-07-21T17:21:36.501Z,2,"[{""purchaseDate"":""2026-07-18T06:19:24.778Z"",""quantity"":2,""batchNumber"":""DIV"",""purchaseBillId"":""VNM2zTVGrJ4ZaMslUtMG"",""adjustmentReason"":null,""adjustedByName"":null,""mrp"":108.35,""purchaseRate"":29.52,""isManualAdjustment"":false,""expiryDate"":""2027-10-27T18:30:00.000Z""}]",1005690,,
ZOFER MD 8MG,,zofer md 8mg,1,,,,,1005694,,
ZOFER SYRUP 30ML,1005696,zofer syrup 30ml,1,12,2026-07-23T07:11:41.099Z,12,"[{""adjustedByName"":null,""batchNumber"":""MEDIBASKET"",""adjustmentReason"":null,""mrp"":40.06,""purchaseRate"":30.52,""purchaseBillId"":""sIBrxawP5tddMZN0yUmB"",""quantity"":12,""isManualAdjustment"":false,""purchaseDate"":""2026-07-17T15:06:47.110Z"",""expiryDate"":""2027-05-27T18:30:00.000Z""}]",1005696,,
LIVEASY FACIAL WIPES 72,1005705,liveasy facial wipes 72,10,2,2026-07-22T06:39:51.147Z,2,"[{""adjustedByName"":null,""isManualAdjustment"":false,""quantity"":2,""batchNumber"":""DC"",""mrp"":199,""expiryDate"":""2027-07-27T18:30:00.000Z"",""purchaseRate"":134.29,""adjustmentReason"":null,""purchaseBillId"":""bhRRAkKAOo0qkLvJKDIR"",""purchaseDate"":""2026-07-19T14:37:06.308Z""}]",1005705,,
DROTIN PLUS,,drotin plus,1,,,,,1005707,,
KAPIVA APPLE CIDER VINEGER 500ML,1005712,kapiva apple cider vineger 500ml,10,1,2026-07-22T06:39:52.232Z,1,"[{""purchaseDate"":""2026-07-19T14:37:06.308Z"",""adjustmentReason"":null,""purchaseRate"":164.71,""purchaseBillId"":""bhRRAkKAOo0qkLvJKDIR"",""batchNumber"":""KHANDELWAL"",""quantity"":1,""isManualAdjustment"":false,""expiryDate"":""2027-08-27T18:30:00.000Z"",""mrp"":299,""adjustedByName"":null}]",1005712,,
KAPIVA ALOE VERA GEL 60GM,1005714,kapiva aloe vera gel 60gm,10,1,2026-07-22T06:39:52.233Z,1,"[{""adjustedByName"":null,""mrp"":69,""expiryDate"":""2028-02-27T18:30:00.000Z"",""quantity"":1,""batchNumber"":""KHANDELWAL"",""isManualAdjustment"":false,""purchaseDate"":""2026-07-19T14:37:06.308Z"",""purchaseBillId"":""bhRRAkKAOo0qkLvJKDIR"",""purchaseRate"":35.62,""adjustmentReason"":null}]",1005714,,
FAMELIAL F,,famelial f,1,,,,,1005716,,
MLERFREE 15,,mlerfree 15,1,,,,,1005720,,
POLO BUBBLEGUM 1,1005722,polo bubblegum 1,10,5,2026-07-21T17:28:12.324Z,5,"[{""purchaseDate"":""2026-07-18T07:33:44.306Z"",""batchNumber"":"""",""quantity"":5,""purchaseBillId"":""MLZKoBJjUBLJggKAF22A"",""adjustmentReason"":null,""mrp"":5,""adjustedByName"":null,""purchaseRate"":4.18,""expiryDate"":""2027-02-27T18:30:00.000Z"",""isManualAdjustment"":false}]",1005722,,
NUROTURN D3 10,,nuroturn d3 10,1,,,,,1005732,,
MGD3 60K 14,,mgd3 60k 14,1,,,,,1005736,,
MGD3 10,,mgd3 10,1,,,,,1005742,,
DENTOL FLOSS 1,1005746,dentol floss 1,10,1,2026-07-19T10:13:23.582Z,1,"[{""batchNumber"":""?"",""quantity"":1,""purchaseDate"":""2026-07-18T16:34:09.706Z"",""adjustmentReason"":null,""purchaseBillId"":""xiMCJHYWelCBQ90mlTTr"",""purchaseRate"":90,""adjustedByName"":null,""mrp"":199,""expiryDate"":""2027-07-27T18:30:00.000Z"",""isManualAdjustment"":false}]",1005746,,
RAMSOMS WET WIPES 10,1005748,ramsoms wet wipes 10,10,2,2026-07-22T06:39:51.146Z,2,"[{""adjustmentReason"":null,""purchaseRate"":50,""purchaseBillId"":""bhRRAkKAOo0qkLvJKDIR"",""purchaseDate"":""2026-07-19T14:37:06.308Z"",""batchNumber"":""SSD"",""quantity"":2,""isManualAdjustment"":false,""expiryDate"":""2029-07-27T18:30:00.000Z"",""mrp"":570,""adjustedByName"":null}]",1005748,,
HIMALAYA ADULT PANT XL 12,1005750,himalaya adult pant xl 12,10,1,2026-07-22T06:39:51.346Z,1,"[{""adjustmentReason"":null,""purchaseRate"":238.1,""purchaseBillId"":""bhRRAkKAOo0qkLvJKDIR"",""purchaseDate"":""2026-07-19T14:37:06.308Z"",""isManualAdjustment"":false,""batchNumber"":""VISION"",""quantity"":1,""mrp"":609,""expiryDate"":""2027-07-27T18:30:00.000Z"",""adjustedByName"":null}]",1005750,,
HIMALAYA ADULT PANT L 12,1005752,himalaya adult pant l 12,10,1,2026-07-22T06:39:51.345Z,1,"[{""mrp"":562,""expiryDate"":""2027-07-27T18:30:00.000Z"",""isManualAdjustment"":false,""batchNumber"":""VISION"",""quantity"":1,""adjustedByName"":null,""adjustmentReason"":null,""purchaseRate"":219.05,""purchaseBillId"":""bhRRAkKAOo0qkLvJKDIR"",""purchaseDate"":""2026-07-19T14:37:06.308Z""}]",1005752,,
HIMALAYA ADULT PANT MEDIUM 12,1005753,himalaya adult pant medium 12,10,1,2026-07-22T06:39:51.346Z,1,"[{""adjustedByName"":null,""mrp"":515,""expiryDate"":""2027-07-27T18:30:00.000Z"",""isManualAdjustment"":false,""batchNumber"":""VISION"",""quantity"":1,""purchaseBillId"":""bhRRAkKAOo0qkLvJKDIR"",""purchaseRate"":200,""adjustmentReason"":null,""purchaseDate"":""2026-07-19T14:37:06.308Z""}]",1005753,,
FUCIDIN CREAM 5GM,,fucidin cream 5gm,1,2,2026-07-21T17:21:36.852Z,2,"[{""expiryDate"":""2026-11-27T18:30:00.000Z"",""isManualAdjustment"":false,""mrp"":55.99,""adjustedByName"":null,""purchaseRate"":39.99,""purchaseBillId"":""VNM2zTVGrJ4ZaMslUtMG"",""adjustmentReason"":null,""purchaseDate"":""2026-07-18T06:19:24.778Z"",""batchNumber"":""DC"",""quantity"":2}]",1005755,,
HQTOR 200MG,,hqtor 200mg,1,,,,,1005757,,
NUROTURN DUO CAP. 10,,nuroturn duo cap. 10,1,,,,,1005759,,
DOXYTRUE LB,,doxytrue lb,1,,,,,1005766,,
FLORA BC NF,,flora bc nf,1,,,,,1005768,,
OMNIGEL 30GM GEL 30GM,1005787,omnigel 30gm gel 30gm,10,2,2026-07-19T15:49:17.400Z,2,"[{""purchaseBillId"":""741nuHnyq2HPzUHwPany"",""adjustmentReason"":null,""purchaseDate"":""2026-07-16T14:35:03.825Z"",""quantity"":2,""batchNumber"":""STAR"",""expiryDate"":""2027-08-27T18:30:00.000Z"",""isManualAdjustment"":false,""purchaseRate"":115.03,""mrp"":161.57,""adjustedByName"":null}]",1005787,,
CIPROFRESH MOUTHWASH 1OOML,1005791,ciprofresh mouthwash 1ooml,10,5,2026-07-19T10:13:19.926Z,5,"[{""purchaseDate"":""2026-07-18T16:34:09.706Z"",""batchNumber"":"""",""quantity"":5,""purchaseBillId"":""xiMCJHYWelCBQ90mlTTr"",""adjustmentReason"":null,""purchaseRate"":33,""adjustedByName"":null,""mrp"":101.25,""expiryDate"":""2027-07-27T18:30:00.000Z"",""isManualAdjustment"":false}]",1005791,,
CURELIEF WRIST BRACE PLAIN 1,1005793,curelief wrist brace plain 1,10,2,2026-07-22T06:39:50.792Z,2,"[{""expiryDate"":""2027-07-27T18:30:00.000Z"",""mrp"":199,""batchNumber"":""STAR"",""quantity"":2,""isManualAdjustment"":false,""adjustedByName"":null,""adjustmentReason"":null,""purchaseRate"":38.32,""purchaseBillId"":""bhRRAkKAOo0qkLvJKDIR"",""purchaseDate"":""2026-07-19T14:37:06.308Z""}]",1005793,,
CURELIEF WRIST BRACE THUMB 1,1005796,curelief wrist brace thumb 1,10,2,2026-07-22T06:39:50.697Z,2,"[{""batchNumber"":""STAR"",""isManualAdjustment"":false,""quantity"":2,""expiryDate"":""2027-07-27T18:30:00.000Z"",""mrp"":199,""adjustedByName"":null,""purchaseBillId"":""bhRRAkKAOo0qkLvJKDIR"",""purchaseRate"":47.62,""adjustmentReason"":null,""purchaseDate"":""2026-07-19T14:37:06.308Z""}]",1005796,,
CURELIEF CLAVICLE BRACE 1,1005799,curelief clavicle brace 1,10,1,2026-07-22T06:39:50.697Z,1,"[{""purchaseDate"":""2026-07-19T14:37:06.308Z"",""purchaseBillId"":""bhRRAkKAOo0qkLvJKDIR"",""adjustmentReason"":null,""purchaseRate"":123,""expiryDate"":""2027-07-27T18:30:00.000Z"",""mrp"":499,""quantity"":1,""batchNumber"":""STAR"",""isManualAdjustment"":false,""adjustedByName"":null}]",1005799,,
CRAP BANDAGE 2 INCH 1,1005801,crap bandage 2 inch 1,10,1,2026-07-22T06:39:50.696Z,1,"[{""adjustedByName"":null,""batchNumber"":""STAR"",""isManualAdjustment"":false,""quantity"":1,""expiryDate"":""2027-07-27T18:30:00.000Z"",""mrp"":195,""adjustmentReason"":null,""purchaseRate"":28.58,""purchaseBillId"":""bhRRAkKAOo0qkLvJKDIR"",""purchaseDate"":""2026-07-19T14:37:06.308Z""}]",1005801,,
DERMA 2% VIT C FACEWASH 80ML,1005803,derma 2% vit c facewash 80ml,10,2,2026-07-21T06:24:37.140Z,2,"[{""quantity"":2,""batchNumber"":""KHUSHI"",""purchaseDate"":""2026-07-20T16:07:21.820Z"",""adjustmentReason"":null,""purchaseBillId"":""dnjvJhQGytUmyRCPiDsP"",""adjustedByName"":null,""mrp"":249,""purchaseRate"":211.02,""expiryDate"":""2028-03-27T18:30:00.000Z"",""isManualAdjustment"":false}]",1005803,,
BECOZINC CAP,,becozinc cap,1,,,,,1005809,,
LIP BALM 10GM,1005811,lip balm 10gm,10,6,2026-07-21T17:28:12.124Z,6,"[{""expiryDate"":""2028-08-27T18:30:00.000Z"",""isManualAdjustment"":false,""adjustedByName"":null,""mrp"":40,""purchaseRate"":30,""adjustmentReason"":null,""purchaseBillId"":""MLZKoBJjUBLJggKAF22A"",""quantity"":6,""batchNumber"":"""",""purchaseDate"":""2026-07-18T07:33:44.306Z""}]",1005811,,
HONEY 500GM,,honey 500gm,1,,,,,1005813,,
CEPODEM 50 SUSP 30ML,1005821,cepodem 50 susp 30ml,1,3,2026-07-23T07:11:41.205Z,3,"[{""mrp"":105,""adjustmentReason"":null,""batchNumber"":""MEDIBASKET "",""adjustedByName"":null,""purchaseBillId"":""sIBrxawP5tddMZN0yUmB"",""purchaseRate"":80,""quantity"":3,""expiryDate"":""2029-09-27T18:30:00.000Z"",""purchaseDate"":""2026-07-17T15:06:47.110Z"",""isManualAdjustment"":false}]",1005821,,
VEGRA 100,,vegra 100,1,,,,,1005830,,
STICKOBAND WASHPROOF BAND AID,,stickoband washproof band aid,1,,,,,1005833,,
URSOTRIN 300,,ursotrin 300,1,,,,,1005838,,
AMOXYCLAV 375,,amoxyclav 375,1,,,,,1005840,,
CENTRUM REACHARGE + SIPPER 20PACK,1005846,centrum reacharge + sipper 20pack,1,4,2026-07-21T17:28:12.123Z,4,"[{""isManualAdjustment"":false,""expiryDate"":""2027-07-27T18:30:00.000Z"",""purchaseRate"":150,""adjustedByName"":null,""mrp"":200,""purchaseBillId"":""MLZKoBJjUBLJggKAF22A"",""adjustmentReason"":null,""purchaseDate"":""2026-07-18T07:33:44.306Z"",""quantity"":4,""batchNumber"":""""}]",1005846,,
DABUR GILOY KI GHANIVATI 40N,1005848,dabur giloy ki ghanivati 40n,10,1,2026-07-22T06:39:51.847Z,1,"[{""mrp"":125,""expiryDate"":""2026-11-27T18:30:00.000Z"",""quantity"":1,""isManualAdjustment"":false,""batchNumber"":""SANDESH"",""adjustedByName"":null,""purchaseDate"":""2026-07-19T14:37:06.308Z"",""adjustmentReason"":null,""purchaseBillId"":""bhRRAkKAOo0qkLvJKDIR"",""purchaseRate"":90}]",1005848,,
HIMALAYA ASHWAGANDHA 30TAB,,himalaya ashwagandha 30tab,1,,,,,1005850,,
DIABECON DS 60 TAB,,diabecon ds 60 tab,1,,,,,1005852,,
UROTONE 25MG,,urotone 25mg,1,,,,,1005854,,
NESPOWER TAB 30,,nespower tab 30,1,,,,,1005857,,
JAUNDEX TAB 30,,jaundex tab 30,1,,,,,1005865,,
ZORYL 2MG,,zoryl 2mg,1,,,,,1005874,,
SITAPRIDE E 10,,sitapride e 10,1,,,,,1005876,,
ACEFILE SP 10,,acefile sp 10,1,,,,,1005878,,
MAXIRICH CAP 10,,maxirich cap 10,1,,,,,1005880,,
HIMALAYA AMALAKI TAB 60,,himalaya amalaki tab 60,1,,,,,1005884,,
L HIST MONT,,l hist mont,1,,,,,1005890,,
TULIPS EARSWABS,1005892,tulips earswabs,10,1,2026-07-21T12:45:25.767Z,1,"[{""purchaseDate"":""2026-07-20T11:44:41.155Z"",""quantity"":1,""batchNumber"":""?"",""purchaseBillId"":""DpRyosVyLI5rlWmgtOFb"",""adjustmentReason"":null,""purchaseRate"":28,""mrp"":56,""adjustedByName"":null,""isManualAdjustment"":false,""expiryDate"":""2027-07-27T18:30:00.000Z""}]",1005892,,
SOFY BODYFIT PRO 3PACK,1005899,sofy bodyfit pro 3pack,10,1,2026-07-19T10:13:19.714Z,1,"[{""expiryDate"":""2027-07-27T18:30:00.000Z"",""isManualAdjustment"":false,""purchaseRate"":308.33,""mrp"":370,""adjustedByName"":null,""adjustmentReason"":null,""purchaseBillId"":""xiMCJHYWelCBQ90mlTTr"",""quantity"":1,""batchNumber"":"""",""purchaseDate"":""2026-07-18T16:34:09.706Z""}]",1005899,,
BILACIP M,,bilacip m,1,,,,,1005901,,
KAPIVA KARELA JAMUN JUICE 1LITRE,1005905,kapiva karela jamun juice 1litre,10,1,2026-07-22T06:39:52.229Z,1,"[{""expiryDate"":""2028-04-27T18:30:00.000Z"",""mrp"":374,""quantity"":1,""isManualAdjustment"":false,""batchNumber"":""KHANDELWAL"",""adjustedByName"":null,""purchaseBillId"":""bhRRAkKAOo0qkLvJKDIR"",""purchaseRate"":231.52,""adjustmentReason"":null,""purchaseDate"":""2026-07-19T14:37:06.308Z""}]",1005905,,
EASIFLOW SUSPENSION 200ML,1005908,easiflow suspension 200ml,1,1,2026-07-17T10:04:07.958Z,1,"[{""mrp"":164,""purchaseDate"":""2026-07-14T06:31:27.837Z"",""adjustedByName"":null,""quantity"":1,""purchaseBillId"":""6ay79HpxBVdyHOQ5EL0S"",""adjustmentReason"":null,""purchaseRate"":124.95,""expiryDate"":""2027-12-31T18:30:00.000Z"",""batchNumber"":""LLD-10594 HINDUSTAN "",""isManualAdjustment"":false}]",1005908,,
EMPAGLYDE-SM 25/1000,,empaglyde-sm 25/1000,1,,,,,1005910,,
METROGYL SUSP 100ML,1005914,metrogyl susp 100ml,1,6,2026-07-23T07:11:41.206Z,6,"[{""expiryDate"":""2029-04-27T18:30:00.000Z"",""purchaseDate"":""2026-07-17T15:06:47.110Z"",""isManualAdjustment"":false,""purchaseRate"":45.5,""quantity"":6,""purchaseBillId"":""sIBrxawP5tddMZN0yUmB"",""mrp"":55,""adjustmentReason"":null,""adjustedByName"":null,""batchNumber"":""MEDIBASKET ""}]",1005914,,
BILATOP 20,,bilatop 20,1,,,,,1005916,,
BILATOP M,,bilatop m,1,,,,,1005917,,
ELECTROKEM APPLE 200ML,1005919,electrokem apple 200ml,10,28,2026-07-21T15:59:08.181Z,28,"[{""expiryDate"":""2027-07-27T18:30:00.000Z"",""isManualAdjustment"":false,""purchaseRate"":11.43,""mrp"":46,""adjustedByName"":null,""adjustmentReason"":null,""purchaseBillId"":""Jgat3IieqMJG7Pua1kp5"",""quantity"":28,""batchNumber"":""DIVFORD HEALTHCARE "",""purchaseDate"":""2026-07-21T15:14:34.744Z""}]",1005919,,
OKAY FRESHNER 1,1005926,okay freshner 1,10,3,2026-07-21T12:45:24.344Z,3,"[{""purchaseBillId"":""DpRyosVyLI5rlWmgtOFb"",""adjustmentReason"":null,""purchaseDate"":""2026-07-20T11:44:41.155Z"",""batchNumber"":""?"",""quantity"":3,""isManualAdjustment"":false,""expiryDate"":""2027-07-27T18:30:00.000Z"",""adjustedByName"":null,""mrp"":30,""purchaseRate"":20}]",1005926,,
PAMPERS S 10,1005931,pampers s 10,10,1,2026-07-22T05:53:08.227Z,1,"[{""purchaseDate"":""2026-07-21T06:31:03.547Z"",""purchaseRate"":75.4,""purchaseBillId"":""6avEgRRYxJgFAOuxhlU4"",""adjustmentReason"":null,""quantity"":1,""batchNumber"":"""",""isManualAdjustment"":false,""mrp"":95,""expiryDate"":""2027-07-27T18:30:00.000Z"",""adjustedByName"":null}]",1005931,,
PAMPERS NB 10,1005932,pampers nb 10,10,1,2026-07-22T05:53:08.228Z,1,"[{""purchaseBillId"":""6avEgRRYxJgFAOuxhlU4"",""purchaseRate"":75.4,""adjustmentReason"":null,""purchaseDate"":""2026-07-21T06:31:03.547Z"",""adjustedByName"":null,""batchNumber"":"""",""quantity"":1,""isManualAdjustment"":false,""expiryDate"":""2027-07-27T18:30:00.000Z"",""mrp"":95}]",1005932,,
PAMPERS M 8,1005933,pampers m 8,10,1,2026-07-22T05:53:08.229Z,1,"[{""mrp"":98,""expiryDate"":""2027-07-27T18:30:00.000Z"",""isManualAdjustment"":false,""batchNumber"":"""",""quantity"":1,""adjustedByName"":null,""purchaseDate"":""2026-07-21T06:31:03.547Z"",""purchaseRate"":77.78,""adjustmentReason"":null,""purchaseBillId"":""6avEgRRYxJgFAOuxhlU4""}]",1005933,,
PAMPERS L 7,1005934,pampers l 7,10,1,2026-07-19T10:13:19.851Z,1,"[{""purchaseRate"":77.78,""adjustedByName"":null,""mrp"":98,""isManualAdjustment"":false,""expiryDate"":""2027-07-27T18:30:00.000Z"",""quantity"":1,""batchNumber"":"""",""purchaseDate"":""2026-07-18T16:34:09.706Z"",""adjustmentReason"":null,""purchaseBillId"":""xiMCJHYWelCBQ90mlTTr""}]",1005934,,
PAMPERS NB 2,1005935,pampers nb 2,10,1,2026-07-19T10:13:19.851Z,1,"[{""purchaseDate"":""2026-07-18T16:34:09.706Z"",""quantity"":1,""batchNumber"":"""",""purchaseBillId"":""xiMCJHYWelCBQ90mlTTr"",""adjustmentReason"":null,""purchaseRate"":14.29,""mrp"":18,""adjustedByName"":null,""expiryDate"":""2027-07-27T18:30:00.000Z"",""isManualAdjustment"":false}]",1005935,,
PAMPERS L 2,1005937,pampers l 2,10,1,2026-07-19T10:13:19.850Z,1,"[{""isManualAdjustment"":false,""expiryDate"":""2027-07-27T18:30:00.000Z"",""purchaseRate"":23.81,""mrp"":30,""adjustedByName"":null,""purchaseBillId"":""xiMCJHYWelCBQ90mlTTr"",""adjustmentReason"":null,""purchaseDate"":""2026-07-18T16:34:09.706Z"",""batchNumber"":"""",""quantity"":1}]",1005937,,
DEXOLAC 3 400G,1005939,dexolac 3 400g,1,1,2026-07-19T15:49:17.001Z,1,"[{""purchaseBillId"":""741nuHnyq2HPzUHwPany"",""adjustmentReason"":null,""purchaseDate"":""2026-07-16T14:35:03.825Z"",""batchNumber"":""SUNIL"",""quantity"":1,""isManualAdjustment"":false,""expiryDate"":""2027-05-30T18:30:00.000Z"",""adjustedByName"":null,""mrp"":465,""purchaseRate"":402.6}]",1005939,,
CLINGEN 3 VAGINAL SUPPOSITORY,,clingen 3 vaginal suppository,1,,,,,1005945,,
PEDIASURE 7+ CHOCO 200GM,1005947,pediasure 7+ choco 200gm,1,2,2026-07-19T15:49:35.742Z,2,"[{""mrp"":335,""adjustedByName"":null,""purchaseRate"":290.33,""expiryDate"":""2027-07-17T05:10:53.614Z"",""isManualAdjustment"":false,""purchaseDate"":""2026-07-16T14:35:03.825Z"",""batchNumber"":""SUNIL "",""quantity"":1,""purchaseBillId"":""741nuHnyq2HPzUHwPany"",""adjustmentReason"":null},{""batchNumber"":""SUNIL"",""quantity"":1,""purchaseDate"":""2026-07-16T14:35:03.825Z"",""adjustmentReason"":null,""purchaseBillId"":""741nuHnyq2HPzUHwPany"",""purchaseRate"":290.33,""mrp"":335,""adjustedByName"":null,""isManualAdjustment"":false,""expiryDate"":""2027-05-30T18:30:00.000Z""}]",1005947,,
ASTA BERRY HAIR REMOVER 50G,1005955,asta berry hair remover 50g,10,2,2026-07-22T06:39:51.012Z,2,"[{""expiryDate"":""2029-01-27T18:30:00.000Z"",""mrp"":120,""isManualAdjustment"":false,""quantity"":2,""batchNumber"":""STAR"",""adjustedByName"":null,""purchaseDate"":""2026-07-19T14:37:06.308Z"",""purchaseBillId"":""bhRRAkKAOo0qkLvJKDIR"",""purchaseRate"":49.16,""adjustmentReason"":null}]",1005955,,
CLOCIP KZ SOAP 75GM,1005957,clocip kz soap 75gm,10,4,2026-07-21T17:21:37.185Z,4,"[{""adjustmentReason"":null,""purchaseBillId"":""VNM2zTVGrJ4ZaMslUtMG"",""quantity"":4,""batchNumber"":""STAR"",""purchaseDate"":""2026-07-18T06:19:24.778Z"",""isManualAdjustment"":false,""expiryDate"":""2029-01-27T18:30:00.000Z"",""adjustedByName"":null,""mrp"":93.43,""purchaseRate"":42.86}]",1005957,,
WYSOLONE 10,,wysolone 10,1,,,,,1005971,,
PREDMET 16,,predmet 16,1,,,,,1005973,,
KAPIVA ARTHO JUICE 1LTR,1005977,kapiva artho juice 1ltr,10,1,2026-07-22T06:39:52.232Z,1,"[{""purchaseDate"":""2026-07-19T14:37:06.308Z"",""purchaseRate"":642.15,""purchaseBillId"":""bhRRAkKAOo0qkLvJKDIR"",""adjustmentReason"":null,""adjustedByName"":null,""quantity"":1,""batchNumber"":""KHANDELWAL"",""isManualAdjustment"":false,""expiryDate"":""2028-04-27T18:30:00.000Z"",""mrp"":899}]",1005977,,
VEET DRY WOMEN STRIPS 8,1005980,veet dry women strips 8,10,3,2026-07-22T06:39:50.949Z,3,"[{""expiryDate"":""2027-07-27T18:30:00.000Z"",""mrp"":129,""batchNumber"":""ITI"",""isManualAdjustment"":false,""quantity"":3,""adjustedByName"":null,""purchaseRate"":99.38,""purchaseBillId"":""bhRRAkKAOo0qkLvJKDIR"",""adjustmentReason"":null,""purchaseDate"":""2026-07-19T14:37:06.308Z""}]",1005980,,
KREMYLIN TAB 10,,kremylin tab 10,1,,,,,1005986,,
ENO JEERA & AJWAIN 5GM* 60,1005996,eno jeera & ajwain 5gm* 60,1,1,2026-07-21T17:28:11.919Z,1,"[{""purchaseDate"":""2026-07-18T07:33:44.306Z"",""quantity"":1,""batchNumber"":""VN SUPPPLIES"",""purchaseBillId"":""MLZKoBJjUBLJggKAF22A"",""adjustmentReason"":null,""adjustedByName"":null,""mrp"":540,""purchaseRate"":372.67,""isManualAdjustment"":false,""expiryDate"":""2027-07-27T18:30:00.000Z""}]",1005996,,
TENTEX ROYAL CAP.BOTTLE 30CAP.,,tentex royal cap.bottle 30cap.,1,,,,,1005998,,
ZYMOX CV 375,,zymox cv 375,1,,,,,1006000,,
WFD GLUCOSE 100GM,1006002,wfd glucose 100gm,10,1,2026-07-21T12:45:24.640Z,1,"[{""expiryDate"":""2027-07-27T18:30:00.000Z"",""isManualAdjustment"":false,""adjustedByName"":null,""mrp"":48,""purchaseRate"":16.19,""purchaseBillId"":""DpRyosVyLI5rlWmgtOFb"",""adjustmentReason"":null,""purchaseDate"":""2026-07-20T11:44:41.155Z"",""batchNumber"":""DIV"",""quantity"":1}]",1006002,,
PUDINA PROTE HARA CAPS,,pudina prote hara caps,1,,,,,1006004,,
MELACARE FLOW FACEWASH 100GM,1006011,melacare flow facewash 100gm,10,2,2026-07-21T06:24:35.859Z,2,"[{""purchaseDate"":""2026-07-20T16:07:21.820Z"",""batchNumber"":""DIVFORD HEALTHCARE "",""quantity"":2,""purchaseBillId"":""dnjvJhQGytUmyRCPiDsP"",""adjustmentReason"":null,""mrp"":314,""adjustedByName"":null,""purchaseRate"":80,""isManualAdjustment"":false,""expiryDate"":""2028-02-27T18:30:00.000Z""}]",1006011,,
LEVOSIZ 5,,levosiz 5,1,,,,,1006015,,
FIGARO OLIVE OIL 200ML,1006018,figaro olive oil 200ml,1,1,2026-07-19T15:49:17.302Z,1,"[{""expiryDate"":""2029-05-30T18:30:00.000Z"",""isManualAdjustment"":false,""purchaseRate"":284.09,""adjustedByName"":null,""mrp"":349,""purchaseBillId"":""741nuHnyq2HPzUHwPany"",""adjustmentReason"":null,""purchaseDate"":""2026-07-16T14:35:03.825Z"",""quantity"":1,""batchNumber"":""CHIRAYU""}]",1006018,,
PPLAC ADVANCE CAP,,pplac advance cap,1,,,,,1006020,,
REFRESHINE EYE DROP 10ML,1006022,refreshine eye drop 10ml,1,1,2026-07-17T10:04:09.976Z,1,"[{""quantity"":1,""adjustmentReason"":null,""purchaseRate"":14.29,""purchaseBillId"":""6ay79HpxBVdyHOQ5EL0S"",""mrp"":131.25,""purchaseDate"":""2026-07-14T06:31:27.837Z"",""adjustedByName"":null,""batchNumber"":""DIVFORD HEALTHCARE "",""isManualAdjustment"":false,""expiryDate"":""2028-02-29T18:30:00.000Z""}]",1006022,,
BURNHEAL CREAM 15GM,1006024,burnheal cream 15gm,1,3,2026-07-21T17:21:36.854Z,3,"[{""isManualAdjustment"":false,""expiryDate"":""2027-09-27T18:30:00.000Z"",""purchaseRate"":26.19,""mrp"":99.15,""adjustedByName"":null,""adjustmentReason"":null,""purchaseBillId"":""VNM2zTVGrJ4ZaMslUtMG"",""quantity"":3,""batchNumber"":""DIV"",""purchaseDate"":""2026-07-18T06:19:24.778Z""}]",1006024,,
AASHI KESAR SOAP 75GM,1006026,aashi kesar soap 75gm,10,2,2026-07-21T17:21:37.187Z,2,"[{""batchNumber"":""DIV"",""quantity"":2,""purchaseDate"":""2026-07-18T06:19:24.778Z"",""adjustmentReason"":null,""purchaseBillId"":""VNM2zTVGrJ4ZaMslUtMG"",""adjustedByName"":null,""mrp"":99,""purchaseRate"":30.48,""expiryDate"":""2028-05-27T18:30:00.000Z"",""isManualAdjustment"":false}]",1006026,,
SCABION SOAP 75GM,1006027,scabion soap 75gm,10,2,2026-07-21T17:21:37.187Z,2,"[{""adjustedByName"":null,""mrp"":105,""purchaseRate"":28.57,""expiryDate"":""2027-07-27T18:30:00.000Z"",""isManualAdjustment"":false,""purchaseDate"":""2026-07-18T06:19:24.778Z"",""batchNumber"":""DIV"",""quantity"":2,""purchaseBillId"":""VNM2zTVGrJ4ZaMslUtMG"",""adjustmentReason"":null}]",1006027,,
AUSFLU TUBE 10GM,1006028,ausflu tube 10gm,1,3,2026-07-21T17:21:36.587Z,3,"[{""quantity"":3,""batchNumber"":""DIV"",""purchaseDate"":""2026-07-18T06:19:24.778Z"",""adjustmentReason"":null,""purchaseBillId"":""VNM2zTVGrJ4ZaMslUtMG"",""purchaseRate"":33.33,""adjustedByName"":null,""mrp"":150,""isManualAdjustment"":false,""expiryDate"":""2027-12-27T18:30:00.000Z""}]",1006028,,
CASFUR NF CREAM 15GM,1006030,casfur nf cream 15gm,1,2,2026-07-21T17:21:36.943Z,2,"[{""batchNumber"":""DIV"",""quantity"":2,""purchaseDate"":""2026-07-18T06:19:24.778Z"",""adjustmentReason"":null,""purchaseBillId"":""VNM2zTVGrJ4ZaMslUtMG"",""mrp"":110,""adjustedByName"":null,""purchaseRate"":14.29,""isManualAdjustment"":false,""expiryDate"":""2027-08-27T18:30:00.000Z""}]",1006030,,
KETOFRESH CT CREAM 15GM,1006032,ketofresh ct cream 15gm,1,2,2026-07-21T17:21:36.769Z,2,"[{""adjustedByName"":null,""mrp"":93,""purchaseRate"":24.76,""isManualAdjustment"":false,""expiryDate"":""2028-05-27T18:30:00.000Z"",""purchaseDate"":""2026-07-18T06:19:24.778Z"",""batchNumber"":""DIV"",""quantity"":2,""purchaseBillId"":""VNM2zTVGrJ4ZaMslUtMG"",""adjustmentReason"":null}]",1006032,,
MONTINO SYRUP 60ML,1006033,montino syrup 60ml,1,6,2026-07-23T07:11:41.000Z,6,"[{""purchaseRate"":14,""quantity"":6,""purchaseBillId"":""sIBrxawP5tddMZN0yUmB"",""adjustedByName"":null,""batchNumber"":""DIVFORD HEALTHCRAE"",""adjustmentReason"":null,""mrp"":82,""isManualAdjustment"":false,""purchaseDate"":""2026-07-17T15:06:47.110Z"",""expiryDate"":""2027-05-27T18:30:00.000Z""}]",1006033,,
KOJISKIN SOAP 75GM,1006034,kojiskin soap 75gm,10,2,2026-07-21T17:21:37.186Z,2,"[{""expiryDate"":""2028-05-27T18:30:00.000Z"",""isManualAdjustment"":false,""adjustedByName"":null,""mrp"":135,""purchaseRate"":38.1,""purchaseBillId"":""VNM2zTVGrJ4ZaMslUtMG"",""adjustmentReason"":null,""purchaseDate"":""2026-07-18T06:19:24.778Z"",""batchNumber"":""DIV"",""quantity"":2}]",1006034,,
DOLO PAIN RELIEF SPRAY 55GM,1006036,dolo pain relief spray 55gm,10,1,2026-07-19T15:49:17.450Z,1,"[{""purchaseBillId"":""741nuHnyq2HPzUHwPany"",""adjustmentReason"":null,""purchaseDate"":""2026-07-16T14:35:03.825Z"",""quantity"":1,""batchNumber"":""MEDIBASKET"",""expiryDate"":""2028-09-27T18:30:00.000Z"",""isManualAdjustment"":false,""adjustedByName"":null,""mrp"":147,""purchaseRate"":78.89}]",1006036,,
OMNIGEL MAXX GEL 30GM,1006040,omnigel maxx gel 30gm,10,1,2026-07-19T15:49:17.401Z,1,"[{""purchaseDate"":""2026-07-16T14:35:03.825Z"",""quantity"":1,""batchNumber"":""STAR "",""purchaseBillId"":""741nuHnyq2HPzUHwPany"",""adjustmentReason"":null,""mrp"":167,""adjustedByName"":null,""purchaseRate"":127.24,""expiryDate"":""2028-04-27T18:30:00.000Z"",""isManualAdjustment"":false}]",1006040,,
OMNIGEL MAXX SPRAY 35GM,1006042,omnigel maxx spray 35gm,10,1,2026-07-19T15:49:17.401Z,1,"[{""adjustedByName"":null,""mrp"":154.72,""purchaseRate"":117.88,""isManualAdjustment"":false,""expiryDate"":""2028-04-27T18:30:00.000Z"",""purchaseDate"":""2026-07-16T14:35:03.825Z"",""quantity"":1,""batchNumber"":""STAR "",""purchaseBillId"":""741nuHnyq2HPzUHwPany"",""adjustmentReason"":null}]",1006042,,
OMNIGEL MAXX SPRAY 55GM,1006043,omnigel maxx spray 55gm,10,1,2026-07-19T15:49:17.401Z,1,"[{""adjustmentReason"":null,""purchaseBillId"":""741nuHnyq2HPzUHwPany"",""quantity"":1,""batchNumber"":""STAR"",""purchaseDate"":""2026-07-16T14:35:03.825Z"",""isManualAdjustment"":false,""expiryDate"":""2028-04-27T18:30:00.000Z"",""purchaseRate"":203.92,""mrp"":267.64,""adjustedByName"":null}]",1006043,,
PARACIP PLUS 10,,paracip plus 10,1,,,,,1006045,,
COFSILS MULETHI STRIP 10,1006047,cofsils mulethi strip 10,1,9,2026-07-21T17:28:12.123Z,9,"[{""purchaseRate"":27.14,""mrp"":38,""adjustedByName"":null,""isManualAdjustment"":false,""expiryDate"":""2028-07-27T18:30:00.000Z"",""quantity"":9,""batchNumber"":"""",""purchaseDate"":""2026-07-18T07:33:44.306Z"",""adjustmentReason"":null,""purchaseBillId"":""MLZKoBJjUBLJggKAF22A""}]",1006047,,
NICOTEX 4MG GUM 15,1006049,nicotex 4mg gum 15,10,1,2026-07-21T17:28:12.325Z,1,"[{""adjustmentReason"":null,""purchaseBillId"":""MLZKoBJjUBLJggKAF22A"",""quantity"":1,""batchNumber"":""STAR MARKETING"",""purchaseDate"":""2026-07-18T07:33:44.306Z"",""expiryDate"":""2028-02-27T18:30:00.000Z"",""isManualAdjustment"":false,""adjustedByName"":null,""mrp"":190.25,""purchaseRate"":128.98}]",1006049,,
CURELIEF HEATING GEL PAD 1,1006051,curelief heating gel pad 1,10,4,2026-07-22T06:40:39.287Z,4,"[{""adjustmentReason"":null,""purchaseBillId"":""bhRRAkKAOo0qkLvJKDIR"",""purchaseRate"":95.24,""purchaseDate"":""2026-07-19T14:37:06.308Z"",""adjustedByName"":null,""mrp"":799,""expiryDate"":""2027-07-27T18:30:00.000Z"",""isManualAdjustment"":false,""quantity"":3,""batchNumber"":""STAR""},{""purchaseBillId"":""bhRRAkKAOo0qkLvJKDIR"",""adjustmentReason"":null,""purchaseRate"":95.24,""purchaseDate"":""2026-07-19T14:37:06.308Z"",""adjustedByName"":null,""quantity"":1,""isManualAdjustment"":false,""batchNumber"":""DC"",""expiryDate"":""2027-07-27T18:30:00.000Z"",""mrp"":799}]",1006051,,
CURELIEF 4 LEG WALK STICK 1,1006054,curelief 4 leg walk stick 1,10,1,2026-07-22T06:39:50.696Z,1,"[{""expiryDate"":""2027-07-27T18:30:00.000Z"",""mrp"":799,""isManualAdjustment"":false,""quantity"":1,""batchNumber"":""STAR"",""adjustedByName"":null,""purchaseRate"":261.91,""adjustmentReason"":null,""purchaseBillId"":""bhRRAkKAOo0qkLvJKDIR"",""purchaseDate"":""2026-07-19T14:37:06.308Z""}]",1006054,,
TELMOTO RS 10,1006057,telmoto rs 10,10,2,2026-07-23T04:41:38.069Z,2,"[{""purchaseRate"":156.19,""quantity"":2,""purchaseBillId"":""JqsSYYOsP2YTNhCeQ6Cc"",""adjustedByName"":null,""batchNumber"":"""",""adjustmentReason"":null,""mrp"":205,""isManualAdjustment"":false,""purchaseDate"":""2026-07-22T14:44:06.335Z"",""expiryDate"":""2028-06-27T18:30:00.000Z""}]",1006057,,
OBIMET SR 1000 15,,obimet sr 1000 15,1,30,2026-07-23T04:41:38.306Z,30,"[{""isManualAdjustment"":false,""purchaseDate"":""2026-07-22T14:44:06.335Z"",""expiryDate"":""2029-05-27T18:30:00.000Z"",""batchNumber"":"""",""adjustedByName"":null,""adjustmentReason"":null,""mrp"":65.15,""purchaseBillId"":""JqsSYYOsP2YTNhCeQ6Cc"",""purchaseRate"":49.64,""quantity"":30}]",1006059,,
INDIPIL AM5,,indipil am5,1,20,2026-07-23T04:41:38.309Z,20,"[{""purchaseDate"":""2026-07-22T14:44:06.335Z"",""isManualAdjustment"":false,""expiryDate"":""2028-03-27T18:30:00.000Z"",""quantity"":20,""purchaseBillId"":""JqsSYYOsP2YTNhCeQ6Cc"",""purchaseRate"":117.85,""adjustedByName"":null,""batchNumber"":"""",""mrp"":154.68,""adjustmentReason"":null}]",1006061,,
EVION FORTE CAP,,evion forte cap,1,,,,,1006063,,
PICLIN PLUS SYRUP 200ML,1006065,piclin plus syrup 200ml,1,1,2026-07-17T10:04:07.327Z,1,"[{""quantity"":1,""adjustmentReason"":null,""purchaseBillId"":""6ay79HpxBVdyHOQ5EL0S"",""purchaseRate"":152.11,""mrp"":199.65,""adjustedByName"":null,""purchaseDate"":""2026-07-14T06:31:27.837Z"",""batchNumber"":""MEDI BASKET"",""isManualAdjustment"":false,""expiryDate"":""2028-02-29T18:30:00.000Z""}]",1006065,,
RABLET D,,rablet d,1,,,,,1006067,,
FERICIP XT TAB,,fericip xt tab,1,,,,,1006072,,
SOLFE EXTRA 15 TAB.,,solfe extra 15 tab.,1,,,,,1006074,,
SUMOFLAM TAB. 15 TAB.,,sumoflam tab. 15 tab.,1,,,,,1006076,,
OROFER XT 30TAB.,,orofer xt 30tab.,1,90,2026-07-23T07:11:41.647Z,90,"[{""isManualAdjustment"":false,""purchaseDate"":""2026-07-17T15:06:47.110Z"",""expiryDate"":""2027-07-27T18:30:00.000Z"",""adjustedByName"":null,""batchNumber"":""MEDIBASKET "",""adjustmentReason"":null,""mrp"":635.65,""purchaseBillId"":""sIBrxawP5tddMZN0yUmB"",""purchaseRate"":484.3,""quantity"":90}]",1006078,,
ORO CV 625,,oro cv 625,1,,,,,1006080,,
MEFTAGESIC P SUSP 60ML,1006084,meftagesic p susp 60ml,1,1,2026-07-19T12:27:31.698Z,1,"[{""batchNumber"":""MEDIHUB"",""quantity"":1,""purchaseDate"":""2026-07-16T15:54:16.728Z"",""adjustmentReason"":null,""purchaseBillId"":""iWGAUP8RNvmP0LcHYz2w"",""purchaseRate"":37.14,""adjustedByName"":null,""mrp"":48.75,""expiryDate"":""2027-09-29T18:30:00.000Z"",""isManualAdjustment"":false}]",1006084,,
KAPIVA PAIN RELIEF OIL 100ML,1006087,kapiva pain relief oil 100ml,10,2,2026-07-19T15:49:17.450Z,2,"[{""purchaseBillId"":""741nuHnyq2HPzUHwPany"",""adjustmentReason"":null,""purchaseDate"":""2026-07-16T14:35:03.825Z"",""batchNumber"":""KHNADELWAL"",""quantity"":2,""expiryDate"":""2028-11-27T18:30:00.000Z"",""isManualAdjustment"":false,""purchaseRate"":100.48,""adjustedByName"":null,""mrp"":211}]",1006087,,
ORAL B CAVITY DEFENSE TWIN 2,1006089,oral b cavity defense twin 2,10,7,2026-07-19T10:13:23.576Z,7,"[{""purchaseDate"":""2026-07-18T16:34:09.706Z"",""quantity"":7,""batchNumber"":""PRIDE"",""purchaseBillId"":""xiMCJHYWelCBQ90mlTTr"",""adjustmentReason"":null,""purchaseRate"":18.7,""mrp"":35,""adjustedByName"":null,""expiryDate"":""2027-07-27T18:30:00.000Z"",""isManualAdjustment"":false}]",1006089,,
WHISPER CHOICE ULTRA 10PAD,1006093,whisper choice ultra 10pad,10,1,2026-07-19T10:13:19.711Z,1,"[{""quantity"":1,""batchNumber"":"""",""purchaseDate"":""2026-07-18T16:34:09.706Z"",""adjustmentReason"":null,""purchaseBillId"":""xiMCJHYWelCBQ90mlTTr"",""purchaseRate"":72.08,""mrp"":80,""adjustedByName"":null,""expiryDate"":""2027-07-27T18:30:00.000Z"",""isManualAdjustment"":false}]",1006093,,
PROTINEX ORIGINAL 200GM,1006097,protinex original 200gm,1,1,2026-07-19T15:49:17.253Z,1,"[{""mrp"":390,""adjustedByName"":null,""purchaseRate"":325.8,""expiryDate"":""2027-02-27T18:30:00.000Z"",""isManualAdjustment"":false,""purchaseDate"":""2026-07-16T14:35:03.825Z"",""batchNumber"":""SUNIL"",""quantity"":1,""purchaseBillId"":""741nuHnyq2HPzUHwPany"",""adjustmentReason"":null}]",1006097,,
EMPAONE M ER 25/1000,,empaone m er 25/1000,1,,,,,1006101,,
EMPAGLYDE L10 TAB 10,,empaglyde l10 tab 10,1,,,,,1013041,,
HIMALAYA GUDUCHI TAB 60,,himalaya guduchi tab 60,1,120,2026-07-19T15:49:17.667Z,120,"[{""expiryDate"":""2028-04-27T18:30:00.000Z"",""isManualAdjustment"":false,""purchaseRate"":182.86,""adjustedByName"":null,""mrp"":240,""purchaseBillId"":""741nuHnyq2HPzUHwPany"",""adjustmentReason"":null,""purchaseDate"":""2026-07-16T14:35:03.825Z"",""batchNumber"":""VISION"",""quantity"":120}]",1015668,,
NEERI KFT SYP 200ML,3NjEUw1L9oNK5nXBNlzd,neeri kft syp 200ml,1,1,2026-07-23T05:28:55.167Z,1,"[{""adjustedByName"":null,""batchNumber"":""NNKSF-561-H"",""adjustmentReason"":null,""mrp"":625,""purchaseRate"":625,""quantity"":1,""purchaseBillId"":""PENDING_BATCH"",""isManualAdjustment"":false,""purchaseDate"":""2026-07-21T18:30:00.000Z"",""expiryDate"":""2029-01-27T18:30:00.000Z""}]",3NjEUw1L9oNK5nXBNlzd,,
OKAY GLASS CLEANER,46AMlfH81OqWe2KMbAlP,okay glass cleaner,1,1,2026-07-21T12:45:24.345Z,1,"[{""adjustedByName"":null,""mrp"":100,""purchaseRate"":68,""isManualAdjustment"":false,""expiryDate"":""2027-07-27T18:30:00.000Z"",""purchaseDate"":""2026-07-20T11:44:41.155Z"",""quantity"":1,""batchNumber"":"""",""purchaseBillId"":""DpRyosVyLI5rlWmgtOFb"",""adjustmentReason"":null}]",46AMlfH81OqWe2KMbAlP,,
OKAY UTENSILS GEL,5N3DijUCChupDRRUjzaR,okay utensils gel,1,1,2026-07-21T12:45:24.345Z,1,"[{""mrp"":110,""adjustedByName"":null,""purchaseRate"":70,""expiryDate"":""2027-07-27T18:30:00.000Z"",""isManualAdjustment"":false,""batchNumber"":"""",""quantity"":1,""purchaseDate"":""2026-07-20T11:44:41.155Z"",""adjustmentReason"":null,""purchaseBillId"":""DpRyosVyLI5rlWmgtOFb""}]",5N3DijUCChupDRRUjzaR,,
KITKAT 2F,66wfjJvVkDsQTYowAjhy,kitkat 2f,1,29,2026-07-22T17:24:47.918Z,29,"[{""batchNumber"":"""",""adjustedByName"":null,""adjustmentReason"":null,""mrp"":20,""purchaseRate"":17.32,""quantity"":29,""purchaseBillId"":""Q2efXJCAnKGGkVR1jus1"",""isManualAdjustment"":false,""purchaseDate"":""2026-07-18T09:13:08.334Z"",""expiryDate"":""2027-07-27T18:30:00.000Z""}]",66wfjJvVkDsQTYowAjhy,,
KESH KANTI ADVANCE HAIR OIL,6TzATXEnVBNo27V8Zzni,kesh kanti advance hair oil,1,6,2026-07-18T05:24:02.806Z,6,"[{""expiryDate"":""2028-02-27T18:30:00.000Z"",""quantity"":6,""adjustmentReason"":null,""purchaseBillId"":""VeybXLCYY5P4zaQJq2Yg"",""batchNumber"":"""",""mrp"":89,""adjustedByName"":null,""purchaseRate"":62.11,""isManualAdjustment"":false,""purchaseDate"":""2026-07-14T18:30:00.000Z""}]",6TzATXEnVBNo27V8Zzni,,
CLONAFIT .5,8NzVBQxgXRwudu5TFzVi,clonafit .5,1,30,2026-07-19T08:36:36.004Z,30,"[{""purchaseRate"":28,""adjustedByName"":null,""mrp"":37,""isManualAdjustment"":false,""expiryDate"":""2028-07-27T18:30:00.000Z"",""purchaseDate"":""2026-07-19T07:45:02.731Z"",""batchNumber"":""I45Z003"",""quantity"":30,""purchaseBillId"":""PENDING_BATCH"",""adjustmentReason"":null}]",8NzVBQxgXRwudu5TFzVi,,
VELTAM F,8flC2OK8JqFOaHOpFonw,veltam f,1,0,2026-07-19T08:36:35.787Z,0,"[{""batchNumber"":""VTF251110"",""quantity"":0,""purchaseDate"":""2026-07-19T07:45:02.731Z"",""adjustmentReason"":null,""purchaseBillId"":""PENDING_BATCH"",""mrp"":454,""adjustedByName"":null,""purchaseRate"":345.71,""expiryDate"":""2027-10-27T18:30:00.000Z"",""isManualAdjustment"":false}]",8flC2OK8JqFOaHOpFonw,,
PARAXIN 250MG,BvIXm7zrOULocS4FOd8h,paraxin 250mg,1,30,2026-07-22T11:50:20.044Z,30,"[{""batchNumber"":""ANILA MEDICAL "",""adjustedByName"":null,""adjustmentReason"":null,""mrp"":150.96,""purchaseRate"":107.83,""quantity"":10,""purchaseBillId"":""xBTrbkuespbKiykpnkQu"",""isManualAdjustment"":false,""purchaseDate"":""2026-07-17T10:49:12.489Z"",""expiryDate"":""2028-06-27T18:30:00.000Z""},{""isManualAdjustment"":false,""purchaseDate"":""2026-07-22T11:40:57.019Z"",""expiryDate"":""2028-06-27T18:30:00.000Z"",""adjustedByName"":null,""batchNumber"":"""",""adjustmentReason"":null,""mrp"":150.96,""purchaseRate"":107.83,""purchaseBillId"":""PENDING_BATCH"",""quantity"":20}]",BvIXm7zrOULocS4FOd8h,,
PATANAJALI SAUMYA E/D,DiG1xxPhOImhN8ZfybLh,patanajali saumya e/d,1,2,2026-07-17T10:04:10.276Z,2,"[{""purchaseBillId"":""6ay79HpxBVdyHOQ5EL0S"",""expiryDate"":""2028-03-31T18:30:00.000Z"",""mrp"":32,""purchaseRate"":25.4,""adjustedByName"":null,""adjustmentReason"":null,""quantity"":2,""isManualAdjustment"":false,""batchNumber"":""AAAQ26006  JADU LOGISTIC "",""purchaseDate"":""2026-07-14T06:31:27.837Z""}]",DiG1xxPhOImhN8ZfybLh,,
LOMOLEN,F5j58LEJLfAEUMl6rB37,lomolen,1,0,2026-07-21T13:28:31.874Z,0,[],F5j58LEJLfAEUMl6rB37,,
CRZL ORS LIQUID,GdqXrzdJyDQ74rzXRIpp,crzl ors liquid,1,4,2026-07-21T15:59:08.181Z,4,"[{""adjustmentReason"":null,""purchaseBillId"":""Jgat3IieqMJG7Pua1kp5"",""batchNumber"":"""",""quantity"":4,""purchaseDate"":""2026-07-21T15:14:34.744Z"",""isManualAdjustment"":false,""expiryDate"":""2027-07-27T18:30:00.000Z"",""mrp"":39,""adjustedByName"":null,""purchaseRate"":15}]",GdqXrzdJyDQ74rzXRIpp,,
PARAXIN250MG,J22BrPmomxkF1JcsCDQo,paraxin250mg,1,0,2026-07-17T14:17:56.478Z,0,[],J22BrPmomxkF1JcsCDQo,,
GLUCON D 1KG,K5gKiR2DZi19gxgxjdkU,glucon d 1kg,1,2,2026-07-21T12:45:24.641Z,2,"[{""purchaseBillId"":""DpRyosVyLI5rlWmgtOFb"",""adjustmentReason"":null,""purchaseDate"":""2026-07-20T11:44:41.155Z"",""batchNumber"":""GREEN TRADERS"",""quantity"":2,""isManualAdjustment"":false,""expiryDate"":""2027-02-27T18:30:00.000Z"",""mrp"":255,""adjustedByName"":null,""purchaseRate"":204.96}]",K5gKiR2DZi19gxgxjdkU,,
PAMPERS DIAPER S 2,K7A3K99aAN7f6T79mRNe,pampers diaper s 2,1,1,2026-07-22T05:53:08.230Z,1,"[{""batchNumber"":"""",""quantity"":1,""isManualAdjustment"":false,""mrp"":20,""expiryDate"":""2027-07-27T18:30:00.000Z"",""adjustedByName"":null,""adjustmentReason"":null,""purchaseRate"":15.88,""purchaseBillId"":""6avEgRRYxJgFAOuxhlU4"",""purchaseDate"":""2026-07-21T06:31:03.547Z""}]",K7A3K99aAN7f6T79mRNe,,
KAPIVA ALOEVERA GEL 100GM TUBE,KJ19FKdy72C66IZQymHI,kapiva aloevera gel 100gm tube,1,4,2026-07-22T06:39:54.646Z,4,"[{""purchaseBillId"":""bhRRAkKAOo0qkLvJKDIR"",""purchaseRate"":54.66,""adjustmentReason"":null,""purchaseDate"":""2026-07-19T14:37:06.308Z"",""adjustedByName"":null,""expiryDate"":""2028-02-27T18:30:00.000Z"",""mrp"":99,""quantity"":4,""batchNumber"":""KHANDELWAL"",""isManualAdjustment"":false}]",KJ19FKdy72C66IZQymHI,,
KETOFER SOAP  75GM,MUjSigPKcEEVFL8KBOwV,ketofer soap  75gm,1,10,2026-07-22T11:14:22.290Z,10,"[{""purchaseDate"":""2026-07-21T13:09:59.408Z"",""isManualAdjustment"":false,""expiryDate"":""2028-10-27T18:30:00.000Z"",""purchaseBillId"":""x7gQ1sPaC4imakdKE15v"",""purchaseRate"":20.95,""quantity"":10,""batchNumber"":""DIVFORD  HEALTHCRAE"",""adjustedByName"":null,""mrp"":115,""adjustmentReason"":null}]",MUjSigPKcEEVFL8KBOwV,,
GILLETTE BLADE 4,Oqe2IiDvf7ZnSRIGxXnb,gillette blade 4,1,1,2026-07-22T05:53:07.916Z,1,"[{""batchNumber"":"""",""isManualAdjustment"":false,""quantity"":1,""expiryDate"":""2027-07-27T18:30:00.000Z"",""mrp"":52,""adjustedByName"":null,""purchaseDate"":""2026-07-21T06:31:03.547Z"",""purchaseBillId"":""6avEgRRYxJgFAOuxhlU4"",""adjustmentReason"":null,""purchaseRate"":36.72}]",Oqe2IiDvf7ZnSRIGxXnb,,
SINAREST,Orb6caUMJJAnksnZweH0,sinarest,1,0,2026-07-18T10:45:04.096392Z,0,[],Orb6caUMJJAnksnZweH0,,
AMLYCURE DS SYP 200ML,PS3unvth1PASPKVGxCeQ,amlycure ds syp 200ml,1,1,2026-07-23T05:28:55.834Z,1,"[{""isManualAdjustment"":false,""purchaseDate"":""2026-07-21T18:30:00.000Z"",""expiryDate"":""2028-11-27T18:30:00.000Z"",""adjustedByName"":null,""batchNumber"":""NAMD-1312-H"",""adjustmentReason"":null,""mrp"":326,""purchaseBillId"":""PENDING_BATCH"",""quantity"":1,""purchaseRate"":326}]",PS3unvth1PASPKVGxCeQ,,
SAUNDARYA NEEM TULSI FACE WASH 60GM,Q3yLcB9mrLdUXsza0wiu,saundarya neem tulsi face wash 60gm,1,3,2026-07-18T05:24:03.373Z,3,"[{""expiryDate"":""2028-07-27T18:30:00.000Z"",""quantity"":3,""adjustmentReason"":null,""purchaseBillId"":""VeybXLCYY5P4zaQJq2Yg"",""batchNumber"":"""",""mrp"":60,""adjustedByName"":null,""isManualAdjustment"":false,""purchaseRate"":39.78,""purchaseDate"":""2026-07-14T18:30:00.000Z""}]",Q3yLcB9mrLdUXsza0wiu,,
DULCOFLEX ADULT SUPPOSITORIES,QXPPmr93acy9IM0UcX68,dulcoflex adult suppositories,1,0,2026-07-19T08:36:36.363Z,0,"[{""isManualAdjustment"":false,""expiryDate"":""2028-04-27T18:30:00.000Z"",""adjustedByName"":null,""mrp"":231,""purchaseRate"":175.91,""adjustmentReason"":null,""purchaseBillId"":""PENDING_BATCH"",""quantity"":0,""batchNumber"":""SA26013"",""purchaseDate"":""2026-07-19T07:45:02.731Z""}]",QXPPmr93acy9IM0UcX68,,
OKAY PHENYL EXTRA STONG,QlLZedZ8oVpaehZ45sex,okay phenyl extra stong,1,1,2026-07-21T12:45:24.345Z,1,"[{""purchaseDate"":""2026-07-20T11:44:41.155Z"",""quantity"":1,""batchNumber"":"""",""purchaseBillId"":""DpRyosVyLI5rlWmgtOFb"",""adjustmentReason"":null,""purchaseRate"":35,""adjustedByName"":null,""mrp"":55,""expiryDate"":""2027-07-27T18:30:00.000Z"",""isManualAdjustment"":false}]",QlLZedZ8oVpaehZ45sex,,
SAUMYA EYE DROP 1OML,RAIpqB8vuagIkbYyMu2u,saumya eye drop 1oml,1,2,2026-07-18T05:24:03.292Z,2,"[{""expiryDate"":""2027-07-27T18:30:00.000Z"",""adjustmentReason"":null,""quantity"":2,""batchNumber"":"""",""purchaseBillId"":""VeybXLCYY5P4zaQJq2Yg"",""adjustedByName"":null,""mrp"":32,""isManualAdjustment"":false,""purchaseRate"":25.4,""purchaseDate"":""2026-07-14T18:30:00.000Z""}]",RAIpqB8vuagIkbYyMu2u,,
GILLETTE BLADE 8,RK9S3h2mIsYHxTR2T34N,gillette blade 8,1,1,2026-07-22T05:53:07.916Z,1,"[{""adjustmentReason"":null,""purchaseRate"":69.21,""purchaseBillId"":""6avEgRRYxJgFAOuxhlU4"",""purchaseDate"":""2026-07-21T06:31:03.547Z"",""expiryDate"":""2027-07-27T18:30:00.000Z"",""mrp"":98,""isManualAdjustment"":false,""batchNumber"":"""",""quantity"":1,""adjustedByName"":null}]",RK9S3h2mIsYHxTR2T34N,,
AMALKI TAB,S18EISRj8MBMd8lLJUmt,amalki tab,1,30,2026-07-23T05:28:55.506Z,30,"[{""isManualAdjustment"":false,""purchaseDate"":""2026-07-21T18:30:00.000Z"",""expiryDate"":""2027-08-27T18:30:00.000Z"",""purchaseBillId"":""PENDING_BATCH"",""quantity"":30,""purchaseRate"":218,""batchNumber"":""NAMKT-116-H(218)"",""adjustedByName"":null,""adjustmentReason"":null,""mrp"":218}]",S18EISRj8MBMd8lLJUmt,,
KESH KANTI TEL,VCqXCc7pdKOdR6ChCvfl,kesh kanti tel,1,6,2026-07-18T05:24:03.289Z,6,"[{""expiryDate"":""2028-02-27T18:30:00.000Z"",""isManualAdjustment"":false,""batchNumber"":"""",""adjustedByName"":null,""purchaseDate"":""2026-07-14T18:30:00.000Z"",""mrp"":124,""purchaseRate"":96.57,""adjustmentReason"":null,""purchaseBillId"":""VeybXLCYY5P4zaQJq2Yg"",""quantity"":6}]",VCqXCc7pdKOdR6ChCvfl,,
VICKS EXTRA STRONG VAPORUB 25ML,WTkjz2BvWVzCJa7VDWTa,vicks extra strong vaporub 25ml,1,3,2026-07-22T05:53:07.749Z,3,"[{""purchaseRate"":92.98,""purchaseBillId"":""6avEgRRYxJgFAOuxhlU4"",""adjustmentReason"":null,""purchaseDate"":""2026-07-21T06:31:03.547Z"",""adjustedByName"":null,""quantity"":3,""batchNumber"":"""",""isManualAdjustment"":false,""mrp"":117,""expiryDate"":""2027-07-27T18:30:00.000Z""}]",WTkjz2BvWVzCJa7VDWTa,,
RIDOL TAB.,WVp1twPXaaP3c9dpTmUN,ridol tab.,1,20,2026-07-22T16:18:13.702Z,20,"[{""isManualAdjustment"":false,""purchaseDate"":""2026-07-22T11:40:57.019Z"",""expiryDate"":""2029-02-27T18:30:00.000Z"",""purchaseBillId"":""PENDING_BATCH"",""purchaseRate"":16.52,""quantity"":20,""batchNumber"":"""",""adjustedByName"":null,""adjustmentReason"":null,""mrp"":22}]",WVp1twPXaaP3c9dpTmUN,,
SMUTH SYP.,Zt7oSaatAbCbp6H2wzQ2,smuth syp.,1,1,2026-07-22T11:50:20.405Z,1,"[{""isManualAdjustment"":false,""purchaseDate"":""2026-07-22T11:40:57.019Z"",""expiryDate"":""2028-02-27T18:30:00.000Z"",""purchaseBillId"":""PENDING_BATCH"",""purchaseRate"":82.97,""quantity"":1,""batchNumber"":"""",""adjustedByName"":null,""adjustmentReason"":null,""mrp"":108.9}]",Zt7oSaatAbCbp6H2wzQ2,,
PATANJALI UBTAN FACE WASH 60GM,bZpwVFGLGJne32QtGjBZ,patanjali ubtan face wash 60gm,1,3,2026-07-18T05:24:03.374Z,3,"[{""isManualAdjustment"":false,""purchaseRate"":50.85,""purchaseDate"":""2026-07-14T18:30:00.000Z"",""batchNumber"":"""",""purchaseBillId"":""VeybXLCYY5P4zaQJq2Yg"",""mrp"":75,""adjustedByName"":null,""adjustmentReason"":null,""quantity"":3,""expiryDate"":""2028-07-27T18:30:00.000Z""}]",bZpwVFGLGJne32QtGjBZ,,
VAGITONE WASH 100ML,fJQO3SdhXEe3ZB9mNnIq,vagitone wash 100ml,1,2,2026-07-23T05:28:56.195Z,2,"[{""purchaseDate"":""2026-07-21T18:30:00.000Z"",""isManualAdjustment"":false,""expiryDate"":""2028-09-27T18:30:00.000Z"",""purchaseRate"":164,""quantity"":2,""purchaseBillId"":""PENDING_BATCH"",""adjustedByName"":null,""batchNumber"":"""",""mrp"":164,""adjustmentReason"":null}]",fJQO3SdhXEe3ZB9mNnIq,,
OLD SPICE POCKET PERFUME,fNYPyiR9lTS7i9HmjK72,old spice pocket perfume,1,6,2026-07-22T05:53:07.645Z,6,"[{""batchNumber"":"""",""quantity"":6,""isManualAdjustment"":false,""expiryDate"":""2027-07-27T18:30:00.000Z"",""mrp"":75,""adjustedByName"":null,""purchaseDate"":""2026-07-21T06:31:03.547Z"",""purchaseBillId"":""6avEgRRYxJgFAOuxhlU4"",""purchaseRate"":45.4,""adjustmentReason"":null}]",fNYPyiR9lTS7i9HmjK72,,
PARAXIN 500,gBXQQgY46X2MRIJLwL2A,paraxin 500,1,20,2026-07-23T04:45:40.934Z,20,"[{""adjustedByName"":null,""batchNumber"":""PXC25007"",""mrp"":244.2,""adjustmentReason"":null,""quantity"":20,""purchaseRate"":186.06,""purchaseBillId"":""IrTpu5j5Yl9Utbd6pboJ"",""purchaseDate"":""2026-07-16T14:43:06.842Z"",""isManualAdjustment"":false,""expiryDate"":""2028-05-30T18:30:00.000Z""}]",gBXQQgY46X2MRIJLwL2A,,
SAUNDARYA NEEM TULSI FACE WASH  100GM,gyxO8usKvHMxKXuGA5id,saundarya neem tulsi face wash  100gm,1,3,2026-07-18T05:24:03.373Z,3,"[{""adjustedByName"":null,""mrp"":95,""batchNumber"":"""",""purchaseBillId"":""VeybXLCYY5P4zaQJq2Yg"",""purchaseDate"":""2026-07-14T18:30:00.000Z"",""purchaseRate"":62.97,""isManualAdjustment"":false,""expiryDate"":""2028-07-27T18:30:00.000Z"",""adjustmentReason"":null,""quantity"":3}]",gyxO8usKvHMxKXuGA5id,,
DEPSONIL 25 TAB,hpYu4LCrdbjil2jN6ih4,depsonil 25 tab,1,0,2026-07-19T08:36:36.609Z,0,"[{""purchaseRate"":13.64,""mrp"":18,""adjustedByName"":null,""isManualAdjustment"":false,""expiryDate"":""2028-12-27T18:30:00.000Z"",""batchNumber"":""DSA26001"",""quantity"":0,""purchaseDate"":""2026-07-19T07:45:02.731Z"",""adjustmentReason"":null,""purchaseBillId"":""PENDING_BATCH""}]",hpYu4LCrdbjil2jN6ih4,,
VAGITONE WASH 50ML,ieMhulEhlQfpHqgu1Ndo,vagitone wash 50ml,1,2,2026-07-23T05:28:56.520Z,2,"[{""batchNumber"":"""",""adjustedByName"":null,""adjustmentReason"":null,""mrp"":98,""quantity"":2,""purchaseBillId"":""PENDING_BATCH"",""purchaseRate"":98,""isManualAdjustment"":false,""purchaseDate"":""2026-07-21T18:30:00.000Z"",""expiryDate"":""2028-09-27T18:30:00.000Z""}]",ieMhulEhlQfpHqgu1Ndo,,
GILLETTE SHAVING FOAM 50GM,l5mc90xE97BOgOVCxWxU,gillette shaving foam 50gm,1,1,2026-07-22T05:53:07.748Z,1,"[{""adjustedByName"":null,""mrp"":95,""expiryDate"":""2027-07-27T18:30:00.000Z"",""quantity"":1,""batchNumber"":"""",""isManualAdjustment"":false,""adjustmentReason"":null,""purchaseRate"":71.89,""purchaseBillId"":""6avEgRRYxJgFAOuxhlU4"",""purchaseDate"":""2026-07-21T06:31:03.547Z""}]",l5mc90xE97BOgOVCxWxU,,
JOHNSON BABY MASSAGE OIL,lnNMERfLbrj6AeBvpQiM,johnson baby massage oil,1,2,2026-07-19T12:27:32.479Z,2,"[{""isManualAdjustment"":false,""expiryDate"":""2028-08-27T18:30:00.000Z"",""mrp"":150,""adjustedByName"":null,""purchaseRate"":109.58,""purchaseBillId"":""iWGAUP8RNvmP0LcHYz2w"",""adjustmentReason"":null,""purchaseDate"":""2026-07-16T15:54:16.728Z"",""batchNumber"":""KARTIKA"",""quantity"":2}]",lnNMERfLbrj6AeBvpQiM,,
DANT KANTI TOOTHPASTE 20GM,nV0qcv88TodAXfWlKGRS,dant kanti toothpaste 20gm,1,6,2026-07-18T05:24:03.291Z,6,"[{""adjustmentReason"":null,""quantity"":6,""expiryDate"":""2028-02-27T18:30:00.000Z"",""isManualAdjustment"":false,""purchaseRate"":15.96,""purchaseDate"":""2026-07-14T18:30:00.000Z"",""purchaseBillId"":""VeybXLCYY5P4zaQJq2Yg"",""batchNumber"":"""",""adjustedByName"":null,""mrp"":20}]",nV0qcv88TodAXfWlKGRS,,
AMYVORDIL FORTE SYRUP 200ML,nqva9j54SIVYMkvvYAuW,amyvordil forte syrup 200ml,1,1,2026-07-23T05:28:54.752Z,1,"[{""expiryDate"":""2028-11-27T18:30:00.000Z"",""purchaseDate"":""2026-07-21T18:30:00.000Z"",""isManualAdjustment"":false,""mrp"":378,""adjustmentReason"":null,""batchNumber"":""NACFS-111-H(374)A"",""adjustedByName"":null,""purchaseRate"":378,""purchaseBillId"":""PENDING_BATCH"",""quantity"":1}]",nqva9j54SIVYMkvvYAuW,,
DABUR CHANDRAPRABHA VATI,oJF9so47BSwUHtDcsmDG,dabur chandraprabha vati,1,80,2026-07-22T06:39:51.767Z,80,"[{""purchaseBillId"":""bhRRAkKAOo0qkLvJKDIR"",""adjustmentReason"":null,""purchaseRate"":136,""purchaseDate"":""2026-07-19T14:37:06.308Z"",""adjustedByName"":null,""quantity"":80,""isManualAdjustment"":false,""batchNumber"":""P. GEDAR"",""mrp"":170,""expiryDate"":""2030-12-27T18:30:00.000Z""}]",oJF9so47BSwUHtDcsmDG,,
RIFAXIGYL M,pD73VvUz5EC3mFpmrizB,rifaxigyl m,1,20,2026-07-23T04:45:40.936Z,20,"[{""isManualAdjustment"":false,""purchaseDate"":""2026-07-16T14:43:06.842Z"",""expiryDate"":""2028-03-30T18:30:00.000Z"",""adjustedByName"":null,""batchNumber"":""UT26026"",""adjustmentReason"":null,""mrp"":234.38,""purchaseRate"":178.58,""quantity"":20,""purchaseBillId"":""IrTpu5j5Yl9Utbd6pboJ""}]",pD73VvUz5EC3mFpmrizB,,
MEMTOME SYP 200ML,q4xy9i0MRoHkoz4Qjif4,memtome syp 200ml,1,1,2026-07-23T05:28:54.405Z,1,"[{""expiryDate"":""2028-08-27T18:30:00.000Z"",""isManualAdjustment"":false,""purchaseDate"":""2026-07-21T18:30:00.000Z"",""adjustmentReason"":null,""mrp"":244,""batchNumber"":""MTS-266-D-AML"",""adjustedByName"":null,""purchaseBillId"":""PENDING_BATCH"",""quantity"":1,""purchaseRate"":244}]",q4xy9i0MRoHkoz4Qjif4,,
DANT KANTI TOOTHPASTE 10GM,qiIrFfLL2rJbqZ7gJbcP,dant kanti toothpaste 10gm,1,6,2026-07-18T05:24:03.291Z,6,"[{""adjustedByName"":null,""mrp"":10,""purchaseBillId"":""VeybXLCYY5P4zaQJq2Yg"",""batchNumber"":"""",""purchaseDate"":""2026-07-14T18:30:00.000Z"",""isManualAdjustment"":false,""purchaseRate"":7.63,""expiryDate"":""2028-02-27T18:30:00.000Z"",""adjustmentReason"":null,""quantity"":6}]",qiIrFfLL2rJbqZ7gJbcP,,
AMYCORDIAL SYP 200ML,qv23mSqGcRnwd4VoF6Nr,amycordial syp 200ml,1,1,2026-07-23T05:28:54.052Z,1,"[{""purchaseDate"":""2026-07-21T18:30:00.000Z"",""isManualAdjustment"":false,""expiryDate"":""2028-04-27T18:30:00.000Z"",""adjustedByName"":null,""batchNumber"":""220"",""mrp"":220,""adjustmentReason"":null,""quantity"":1,""purchaseRate"":220,""purchaseBillId"":""PENDING_BATCH""}]",qv23mSqGcRnwd4VoF6Nr,,
GILLETTE GUARD SHAVING CREAM 125 GM,slD6PcEMngz67yvNY00d,gillette guard shaving cream 125 gm,1,1,2026-07-22T05:53:07.747Z,1,"[{""expiryDate"":""2027-07-27T18:30:00.000Z"",""mrp"":62,""quantity"":1,""batchNumber"":"""",""isManualAdjustment"":false,""adjustedByName"":null,""purchaseBillId"":""6avEgRRYxJgFAOuxhlU4"",""adjustmentReason"":null,""purchaseRate"":47.24,""purchaseDate"":""2026-07-21T06:31:03.547Z""}]",slD6PcEMngz67yvNY00d,,