companyName,packUnit,nameLower,gstPercent,manufacturer,requiresColdStorage,hsnCode,mrp,genericName,lowStockThreshold,packSize,rate,contentUnit,isActive,name,createdAt,division,productType,_id,id,purchaseRate
OKAY,Unit,okay floor cleaner,0,OKAY,false,,71,,1,1,48,Unit,true,OKAY FLOOR CLEANER,2026-07-21T07:31:30.644Z,general,others,0DKOHYcR7aYIOYH18LEl,,
CADILA,Strip,aciloc 150 1*30,5,CADILA,false,3002,50.44,,1,30,38.43,Tablet,true,ACILOC 150 1*30,2026-07-15T01:44:59.852295Z,general,tablet,1000000,1000000,
DR. REDDY'S,Strip,razo d,5,DR. REDDY'S,false,3002,361,,1,15,275.05,Capsule,true,RAZO D,2026-07-15T14:19:20.626Z,general,capsule,1000011,1000011,
IPCA,Strip,folitrax 7.5,5,IPCA,false,3002,163.25,,1,10,124.38,Tablet,true,FOLITRAX 7.5,2026-07-15T10:33:12.182480Z,general,tablet,1000012,1000012,
-BLANK-,Strip,maxorif 400 1*10,12,-BLANK-,false,3004,295.31,,1,10,233.1,Tablet,true,MAXORIF 400 1*10,2026-07-15T11:37:49.548Z,general,tablet,1000019,1000019,
LUPIN LIFE,Unit,,5,,,3002,169.5,,1,1,132.86,Unit,true,APTIVATE 175 ML,2026-07-14T07:55:03.022Z,general,others,1000025,1000025,
LUPIN LIFE,Strip,beplex-forte,5,LUPIN LIFE,false,3002,56.85,B complex + Vit. C,1,20,40.61,Tablet,true,BEPLEX-FORTE,2026-07-15T02:57:55.735021Z,general,tablet,1000029,1000029,
ABOTT,Unit,,5,,,3002,337.8,,1,1,257.38,Unit,true,CREMAFFIN PLUS 225 ML,2026-07-14T07:54:48.503Z,general,others,1000030,1000030,
ABOTT,Unit,,12,,,3004,280.86,,1,1,200.61,Unit,true,CREMAFFIN MINT SF 225 ML,2026-07-14T07:54:48.503Z,general,others,1000036,1000036,
ZYDUS,Strip,deriphyllin-rt 300,12,ZYDUS,false,3004,56.8,,1,30,40.61,Tablet,true,DERIPHYLLIN-RT 300,2026-07-15T09:37:06.842809Z,general,tablet,1000040,1000040,
ZYDUS,Strip,lipaglyn 4mg tablets 10,12,ZYDUS,false,3004,442.35,,1,10,315.96,Tablet,true,LIPAGLYN 4MG TABLETS 10,2026-07-14T11:51:18.824Z,general,tablet,1000042,1000042,
ZYDUS,Strip,doxolin,12,ZYDUS,false,3004,126.8,,1,30,90.57,Tablet,true,DOXOLIN,2026-07-15T09:55:53.916295Z,general,tablet,1000044,1000044,
ZYDUS,Strip,odimont fx,5,ZYDUS,false,3002,323,,1,15,246.33,Tablet,true,ODIMONT FX,2026-07-15T12:46:32.795Z,general,tablet,1000050,1000050,
LUPIN LIFE,Unit,,12,,,3004,185.63,,1,1,141.45,Unit,true,PICLIN SYRUP 150ML,2026-07-14T07:55:03.022Z,general,others,1000052,1000052,
MSD,Unit,,12,,,3004,89,,1,1,57.9,Unit,true,QUADRIDERM RF CREAM 5 GM,2026-07-14T07:55:06.900Z,general,others,1000054,1000054,
ZYDUS,Strip,ramitorva capsule,12,ZYDUS,false,3004,48.28,,1,10,36.79,Tablet,true,RAMITORVA CAPSULE,2026-07-15T14:17:17.704Z,general,tablet,1000056,1000056,
LUPIN LIFE,Strip,vilnip-m 50/500,12,LUPIN LIFE,false,3004,198.3,,1,15,129,Tablet,true,VILNIP-M 50/500,2026-07-15T15:57:09.732Z,general,tablet,1000058,1000058,
ARISTRO,Strip,aristozyme tablet,12,ARISTRO,false,3004,95,,1,15,67.86,Tablet,true,ARISTOZYME TABLET,2026-07-15T02:16:54.445262Z,general,tablet,1000062,1000062,
USV,Strip,ecosprin gold 2o,5,USV,false,3002,182.44,,1,15,145.95,Tablet,true,ECOSPRIN GOLD 2O,2026-07-15T10:10:55.609232Z,general,tablet,1000068,1000068,
USV,Strip,ecosprin gold 10 forte,12,USV,false,3004,95.72,,1,10,76.57,Tablet,true,ECOSPRIN GOLD 10 FORTE,2026-07-15T10:10:43.448610Z,general,tablet,1000069,1000069,
USV,Strip,ecosprin 150,5,USV,false,3002,11.29,,1,14,8.57,Tablet,true,ECOSPRIN 150,2026-07-15T10:08:35.980934Z,general,tablet,1000072,1000072,
USV,Strip,ecosprin 75,5,USV,false,3002,5.29,,1,14,4.34,Tablet,true,ECOSPRIN 75,2026-07-15T10:08:47.514298Z,general,tablet,1000074,1000074,
USV,Strip,ecosprin av 150/20,12,USV,false,3004,47.5,,1,10,35.62,Tablet,true,ECOSPRIN AV 150/20,2026-07-15T10:09:22.877093Z,general,tablet,1000075,1000075,
USV,Strip,ecosprin av 75/20,5,USV,false,3002,47.5,,1,10,32.4,Tablet,true,ECOSPRIN AV 75/20,2026-07-15T10:10:12.211845Z,general,tablet,1000076,1000076,
USV,Strip,ecosprin av 75,5,USV,false,3002,61.22,,1,15,45.49,Tablet,true,ECOSPRIN AV 75,2026-07-15T10:10:04.788048Z,general,tablet,1000078,1000078,
USV,Strip,ecosprin av 150,5,USV,false,3002,61.45,,1,15,49.58,Tablet,true,ECOSPRIN AV 150,2026-07-15T10:09:11.388377Z,general,tablet,1000079,1000079,
P/G,Strip,evion 400,5,P/G,false,3002,89.57,,1,20,68.25,Capsule,true,EVION 400,2026-07-15T10:24:21.690205Z,general,capsule,1000081,1000081,
DR. REDDY'S,Strip,glimy m1,5,DR. REDDY'S,false,3002,220,,1,15,167.74,Tablet,true,GLIMY M1,2026-07-15T10:43:49.078497Z,general,tablet,1000083,1000083,
DR. REDDY'S,Strip,glimy m2,5,DR. REDDY'S,false,3002,298.28,,1,15,227.26,Tablet,true,GLIMY M2,2026-07-15T10:43:56.800291Z,general,tablet,1000084,1000084,
DR. REDDY'S,Strip,ketorol dt,5,DR. REDDY'S,false,3002,182.78,,1,15,139.26,Tablet,true,KETOROL DT,2026-07-15T11:15:18.052503Z,general,tablet,1000085,1000085,
P/G,Unit,,12,,,3004,138,,1,1,98.61,Unit,true,POLIYBION LC 150ML,2026-07-14T07:55:06.900Z,general,others,1000090,1000090,
USV,Strip,roseday 10,5,USV,false,3002,212.81,,1,15,148.82,Tablet,true,ROSEDAY 10,2026-07-15T14:30:32.152Z,general,tablet,1000091,1000091,
USV,Strip,roseday gold 10,12,USV,false,3004,163.3,,1,10,116.64,Tablet,true,ROSEDAY GOLD 10,2026-07-15T14:31:33.497Z,general,tablet,1000093,1000093,
USV,Strip,tazloc-h,12,USV,false,3004,171.35,,1,10,122.39,Tablet,true,TAZLOC-H,2026-07-15T15:32:52.230Z,general,tablet,1000095,1000095,
SYNCHEM,Strip,tussin-dmr,12,SYNCHEM,false,3004,59.06,,1,10,45.05,Tablet,true,TUSSIN-DMR,2026-07-15T15:48:47.967Z,general,tablet,1000097,1000097,
SUN PHARMA,Strip,istamet 50/500mg,5,SUN PHARMA,false,3002,156,,1,15,111.43,Tablet,true,ISTAMET 50/500MG,2026-07-15T11:12:32.692141Z,general,tablet,1000098,1000098,
SUN PHARMA,Strip,istamet 50/1000mg,5,SUN PHARMA,false,3002,173,,1,15,123.57,Tablet,true,ISTAMET 50/1000MG,2026-07-15T11:12:25.226639Z,general,tablet,1000099,1000099,
SUN PHARMA,Strip,pantocid 40,5,SUN PHARMA,false,3002,196,,1,15,149.29,Tablet,true,PANTOCID 40,2026-07-15T13:21:29.050Z,general,tablet,1000100,1000100,
GLENMARK,Strip,alex lozenges 10,5,GLENMARK,false,3002,132.18,Dextromethorphan,1,10,100.71,Tablet,true,ALEX LOZENGES 10,2026-07-15T02:02:45.273287Z,general,tablet,1000101,1000101,
GLENMARK,Unit,,5,,,3002,115,,1,1,82.15,Unit,true,ALEX P 60ML,2026-07-14T07:54:59.078Z,general,others,1000102,1000102,
GLENMARK,Unit,,12,,,3004,132.19,,1,1,100.71,Unit,true,ALEX SYRUP 100ML,2026-07-14T07:54:59.078Z,general,others,1000103,1000103,
MAKSON HEALTHCARE,Strip,amlovas at 15,5,MAKSON HEALTHCARE,false,3002,145.18,Amlodipine+ Atenolol,1,15,110.62,Tablet,true,AMLOVAS AT 15,2026-07-15T02:11:06.790361Z,general,tablet,1000104,1000104,
GLENMARK,Unit,,12,,,3004,90.94,,1,1,69.3,Unit,true,CANDID BIOTIC E/D DROP 5ML,2026-07-14T07:54:59.078Z,general,others,1000105,1000105,
GLENMARK,Unit,,12,,,3004,174,,1,1,124.29,Unit,true,CANDID POWDER 120 GM,2026-07-14T07:54:59.078Z,general,others,1000106,1000106,
GLENMARK,Unit,,12,,,3004,104,,1,1,67.86,Unit,true,CANDID POWDER 60GM,2026-07-14T07:54:59.078Z,general,others,1000109,1000109,
GLENMARK,Unit,,12,,,3004,118,,1,1,84.29,Unit,true,CANDID TOTAL PLUS 1,2026-07-14T07:54:59.078Z,general,others,1000110,1000110,
GLENMARK,Unit,,12,,,3004,230,,1,1,164.29,Unit,true,CANDID-B LOTION 30GM,2026-07-14T07:54:59.078Z,general,others,1000131,1000131,
GLENMARK,Strip,candid-cl,12,GLENMARK,false,3004,174,,1,3,124.29,Capsule,true,CANDID-CL,2026-07-15T03:15:06.979552Z,general,capsule,1000135,1000135,
IPCA,Unit,,12,,,3004,257.3,,1,1,183.79,Unit,true,CTD-T 12.5/40 15,2026-07-14T07:55:03.022Z,general,others,1000137,1000137,
GLENMARK,Unit,,12,,,3004,122.81,,1,1,93.57,Unit,true,FLUCORT-N 20GM,2026-07-14T07:54:59.078Z,general,others,1000138,1000138,
IPCA,Strip,glycinorm-m 40,12,IPCA,false,3004,129.7,,1,15,88.25,Tablet,true,GLYCINORM-M 40,2026-07-15T10:45:16.416896Z,general,tablet,1000139,1000139,
IPCA,Strip,glycinorm-m 60 od,12,IPCA,false,3004,159.05,,1,10,113.61,Tablet,true,GLYCINORM-M 60 OD,2026-07-15T10:45:28.262370Z,general,tablet,1000140,1000140,
MACLEODS,Strip,it-mac 200,5,MACLEODS,false,3002,237,,1,10,181.16,Capsule,true,IT-MAC 200,2026-07-15T11:13:12.878255Z,general,capsule,1000141,1000141,
GLENMARK,Unit,,5,,,3002,160,,1,1,114.29,Unit,true,CANDID-V 30GM,2026-07-14T07:54:59.078Z,general,others,1000144,1000144,
GLENMARK,Unit,,12,,,3004,353.5,,1,1,252.5,Unit,true,CANDID TV 75ML,2026-07-14T07:54:59.078Z,general,others,1000146,1000146,
HETERO HEALTHCARE,Strip,lanol er,5,HETERO HEALTHCARE,false,3002,22.75,,1,10,16,Tablet,true,LANOL ER,2026-07-15T11:16:19.355839Z,general,tablet,1000148,1000148,
GLENMARK,Unit,,5,,,3002,325,,1,1,232.14,Unit,true,MOMATE CREAM 20GM,2026-07-14T07:54:59.078Z,general,others,1000149,1000149,
MACLEODS,Strip,mylamin 10,12,MACLEODS,false,3004,63.98,,1,10,48.75,Tablet,true,MYLAMIN 10,2026-07-15T13:34:18.671Z,general,tablet,1000150,1000150,
MACLEODS,Unit,,12,,,3004,58.78,,1,1,44.78,Unit,true,OFLOMAC M 60ML,2026-07-14T07:55:03.022Z,general,others,1000151,1000151,
MACLEODS,Strip,olmesar 20,12,MACLEODS,false,3004,213.75,,1,15,162.86,Tablet,true,OLMESAR 20,2026-07-15T12:54:23.524Z,general,tablet,1000153,1000153,
MACLEODS,Strip,olmesar 10,12,MACLEODS,false,3004,156.75,,1,15,111.97,Tablet,true,OLMESAR 10,2026-07-15T12:54:08.894Z,general,tablet,1000155,1000155,
MACLEODS,Strip,omnacortil 5mg,5,MACLEODS,false,3002,7,,1,10,5.79,Tablet,true,OMNACORTIL 5MG,2026-07-15T12:57:05.381Z,general,tablet,1000157,1000157,
IPCA,Unit,,12,,,3004,39.69,,1,1,30.24,Unit,true,PERISET 30ML,2026-07-14T07:55:03.022Z,general,others,1000159,1000159,
MACLEODS,Strip,rabemac-dsr,5,MACLEODS,false,3002,246.14,,1,15,187.54,Capsule,true,RABEMAC-DSR,2026-07-15T14:14:22.431Z,general,capsule,1000160,1000160,
IPCA,Strip,revelol-xl 50,12,IPCA,false,3004,98.11,,1,15,70.07,Tablet,true,REVELOL-XL 50,2026-07-15T14:23:58.898Z,general,tablet,1000161,1000161,
IPCA,Strip,solvin cold,12,IPCA,false,3004,63.61,,1,10,48.47,Tablet,true,SOLVIN COLD,2026-07-15T14:57:45.108Z,general,tablet,1000162,1000162,
VICKS,Unit,,12,,,BLANK,117,,1,1,91.05,Unit,true,VICKS BABY RUB 25ML,2026-07-14T07:55:10.883Z,general,others,1000164,1000164,
VICKS,Unit,,5,,,3002,69,,1,1,49.22,Unit,true,VICKS INHALER 0.5ML,2026-07-14T07:55:10.883Z,general,others,1000165,1000165,
VICKS,Unit,,5,,,3002,23,,1,1,18.28,Unit,true,VICKS VAPOUR RUB 5GM,2026-07-14T07:55:10.883Z,general,others,1000166,1000166,
VICKS,Unit,,5,,,3002,102,,1,1,81.07,Unit,true,VICKS VAPOUR RUB 25GM,2026-07-14T07:55:10.883Z,general,others,1000167,1000167,
MANKIND,Unit,,5,,,3002,42,,1,1,32.21,Unit,true,BANDY PLUS 10ML,2026-07-14T07:55:06.900Z,general,others,1000169,1000169,
MANKIND,Unit,,5,,,3002,19,,1,1,14.54,Unit,true,BANDY 10ML,2026-07-14T07:55:06.900Z,general,others,1000170,1000170,
MANKIND,Strip,bandy tab,12,MANKIND,false,3004,9.24,,1,1,6.49,Tablet,true,BANDY TAB,2026-07-15T02:49:12.453650Z,general,tablet,1000171,1000171,
Mankind,Unit,betakind gargal 50ml,12,Mankind,false,3004,124.78,,1,1,95.07,Unit,true,BETAKIND GARGAL 50ML,2026-07-15T02:58:52.962955Z,general,others,1000172,1000172,
MANKIND,Unit,,12,,,3004,230.89,,1,1,164.92,Unit,true,CEFAKIND 250 10,2026-07-14T07:55:06.900Z,general,others,1000173,1000173,
MANKIND,Unit,,12,,,3004,166.31,,1,1,126.71,Unit,true,CEFAKIND DRY 30ML,2026-07-14T07:55:06.900Z,general,others,1000174,1000174,
INDOCO,Unit,,5,,,3002,131,,1,1,99.81,Unit,true,CITAL LIQUID 100ML,2026-07-14T07:55:03.022Z,general,others,1000175,1000175,
MANKIND,Strip,d3 must 60k,5,MANKIND,false,3004,164.12,,1,8,125.04,Tablet,true,D3 MUST 60K,2026-07-15T09:49:57.344513Z,general,tablet,1000178,1000178,
MICROLABS,Strip,dolo 650,5,MICROLABS,false,3002,32.12,,1,15,24.47,Tablet,true,DOLO 650,2026-07-15T09:54:45.024325Z,general,tablet,1000179,1000179,
MANKIND,Strip,flora bc,12,MANKIND,false,3004,48.68,,1,10,34.77,Tablet,true,FLORA BC,2026-07-15T10:29:13.208142Z,general,tablet,1000180,1000180,
MANKIND,Unit,,12,,,3004,278.44,,1,1,212.14,Unit,true,MANFORCE 50MG 9,2026-07-14T07:55:06.900Z,general,others,1000181,1000181,
MANKIND,Strip,nurokind lc,12,MANKIND,false,3004,239.85,,1,15,171.32,Tablet,true,NUROKIND LC,2026-07-15T12:40:20.398Z,general,tablet,1000182,1000182,
MANKIND,Strip,nurokind z forte 15,12,MANKIND,false,3004,119.11,,1,15,90.75,Tablet,true,NUROKIND Z FORTE 15,2026-07-15T12:43:58.114Z,general,tablet,1000183,1000183,
MANKIND,Unit,,5,,,3002,60,,1,1,49.53,Unit,true,PREGANEWS 1,2026-07-14T07:55:06.900Z,general,others,1000184,1000184,
ELAN PHARMA,Strip,rinifol,12,ELAN PHARMA,false,3004,84,,1,15,64,Tablet,true,RINIFOL,2026-07-15T14:26:55.473Z,general,tablet,1000185,1000185,
WARDEX,Unit,,12,,,3004,86.25,,1,1,65.75,Unit,true,SENSODENT K 60GM,2026-07-14T07:55:10.883Z,general,others,1000186,1000186,
WARDEX,Unit,,5,,,3002,135,,1,1,92.55,Unit,true,SENSODENT KF 75GM,2026-07-14T07:55:10.883Z,general,others,1000187,1000187,
FRANCO PHARMACUETICALS,Unit,,12,,,3004,126.56,,1,1,96.43,Unit,true,SURFAZ POWDER 100GM,2026-07-14T07:54:59.078Z,general,others,1000188,1000188,
MANKIND,Strip,ventidox-m,12,MANKIND,false,3004,106.28,,1,10,75.91,Tablet,true,VENTIDOX-M,2026-07-15T15:54:53.570Z,general,tablet,1000189,1000189,
SYSTOPICS,Unit,,18,,,3009,95,,1,1,67.09,Unit,true,ACNIL 75GM,2026-07-14T07:55:10.883Z,general,others,1000190,1000190,
PIRAMAL,Strip,avomine 25,5,PIRAMAL,false,3002,69.83,Promethazine,1,10,53.2,Tablet,true,AVOMINE 25,2026-07-15T02:27:42.219508Z,general,tablet,1000191,1000191,
SYSTOPICS,Unit,,12,,,3004,105,,1,1,80,Unit,true,L-SYS CREAM 10GM,2026-07-14T07:55:10.883Z,general,others,1000192,1000192,
SYSTOPICS,Strip,levosiz 10mg,5,SYSTOPICS,false,3002,50.62,,1,15,38.57,Tablet,true,LEVOSIZ 10MG,2026-07-15T11:18:55.519320Z,general,tablet,1000193,1000193,
RUSSI,Strip,nopile 30,12,RUSSI,false,3004,225,,1,30,160.72,Tablet,true,NOPILE 30,2026-07-15T12:32:47.287Z,general,tablet,1000194,1000194,
ABOTT,Strip,duphaston,12,ABOTT,false,3004,874.5,,1,10,624.64,Tablet,true,DUPHASTON,2026-07-15T10:00:39.510655Z,general,tablet,1000195,1000195,
GLAXOSMITHKLIN,Strip,ostocalcium total,18,GLAXOSMITHKLIN,false,3009,260,,1,30,183.62,Tablet,true,OSTOCALCIUM TOTAL,2026-07-15T13:10:15.309Z,general,tablet,1000197,1000197,
INDOCO,Unit,,5,,,3002,99,,1,1,70.71,Unit,true,CYCLOPAM SYRUP 60ML,2026-07-14T07:55:03.022Z,general,others,1000199,1000199,
SUN PHARMA,Unit,,0,,,BLANK,83,,1,1,63.91,Unit,true,VOLINI SPRAY 15GM,2026-07-14T07:55:10.883Z,general,others,1000202,1000202,
-BLANK-,Unit,,0,,,BLANK,185,,1,1,160,Unit,true,LISTRINE MOUTH WASH 250ML,2026-07-14T07:54:44.690Z,general,others,1000203,1000203,
-BLANK-,Unit,,18,,,3009,75,,1,1,55.27,Unit,true,LISTERINE MOUTH WASH 100ML,2026-07-14T07:54:44.690Z,general,others,1000205,1000205,
HIMALAYA,Unit,,18,,,3009,110,,1,1,80.36,Unit,true,BABY LOTION 100ML,2026-07-14T07:54:59.078Z,general,others,1000207,1000207,
JOHNSON'S BABY,Unit,,18,,,3009,70,,1,1,50.85,Unit,true,BABY OIL 50ML,2026-07-14T07:55:03.022Z,general,others,1000208,1000208,
JOHNSON'S BABY,Unit,,18,,,3009,110,,1,1,76.27,Unit,true,BABY SHAMPOO 100ML,2026-07-14T07:55:03.022Z,general,others,1000209,1000209,
JOHNSON'S BABY,Unit,,18,,,3009,57.84,,1,1,47.48,Unit,true,JOHNSON BABY POWDER 50GM,2026-07-14T07:55:03.022Z,general,others,1000210,1000210,
JOHNSON'S BABY,Unit,,18,,,3009,84.53,,1,1,60.38,Unit,true,HIMALAYA BABY CREAM 60ML,2026-07-14T07:55:03.022Z,general,others,1000212,1000212,
HIMALAYA,Unit,,0,,,BLANK,110,,1,1,86,Unit,true,HIMALAYA BABY LOTION 100ML,2026-07-14T07:55:03.022Z,general,others,1000213,1000213,
HIMALAYA,Unit,,0,,,BLANK,57.84,,1,1,49,Unit,true,HIMALAYA BABY OIL 50ML,2026-07-14T07:55:03.022Z,general,others,1000214,1000214,
HIMALAYA,Unit,,18,,,3009,48.94,,1,1,35.89,Unit,true,HIMALAYA BABY POWDER 50GM,2026-07-14T07:55:03.022Z,general,others,1000215,1000215,
HIMALAYA,Unit,,18,,,BLANK,68,,1,1,47,Unit,true,HIMALAYA BABY SOAP 75GM,2026-07-14T07:55:03.022Z,general,others,1000216,1000216,
SUN PHARMA,Unit,,12,,,3004,54,,1,1,40.5,Unit,true,VOLINI GEL 10,2026-07-14T07:55:10.883Z,general,others,1000217,1000217,
HIMALAYA,Unit,,0,,,BLANK,57.84,,1,1,59,Unit,true,HIMALAYA SPARKLING WHITE PASTE 100GM,2026-07-14T07:55:03.022Z,general,others,1000218,1000218,
-BLANK-,Unit,,12,,,3004,61.88,,1,1,53.63,Unit,true,MOOV CREAM 10GM,2026-07-14T07:54:44.690Z,general,others,1000220,1000220,
-BLANK-,Unit,,0,,,BLANK,92,,1,1,76.19,Unit,true,MOOV SPRAY 15GM,2026-07-14T07:54:44.690Z,general,others,1000221,1000221,
-BLANK-,Unit,,5,,,3002,90,,1,1,69.57,Unit,true,MOOV COOL SPRAY 15,2026-07-14T07:54:44.690Z,general,others,1000222,1000222,
-BLANK-,Unit,,12,,,3004,186.56,,1,1,98.22,Unit,true,AADIVASI HAIR OIL 100ML,2026-07-14T07:54:40.148Z,general,others,1000223,1000223,
-BLANK-,Unit,,0,,,BLANK,90,,1,1,82,Unit,true,CLEAN AND CLEAR FACE WASH 50ML,2026-07-14T07:54:40.148Z,general,others,1000224,1000224,
-BLANK-,Unit,,18,,,3009,66.74,,1,1,59.33,Unit,true,HIT RED 125ML,2026-07-14T07:54:44.690Z,general,others,1000225,1000225,
-BLANK-,Unit,,18,,,3009,105,,1,1,83.05,Unit,true,HIT RED SPRY 250ML,2026-07-14T07:54:44.690Z,general,others,1000226,1000226,
ZANDU,Unit,,5,,,3002,80,,1,1,64.27,Unit,true,PANCHARISHTA 200ML,2026-07-14T07:55:10.883Z,general,others,1000230,1000230,
DISPRIN,Strip,disprin tablet 10,5,DISPRIN,false,3002,7.03,,1,10,6.3,Tablet,true,DISPRIN TABLET 10,2026-07-14T11:21:16.845Z,general,tablet,1000231,1000231,
-BLANK-,Unit,,18,,,3009,150,,1,1,115.56,Unit,true,MEDIMIX SOAP 100GM,2026-07-14T07:54:44.690Z,general,others,1000234,1000234,
ZYDUS,Unit,,5,,,3002,39,,1,1,28.22,Unit,true,GLUCON D PLAIN 100GM,2026-07-14T07:55:10.883Z,general,others,1000237,1000237,
-BLANK-,Unit,,12,,,3004,39.38,,1,1,34.09,Unit,true,BOROPLUS CREAM 19ML,2026-07-14T07:54:40.148Z,general,others,1000238,1000238,
-BLANK-,Unit,,0,,,BLANK,145,,1,1,116.08,Unit,true,DEMICOOL POWDER 150GM,2026-07-14T07:54:40.148Z,general,others,1000239,1000239,
-BLANK-,Unit,,12,,,3004,46.88,,1,1,40.18,Unit,true,DERMICOOL POWDER 50GM,2026-07-14T07:54:40.148Z,general,others,1000240,1000240,
-BLANK-,Unit,,5,,,3002,84.5,,1,1,85,Unit,true,SENSODYNE FRESH GEL 40GM,2026-07-14T07:54:48.503Z,general,others,1000241,1000241,
-BLANK-,Unit,,5,,,3002,124,,1,1,103.11,Unit,true,SENSODYNE FRESH GEL 80GM,2026-07-14T07:54:48.503Z,general,others,1000242,1000242,
JOHNSON'S BABY,Unit,,18,,,3009,124,,1,1,99.2,Unit,true,JOHNSON BABY LOTION 100ML,2026-07-14T07:55:03.022Z,general,others,1000244,1000244,
JOHNSON'S BABY,Unit,,18,,,3009,62.29,,1,1,51.14,Unit,true,JOHNSON BABY OIL 50ML,2026-07-14T07:55:03.022Z,general,others,1000247,1000247,
JOHNSON'S BABY,Unit,,18,,,3009,115,,1,1,84.02,Unit,true,JOHNSON BABY SHAMPOO 100ML,2026-07-14T07:55:03.022Z,general,others,1000249,1000249,
JOHNSON'S BABY,Unit,,5,,,3002,50,,1,1,37.41,Unit,true,JOHNSON BABY SOAP 50GM,2026-07-14T07:55:03.022Z,general,others,1000251,1000251,
-BLANK-,Unit,,0,,,BLANK,85,,1,1,78,Unit,true,HIT BLACK 125ML,2026-07-14T07:54:44.690Z,general,others,1000254,1000254,
-BLANK-,Unit,,0,,,BLANK,97.88,,1,1,105,Unit,true,HIT BLACK 200ML,2026-07-14T07:54:44.690Z,general,others,1000255,1000255,
-BLANK-,Unit,,12,,,3004,145,,1,1,116.08,Unit,true,DERMICOOL POWDER 150GM,2026-07-14T07:54:40.148Z,general,others,1000257,1000257,
KAMASUTRA,Unit,,0,,,BLANK,30,,1,1,15,Unit,true,KAMASUTRA CONDOM 1,2026-07-14T07:55:03.022Z,general,others,1000259,1000259,
-BLANK-,Unit,,12,,,3004,102.19,,1,1,77.86,Unit,true,ACNESOL- NC 20 GM,2026-07-14T07:54:40.148Z,general,others,1000261,1000261,
ZYDUS,Strip,amlodac 2.5 30,12,ZYDUS,false,3004,60.14,Amlodipine,1,30,43,Tablet,true,AMLODAC 2.5 30,2026-07-15T02:07:40.443444Z,general,tablet,1000266,1000266,
ZYDUS,Strip,amlodac 5 30,12,ZYDUS,false,3004,78.75,Amlodipine,1,30,60,Tablet,true,AMLODAC 5 30,2026-07-15T02:07:16.268447Z,general,tablet,1000267,1000267,
BAYER,Strip,becozyme-c forte,5,BAYER,false,3002,37.62,B complex + Vit. C,1,20,28.66,Tablet,true,BECOZYME-C FORTE,2026-07-15T02:52:30.413412Z,general,tablet,1000268,1000268,
AJANTA,Strip,cinod 5,12,AJANTA,false,3004,165,,1,20,117.86,Tablet,true,CINOD 5,2026-07-15T09:25:05.339684Z,general,tablet,1000270,1000270,
AJANTA,Strip,cinod 10,12,AJANTA,false,3004,272,,1,20,194.29,Tablet,true,CINOD 10,2026-07-15T09:24:55.315997Z,general,tablet,1000272,1000272,
ZYDUS,Strip,deriphyllin,12,ZYDUS,false,3004,22.6,,1,30,16.15,Tablet,true,DERIPHYLLIN,2026-07-15T09:35:07.271408Z,general,tablet,1000273,1000273,
ZYDUS,Strip,deriphyllin-rt 150,5,ZYDUS,false,3002,42,,1,30,31.89,Tablet,true,DERIPHYLLIN-RT 150,2026-07-15T09:36:47.471738Z,general,tablet,1000274,1000274,
ABOTT,Strip,flagyl 200,12,ABOTT,false,3004,15,,1,15,9.81,Tablet,true,FLAGYL 200,2026-07-15T10:28:07.785317Z,general,tablet,1000275,1000275,
ABOTT,Strip,flagyl 400,12,ABOTT,false,3004,25.53,,1,15,18.24,Tablet,true,FLAGYL 400,2026-07-15T10:28:16.383918Z,general,tablet,1000276,1000276,
ABOTT,Strip,limcee 15,5,ABOTT,false,3002,25,,1,15,18.93,Tablet,true,LIMCEE 15,2026-07-15T11:19:53.078696Z,general,tablet,1000277,1000277,
AJANTA,Strip,met-xl 25 20,5,AJANTA,false,3002,94,,1,20,69.11,Tablet,true,MET-XL 25 20,2026-07-15T11:40:52.661Z,general,tablet,1000278,1000278,
AJANTA,Strip,met-xl 50 20,12,AJANTA,false,3004,130.81,,1,20,93.44,Tablet,true,MET-XL 50 20,2026-07-15T11:41:09.897Z,general,tablet,1000279,1000279,
AJANTA,Strip,met-xl am 25/2.5 20,12,AJANTA,false,3004,181.41,,1,20,138.21,Tablet,true,MET-XL AM 25/2.5 20,2026-07-15T11:41:24.851Z,general,tablet,1000281,1000281,
AJANTA,Strip,met-xl am 50 20,12,AJANTA,false,3004,280.31,,1,20,213.57,Tablet,true,MET-XL AM 50 20,2026-07-15T11:41:38.014Z,general,tablet,1000282,1000282,
ZYDUS,Strip,nucoxia 90,12,ZYDUS,false,3004,316.55,,1,15,226.11,Tablet,true,NUCOXIA 90,2026-07-15T12:37:36.707Z,general,tablet,1000283,1000283,
ABOTT,Strip,odimont lc,5,ABOTT,false,3002,406,,1,15,290.01,Tablet,true,ODIMONT LC,2026-07-15T12:46:44.509Z,general,tablet,1000284,1000284,
ZYDUS,Strip,stemetil md,5,ZYDUS,false,3002,195.91,,1,15,149.27,Tablet,true,STEMETIL MD,2026-07-15T15:04:37.970Z,general,tablet,1000285,1000285,
DR. REDDY'S,Strip,aziwok 250,5,DR. REDDY'S,false,3002,130.1,Azithromycin,1,10,93.07,Tablet,true,AZIWOK 250,2026-07-15T02:42:56.363042Z,general,tablet,1000286,1000286,
DR. REDDY'S,Strip,aziwok 500 5,5,DR. REDDY'S,false,3002,123.66,Azithromycin,1,10,94.22,Tablet,true,AZIWOK 500 5,2026-07-15T02:43:08.458465Z,general,tablet,1000287,1000287,
MERCK,Strip,concor cor 5,5,MERCK,false,3002,141,,1,10,91.55,Tablet,true,CONCOR COR 5,2026-07-15T09:39:53.585967Z,general,tablet,1000288,1000288,
MERCK,Strip,conor-am 2.5,12,MERCK,false,3004,88.72,,1,10,63.37,Tablet,true,CONOR-AM 2.5,2026-07-15T09:40:03.267371Z,general,tablet,1000289,1000289,
MERCK,Strip,conor-am 5,5,MERCK,false,3002,132,,1,10,100.9,Tablet,true,CONOR-AM 5,2026-07-15T09:43:01.476175Z,general,tablet,1000290,1000290,
MERCK,Strip,conor-cor 2.5,5,MERCK,false,3002,88.55,,1,10,61.34,Tablet,true,CONOR-COR 2.5,2026-07-15T09:43:13.178541Z,general,tablet,1000291,1000291,
DR. REDDY'S,Strip,econorm capsule,12,DR. REDDY'S,false,3004,250.59,,1,10,190.93,Tablet,true,ECONORM CAPSULE,2026-07-15T10:08:26.532167Z,general,tablet,1000292,1000292,
DR. REDDY'S,Unit,,12,,,3004,58.19,,1,1,44.79,Unit,true,ECONORM SACHET 1,2026-07-14T07:54:59.078Z,general,others,1000293,1000293,
ARISTRO,Strip,flexon,5,ARISTRO,false,3002,35.25,,1,15,24.54,Tablet,true,FLEXON,2026-07-15T10:28:38.971813Z,general,tablet,1000294,1000294,
USV,Strip,glycomet 10,12,USV,false,3004,19.13,,1,10,14.57,Tablet,true,GLYCOMET 10,2026-07-15T10:46:29.025334Z,general,tablet,1000295,1000295,
USV,Strip,glycomet-500 sr,12,USV,false,3004,41.25,,1,20,31.43,Tablet,true,GLYCOMET-500 SR,2026-07-15T10:48:16.832003Z,general,tablet,1000296,1000296,
USV,Strip,glycomet-gp 1,5,USV,false,3002,123.28,,1,15,93.93,Tablet,true,GLYCOMET-GP 1,2026-07-15T10:47:04.375799Z,general,tablet,1000297,1000297,
USV,Strip,glycomet-gp 2,5,USV,false,3002,180,,1,15,137.14,Tablet,true,GLYCOMET-GP 2,2026-07-15T10:47:18.933203Z,general,tablet,1000298,1000298,
USV,Strip,glycomet-gp 0.5,12,USV,false,3004,58.25,,1,10,41.61,Tablet,true,GLYCOMET-GP 0.5,2026-07-15T10:46:22.445730Z,general,tablet,1000299,1000299,
SYSTOPICS,Unit,,12,,,3004,9.96,,1,1,7.47,Unit,true,MEDIMOL 500 10,2026-07-14T07:55:10.883Z,general,others,1000300,1000300,
P/G,Strip,neurobion forte 30,5,P/G,false,3002,47.53,,1,30,38.03,Tablet,true,NEUROBION FORTE 30,2026-07-15T12:01:13.479Z,general,tablet,1000301,1000301,
DR. MOREPEN,Strip,nise,5,DR. MOREPEN,false,3002,134.53,,1,15,102.5,Tablet,true,NISE,2026-07-15T12:25:09.547Z,general,tablet,1000302,1000302,
USV,Strip,tazloc 20,12,USV,false,3004,38.75,,1,10,27.68,Tablet,true,TAZLOC 20,2026-07-15T15:32:07.550Z,general,tablet,1000303,1000303,
NOVARTIS,Strip,voveran sr 100,5,NOVARTIS,false,3002,237.75,,1,15,169.83,Tablet,true,VOVERAN SR 100,2026-07-15T16:00:47.601Z,general,tablet,1000304,1000304,
MACLEODS,Strip,amlovas 2.5,5,MACLEODS,false,3002,28.65,Amlodipine,1,15,21.84,Tablet,true,AMLOVAS 2.5,2026-07-15T02:10:20.098507Z,general,tablet,1000305,1000305,
MACLEODS,Strip,amlovas 5 mg,5,MACLEODS,false,3002,42.67,Amlodipine,1,15,30.48,Tablet,true,AMLOVAS 5 MG,2026-07-15T02:10:36.904626Z,general,tablet,1000306,1000306,
MACLEODS,Strip,amlovas m 2.5/25,12,MACLEODS,false,3004,28.19,Amlodipine + Metoprolol,1,10,75.71,Tablet,true,AMLOVAS M 2.5/25,2026-07-15T02:12:10.091279Z,general,tablet,1000310,1000310,
MACLEODS,Strip,amlovas m 5/25,5,MACLEODS,false,3002,127.87,Amlodipine + Metoprolol,1,1,97.43,Tablet,true,AMLOVAS M 5/25,2026-07-15T02:12:42.630101Z,general,tablet,1000311,1000311,
MACLEODS,Strip,amlovas m 5/50,5,MACLEODS,false,3002,176,Amlodipine+ Metoprolol,1,10,125.7,Tablet,true,AMLOVAS M 5/50,2026-07-15T02:13:03.491417Z,general,tablet,1000312,1000312,
MACLEODS,Strip,atromac 10 mg,5,MACLEODS,false,3002,52.76,Atorvastatin,1,10,40.2,Tablet,true,ATROMAC 10 MG,2026-07-15T02:23:07.214498Z,general,tablet,1000313,1000313,
MACLEODS,Strip,atromac 20mg,12,MACLEODS,false,3004,140.64,Atorvastatin,1,10,100.46,Tablet,true,ATROMAC 20MG,2026-07-15T02:23:31.304239Z,general,tablet,1000314,1000314,
IPCA,Strip,azibact 250mg,5,IPCA,false,3002,123.74,Azithromycin,1,10,93.2,Tablet,true,AZIBACT 250MG,2026-07-15T02:32:14.287850Z,general,tablet,1000315,1000315,
IPCA,Strip,azibact 500mg,5,IPCA,false,3002,123.68,Azithromycin,1,5,94.25,Tablet,true,AZIBACT 500MG,2026-07-15T02:31:31.710199Z,general,tablet,1000317,1000317,
GLAXOSMITHKLIN,Strip,crocin pain rlf,5,GLAXOSMITHKLIN,false,3002,87.48,,1,15,65.09,Tablet,true,CROCIN PAIN RLF,2026-07-15T09:47:18.278686Z,general,tablet,1000318,1000318,
IPCA,Strip,ctd 12.5,12,IPCA,false,3004,145.1,,1,15,103.65,Tablet,true,CTD 12.5,2026-07-15T09:47:46.172678Z,general,tablet,1000319,1000319,
IPCA,Unit,,12,,,3004,116.58,,1,1,88.82,Unit,true,CTD 6.25 15,2026-07-14T07:55:03.022Z,general,others,1000320,1000320,
IPCA,Strip,ctd-t 6.25/40,12,IPCA,false,3004,195.98,,1,15,149.32,Tablet,true,CTD-T 6.25/40,2026-07-15T09:48:13.153229Z,general,tablet,1000321,1000321,
WET,Unit,,5,,,3002,15.75,,1,1,11.25,Unit,true,ENUFF-10 SACHET 16GM,2026-07-14T07:55:10.883Z,general,others,1000322,1000322,
MACLEODS,Strip,levomac 250mg,12,MACLEODS,false,3004,53.98,,1,10,38.56,Tablet,true,LEVOMAC 250MG,2026-07-15T11:18:25.736435Z,general,tablet,1000323,1000323,
MACLEODS,Strip,levomac 500mg,12,MACLEODS,false,3004,94.39,,1,10,71.91,Tablet,true,LEVOMAC 500MG,2026-07-15T11:18:32.004798Z,general,tablet,1000324,1000324,
IPCA,Strip,revelol-am 25/2.5,12,IPCA,false,3004,172.25,,1,15,111.94,Tablet,true,REVELOL-AM 25/2.5,2026-07-15T14:23:33.262Z,general,tablet,1000325,1000325,
IPCA,Strip,revelol-am 25/5,12,IPCA,false,3004,182.2,,1,15,130.14,Tablet,true,REVELOL-AM 25/5,2026-07-15T14:23:46.518Z,general,tablet,1000326,1000326,
IPCA,Strip,revelol xl 25,12,IPCA,false,3004,72.58,,1,15,50.4,Tablet,true,REVELOL XL 25,2026-07-15T14:23:18.177Z,general,tablet,1000327,1000327,
GLENMARK,Strip,telma 20,5,GLENMARK,false,3002,131.84,,1,30,92.57,Tablet,true,TELMA 20,2026-07-15T15:33:39.192Z,general,tablet,1000328,1000328,
GLENMARK,Strip,telma 40,5,GLENMARK,false,3002,100.9,,1,30,162.24,Tablet,true,TELMA 40,2026-07-15T15:33:49.916Z,general,tablet,1000329,1000329,
GLENMARK,Strip,telma-am,5,GLENMARK,false,3002,336.5,,1,15,219.66,Tablet,true,TELMA-AM,2026-07-15T15:35:08.142Z,general,tablet,1000330,1000330,
GLENMARK,Strip,telma h,12,GLENMARK,false,3004,347.5,,1,15,226.78,Tablet,true,TELMA H,2026-07-15T15:34:47.565Z,general,tablet,1000331,1000331,
P/T,Strip,vicks act 500,0,P/T,false,BLANK,69,,1,10,46,Tablet,true,VICKS ACT 500,2026-07-15T15:55:35.344Z,general,tablet,1000332,1000332,
IPCA,Strip,zerodol 100,12,IPCA,false,3004,65.2,,1,10,46.58,Tablet,true,ZERODOL 100,2026-07-15T16:04:16.180Z,general,tablet,1000333,1000333,
IPCA,Strip,zerodol mr,5,IPCA,false,3002,128,,1,10,97.53,Tablet,true,ZERODOL MR,2026-07-15T16:04:27.059Z,general,tablet,1000334,1000334,
IPCA,Strip,zerodol p,5,IPCA,false,3002,76,,1,10,57.86,Tablet,true,ZERODOL P,2026-07-15T16:04:44.354Z,general,tablet,1000335,1000335,
IPCA,Strip,zerodol sp,5,IPCA,false,3002,139.69,,1,10,106.44,Tablet,true,ZERODOL SP,2026-07-15T16:04:56.089Z,general,tablet,1000336,1000336,
IPCA,Strip,zerodol th 4,5,IPCA,false,3002,275,,1,10,209.52,Tablet,true,ZERODOL TH 4,2026-07-15T16:05:16.477Z,general,tablet,1000337,1000337,
MANKIND,Strip,bandy plus tab,12,MANKIND,false,3004,43.53,,1,1,31.09,Tablet,true,BANDY PLUS TAB,2026-07-15T02:48:44.040373Z,general,tablet,1000339,1000339,
INDOCO,Strip,cyclopam tablet,5,INDOCO,false,3002,63.4,,1,10,45.28,Tablet,true,CYCLOPAM TABLET,2026-07-15T09:48:55.249663Z,general,tablet,1000340,1000340,
MANKIND,Strip,glimestar m1,12,MANKIND,false,3004,74.91,,1,10,57.07,Tablet,true,GLIMESTAR M1,2026-07-15T10:43:21.575638Z,general,tablet,1000341,1000341,
MANKIND,Unit,,12,,,3004,97.43,,1,1,74.24,Unit,true,MAHACEF 200MG 10,2026-07-14T07:55:06.900Z,general,others,1000342,1000342,
MANKIND,Strip,moxikind cv 375 10,5,MANKIND,false,3002,179.52,,1,10,136.78,Tablet,true,MOXIKIND CV 375 10,2026-07-15T11:50:08.472Z,general,tablet,1000343,1000343,
MANKIND,Strip,moxikind cv 625 10,5,MANKIND,false,3002,182.96,,1,10,139.4,Tablet,true,MOXIKIND CV 625 10,2026-07-15T11:50:49.375Z,general,tablet,1000344,1000344,
MANKIND,Unit,,5,,,3002,38.44,,1,1,29.29,Unit,true,REFLORA-R SACHET 1GM,2026-07-14T07:55:06.900Z,general,others,1000345,1000345,
MANKIND,Strip,telmikind-40,5,MANKIND,false,3002,61.87,,1,15,47.14,Tablet,true,TELMIKIND-40,2026-07-15T15:37:05.735Z,general,tablet,1000346,1000346,
MANKIND,Strip,telmikind h,12,MANKIND,false,3004,99.22,,1,10,70.87,Tablet,true,TELMIKIND H,2026-07-15T15:36:24.200Z,general,tablet,1000347,1000347,
MANKIND,Strip,telmikind am,5,MANKIND,false,3002,86.08,,1,10,65.59,Tablet,true,TELMIKIND AM,2026-07-15T15:36:00.778Z,general,tablet,1000348,1000348,
MANKIND,Strip,telmikind 20,12,MANKIND,false,3004,27.14,,1,10,19.06,Tablet,true,TELMIKIND 20,2026-07-15T15:35:46.920Z,general,tablet,1000349,1000349,
MANKIND,Strip,telmikind h 80,5,MANKIND,false,3002,150.53,,1,10,97.75,Tablet,true,TELMIKIND H 80,2026-07-15T15:37:36.490Z,general,tablet,1000350,1000350,
MANKIND,Strip,telmikind-beta 25,5,MANKIND,false,3002,136,,1,10,103.71,Tablet,true,TELMIKIND-BETA 25,2026-07-15T15:37:20.277Z,general,tablet,1000351,1000351,
MANKIND,Strip,telmikind beta 50,12,MANKIND,false,3004,149.9,,1,10,107.07,Tablet,true,TELMIKIND BETA 50,2026-07-15T15:36:14.075Z,general,tablet,1000352,1000352,
MANKIND,Strip,vomikind-md4,12,MANKIND,false,3004,47.3,,1,10,36.04,Tablet,true,VOMIKIND-MD4,2026-07-15T16:00:27.635Z,general,tablet,1000353,1000353,
SYSTOPICS,Strip,cyra-d 10,5,SYSTOPICS,false,3002,51,,1,10,38.86,Tablet,true,CYRA-D 10,2026-07-15T09:38:25.985Z,general,tablet,1000354,1000354,
USV,Strip,ecosprin av 150/20,5,USV,false,3002,73.45,,1,15,58.76,Tablet,true,ECOSPRIN AV 150/20,2026-07-15T10:09:32.479099Z,general,tablet,1000359,1000359,
USV,Strip,tazloc-40,5,USV,false,3002,103.06,,1,15,73.62,Tablet,true,TAZLOC-40,2026-07-15T15:32:21.396Z,general,tablet,1000362,1000362,
JOHNSON'S BABY,Unit,,18,,,3009,47,,1,1,35.56,Unit,true,BABY SOAP 50GM,2026-07-14T07:55:03.022Z,general,others,1000364,1000364,
HIMALAYA,Unit,,18,,,3009,84.53,,1,1,62,Unit,true,BABY CREAM 60ML,2026-07-14T07:54:59.078Z,general,others,1000366,1000366,
TROIKAA,Strip,dynapar mr,12,TROIKAA,false,3004,226.41,,1,10,172.55,Tablet,true,DYNAPAR MR,2026-07-15T10:04:51.245907Z,general,tablet,1000368,1000368,
TROIKAA,Strip,dynapar s,12,TROIKAA,false,3004,162.74,,1,10,123.99,Tablet,true,DYNAPAR S,2026-07-15T10:05:01.685013Z,general,tablet,1000369,1000369,
TROIKAA,Strip,dynapar sr 100mg,12,TROIKAA,false,3004,116.12,,1,10,88.47,Tablet,true,DYNAPAR SR 100MG,2026-07-15T10:05:24.688695Z,general,tablet,1000370,1000370,
TROIKAA,Strip,dynapar tab,5,TROIKAA,false,3002,130.45,,1,15,99.4,Tablet,true,DYNAPAR TAB,2026-07-15T10:04:44.302467Z,general,tablet,1000371,1000371,
-BLANK-,Strip,cresar ln 40mg,5,-BLANK-,false,3002,134,,1,10,95.89,Tablet,true,CRESAR LN 40MG,2026-07-15T09:45:30.547347Z,general,tablet,1000372,1000372,
CIPLA,Strip,norflox tz,5,CIPLA,false,3002,128,,1,10,92.89,Tablet,true,NORFLOX TZ,2026-07-15T12:34:52.816Z,general,tablet,1000373,1000373,
HIMALAYA,Unit,,5,,,3002,150,,1,1,106.66,Unit,true,LIV 52 SYP 100ML,2026-07-14T07:55:03.022Z,general,others,1000380,1000380,
-BLANK-,Unit,,18,,,3009,226.91,,1,1,165.25,Unit,true,BABY CARE BASKET 1,2026-07-14T07:54:40.148Z,general,others,1000382,1000382,
HIMALAYA,Strip,liv 52 tab 100,5,HIMALAYA,false,3002,220,,1,100,161.53,Tablet,true,LIV 52 TAB 100,2026-07-14T11:51:31.619Z,general,tablet,1000384,1000384,
HIMALAYA,Unit,,5,,,3002,175,,1,1,120.3,Unit,true,RENALKA 2OO SYP 200ML,2026-07-14T07:55:03.022Z,general,others,1000386,1000386,
AMIL,Unit,,5,,,3002,154,,1,1,117.33,Unit,true,NEERI 100ML,2026-07-14T07:54:54.580Z,general,others,1000387,1000387,
JPH,Unit,,12,,,3004,87.19,,1,1,66.49,Unit,true,ISOTINE EYE DROP 10ML,2026-07-14T07:55:03.022Z,general,others,1000388,1000388,
HIMALAYA,Unit,,12,,,3004,110,,1,1,78.57,Unit,true,OPTHACARE EYE DROP 10ML,2026-07-14T07:55:03.022Z,general,others,1000389,1000389,
ZANDU,Unit,,5,,,3002,160,,1,1,125.33,Unit,true,PANCHARISHTA 450ML,2026-07-14T07:55:10.883Z,general,others,1000393,1000393,
NESTLE,Unit,,5,,,3002,260,,1,1,227.17,Unit,true,CERELAC 6 MONTH 300GM,2026-07-14T07:55:06.900Z,general,others,1000395,1000395,
NESTLE,Unit,,18,,,3009,325,,1,1,241.02,Unit,true,CERELAC 8 MONTH 300GM,2026-07-14T07:55:06.900Z,general,others,1000396,1000396,
NESTLE,Unit,,5,,,3002,290,,1,1,253.39,Unit,true,CERELAC 10 MONTH 300GM,2026-07-14T07:55:06.900Z,general,others,1000397,1000397,
NESTLE,Unit,,5,,,3002,295,,1,1,257.75,Unit,true,CERELAC 12 MONTH 300GM,2026-07-14T07:55:06.900Z,general,others,1000399,1000399,
-BLANK-,Unit,,12,,,3004,115,,1,1,94,Unit,true,KAYAM CHURN 100GM,2026-07-14T07:54:44.690Z,general,others,1000400,1000400,
-BLANK-,Unit,,12,,,3004,60,,1,1,45,Unit,true,PATSAFA 60GM,2026-07-14T07:54:44.690Z,general,others,1000401,1000401,
-BLANK-,Unit,,5,,,3002,112.5,,1,1,90,Unit,true,SAFI 200ML,2026-07-14T07:54:44.690Z,general,others,1000402,1000402,
-BLANK-,Unit,,5,,,3002,50,,1,1,41.41,Unit,true,IODEX 9GM 9GM,2026-07-14T07:54:44.690Z,general,others,1000403,1000403,
DABUR,Unit,,5,,,3002,235,,1,1,174.84,Unit,true,HONITUS SYRUP 200ML,2026-07-14T07:54:59.078Z,general,others,1000404,1000404,
-BLANK-,Unit,,12,,,3004,267.15,,1,1,185.71,Unit,true,HEMPUSHPA SYRUP 170ML,2026-07-14T07:54:44.690Z,general,others,1000405,1000405,
-BLANK-,Unit,,18,,,3009,34,,1,1,28.9,Unit,true,ODOMAS 25GM 25GM,2026-07-14T07:54:44.690Z,general,others,1000406,1000406,
-BLANK-,Unit,,12,,,3004,90,,1,1,70,Unit,true,WOODWARDS GRIPE WATER 130ML,2026-07-14T07:54:48.503Z,general,others,1000407,1000407,
JOHNSON'S BABY,Unit,,0,,,BLANK,95,,1,1,84.82,Unit,true,JOHNSON BABY HAIR OIL 50ML 60ML,2026-07-14T07:55:03.022Z,general,others,1000409,1000409,
JOHNSON'S BABY,Unit,,0,,,BLANK,150,,1,1,133,Unit,true,JOHNSON BABY OIL 100ML,2026-07-14T07:55:03.022Z,general,others,1000410,1000410,
DABUR,Unit,,5,,,3002,30,,1,1,23.57,Unit,true,JANMA GHUNTI 30ML,2026-07-14T07:54:59.078Z,general,others,1000411,1000411,
-BLANK-,Unit,,0,,,BLANK,84,,1,1,63.29,Unit,true,SUGAR FREE GOLD 40GM,2026-07-14T07:54:48.503Z,general,others,1000412,1000412,
-BLANK-,Unit,,5,,,3002,41.49,,1,1,34.66,Unit,true,DETTOL LIQUID 60ML,2026-07-14T07:54:40.148Z,general,others,1000413,1000413,
-BLANK-,Unit,,18,,,3009,35,,1,1,26.96,Unit,true,DETTOL SANITIZER 50ML,2026-07-14T07:54:40.148Z,general,others,1000414,1000414,
SAVLON,Unit,,0,,,BLANK,29,,1,1,25,Unit,true,SAVLON LIQUID 50ML,2026-07-14T07:55:06.900Z,general,others,1000416,1000416,
DABUR,Unit,,0,,,BLANK,112.5,,1,1,93,Unit,true,HONITUS SYRUP SUGAR FREE 200ML,2026-07-14T07:54:59.078Z,general,others,1000417,1000417,
-BLANK-,Unit,,0,,,BLANK,65,,1,1,48.79,Unit,true,LAL TAIL 50ML,2026-07-14T07:54:44.690Z,general,others,1000418,1000418,
-BLANK-,Unit,,0,,,BLANK,20,,1,1,14.99,Unit,true,ITCH GUARD 5GM,2026-07-14T07:54:44.690Z,general,others,1000419,1000419,
-BLANK-,Unit,,5,,,3002,80,,1,1,61.05,Unit,true,JOSHINA 100ML,2026-07-14T07:54:44.690Z,general,others,1000420,1000420,
WHISPER,Unit,,0,,,BLANK,60,,1,1,53.1,Unit,true,WHISPER CHOICE ALOE 6,2026-07-14T07:55:10.883Z,general,others,1000421,1000421,
-BLANK-,Unit,,0,,,BLANK,45,,1,1,40.56,Unit,true,WHISPER CHOICE XL 1,2026-07-14T07:54:48.503Z,general,others,1000422,1000422,
-BLANK-,Unit,,5,,,3002,50,,1,1,45.04,Unit,true,WHISPER CHOICE U 6,2026-07-14T07:54:48.503Z,general,others,1000423,1000423,
-BLANK-,Unit,,18,,,BLANK,99,,1,1,80,Unit,true,GULABARI SPRAY B 100ML,2026-07-14T07:54:40.148Z,general,others,1000425,1000425,
-BLANK-,Unit,,12,,,3004,70.5,,1,1,52.88,Unit,true,ITCH GUARD 12GM,2026-07-14T07:54:44.690Z,general,others,1000426,1000426,
KOHINOOR,Unit,,0,,,BLANK,35.2,,1,1,29.34,Unit,true,KOHINOOR CONDOM 3,2026-07-14T07:55:03.022Z,general,others,1000427,1000427,
-BLANK-,Unit,,0,,,BLANK,40,,1,1,33.2,Unit,true,SKORE CONDOM 1,2026-07-14T07:54:48.503Z,general,others,1000429,1000429,
HIMALAYA,Unit,,18,,,BLANK,100,,1,1,75,Unit,true,HIMALAYA BABY SOAP 125GM 125GM,2026-07-14T07:55:03.022Z,general,others,1000431,1000431,
VISSCO,Unit,,0,,,BLANK,1300,,1,1,715,Unit,true,VISSCO STICK 4 HEAD 1,2026-07-14T07:55:10.883Z,general,others,1000433,1000433,
VISSCO,Unit,,0,,,BLANK,830,,1,1,415,Unit,true,VISSCO STICK 1,2026-07-14T07:55:10.883Z,general,others,1000434,1000434,
-BLANK-,Unit,,18,,,3009,55,,1,1,35.89,Unit,true,BABY POWDER 50GM 50,2026-07-14T07:54:40.148Z,general,others,1000438,1000438,
-BLANK-,Unit,,18,,,3009,57.84,,1,1,46.68,Unit,true,BABY SOAP 75GM,2026-07-14T07:54:40.148Z,general,others,1000440,1000440,
SENSODYNE,Unit,,18,,,3009,57.84,,1,1,50,Unit,true,SENSODYNE SPARKLING WHITE 100GM,2026-07-14T07:55:06.900Z,general,others,1000442,1000442,
HIMALAYA,Unit,,18,,,3009,88.09,,1,1,76.28,Unit,true,HIMALAYA COMPLETE CARE TOOTH 175GM,2026-07-14T07:55:03.022Z,general,others,1000446,1000446,
JOHNSON'S BABY,Unit,,18,,,3009,65,,1,1,49.1,Unit,true,JOHNSON BABY CREAM 30GM,2026-07-14T07:55:03.022Z,general,others,1000448,1000448,
SANOFI,Strip,combiflam tablet,5,SANOFI,false,3002,57.45,,1,20,43.77,Tablet,true,COMBIFLAM TABLET,2026-07-15T09:30:43.484102Z,general,tablet,1000450,1000450,
GSK,Unit,,5,,,3002,14.26,,1,1,10.86,Unit,true,CALPOL 500 15,2026-07-14T07:54:59.078Z,general,others,1000452,1000452,
GSK,Unit,,5,,,3002,34.18,,1,1,24,Unit,true,CALPOL 650 1*15,2026-07-14T07:54:59.078Z,general,others,1000453,1000453,
GSK,Strip,crocin advance 500,5,GSK,false,3002,19.31,,1,20,15.33,Tablet,true,CROCIN ADVANCE 500,2026-07-15T09:46:52.635034Z,general,tablet,1000454,1000454,
GSK,Strip,crocin 650,5,GSK,false,3002,32.13,,1,15,25.5,Tablet,true,CROCIN 650,2026-07-15T09:46:36.088069Z,general,tablet,1000455,1000455,
PFIZER,Strip,becasule,5,PFIZER,false,3002,62.37,B complex,1,20,49.9,Capsule,true,BECASULE,2026-07-15T02:50:20.407818Z,general,capsule,1000458,1000458,
-BLANK-,Strip,supradyne,5,-BLANK-,false,3002,68.39,,1,15,52.11,Tablet,true,SUPRADYNE,2026-07-15T15:23:35.227Z,general,tablet,1000460,1000460,
MACLEODS,Unit,,5,,,3002,123.46,,1,1,94.06,Unit,true,MACBERRY SYRUP 100ML,2026-07-14T07:55:03.022Z,general,others,1000462,1000462,
BLUE CROSE,Unit,,5,,,3002,103.12,,1,1,78.57,Unit,true,TUSQ DX SYRUP 100ML,2026-07-14T07:54:54.580Z,general,others,1000463,1000463,
BLUE CROSE,Unit,,5,,,3002,110,,1,1,78.57,Unit,true,TUSQ X SYRUP 100ML,2026-07-14T07:54:54.580Z,general,others,1000464,1000464,
WOCKHARDT,Unit,,5,,,3002,197.48,,1,1,150.47,Unit,true,ZEDEX SYRUP 100ML,2026-07-14T07:55:10.883Z,general,others,1000465,1000465,
WOCKHARDT,Unit,,5,,,3002,189.25,,1,1,135.19,Unit,true,BRO ZEDEX SYRUP 100ML 100ML,2026-07-14T07:55:10.883Z,general,others,1000466,1000466,
CIPLA,Strip,ciplox 500,5,CIPLA,false,3002,48.38,,1,10,34.56,Tablet,true,CIPLOX 500,2026-07-15T09:26:07.423348Z,general,tablet,1000469,1000469,
CIPLA,Strip,norflox 400 10,12,CIPLA,false,3004,94.44,,1,10,61.35,Tablet,true,NORFLOX 400 10,2026-07-15T12:33:10.866Z,general,tablet,1000471,1000471,
SANOFI,Unit,,5,,,3002,56.74,,1,1,39.89,Unit,true,SOFRAMYCIN 30GM,2026-07-14T07:55:06.900Z,general,others,1000475,1000475,
WIN MEDICARE,Unit,,5,,,3002,132.3,,1,1,105.84,Unit,true,BETADIN OINT 10% 15GM,2026-07-14T07:55:10.883Z,general,others,1000477,1000477,
GSK,Unit,,5,,,3002,62.67,,1,1,47.74,Unit,true,BETNOVATE N 25GM,2026-07-14T07:54:59.078Z,general,others,1000478,1000478,
GSK,Unit,,5,,,3002,73,,1,1,55.64,Unit,true,BETNOVATE C 30,2026-07-14T07:54:59.078Z,general,others,1000479,1000479,
MEDLEY,Unit,,12,,,3004,83,,1,1,59.29,Unit,true,O2 SYRUP 60ML,2026-07-14T07:55:06.900Z,general,others,1000481,1000481,
CIPLA,Unit,azee 100 dry syrup 15ml,5,CIPLA,false,3002,50,Azithromycin,1,1,36.04,Unit,true,AZEE 100 DRY SYRUP 15ML,2026-07-15T02:28:50.669145Z,general,others,1000482,1000482,
VOLINI,Unit,,5,,,3002,175,,1,1,133.34,Unit,true,VOLINI SPRAY 40GM,2026-07-14T07:55:10.883Z,general,others,1000484,1000484,
FDC,Unit,electral powder 21.80gm,5,FDC,false,3002,23.05,,1,1,17.56,Unit,true,ELECTRAL POWDER 21.80GM,2026-07-15T10:11:56.735604Z,general,others,1000486,1000486,
FDC,Unit,,5,,,3002,31.5,,1,1,24,Unit,true,ELECTRAL MANGO DRINK 200ML,2026-07-14T07:54:59.078Z,general,others,1000487,1000487,
FDC,Unit,,18,,,3009,31.14,,1,1,22.37,Unit,true,ENERZAL DRINK 200ML,2026-07-14T07:54:59.078Z,general,others,1000488,1000488,
FDC,Unit,,5,,,3002,123,,1,1,93.85,Unit,true,VITAL Z POWDER 210GM,2026-07-14T07:54:59.078Z,general,others,1000489,1000489,
STP,Unit,,5,,,3002,217.3,,1,1,165.56,Unit,true,DEXORANGE 200ML,2026-07-14T07:55:10.883Z,general,others,1000491,1000491,
GELUSIL,Strip,gelusil tab 15,5,GELUSIL,false,3002,27.22,,1,15,20.73,Tablet,true,GELUSIL TAB 15,2026-07-14T11:27:37.349Z,general,tablet,1000492,1000492,
MANKIND,Unit,,5,,,3002,76,,1,1,60.8,Unit,true,UNWANTED 72 1,2026-07-14T07:55:06.900Z,general,others,1000494,1000494,
MANFORCE,Unit,,5,,,3002,243,,1,1,182.14,Unit,true,MANFORCE 100MG 4,2026-07-14T07:55:06.900Z,general,others,1000495,1000495,
ALKEM,Unit,,5,,,3002,40.23,,1,1,30.65,Unit,true,ONDEM SYRUP 30ML,2026-07-14T07:54:48.503Z,general,others,1000497,1000497,
ALKEM,Strip,ondem md4,5,ALKEM,false,3002,55,,1,10,41.79,Tablet,true,ONDEM MD4,2026-07-15T13:02:21.776Z,general,tablet,1000498,1000498,
HIMALAYA,Unit,,5,,,3002,135,,1,1,96,Unit,true,KOFLET SYP 100ML,2026-07-14T07:55:03.022Z,general,others,1000502,1000502,
WIN MEDICARE,Unit,,12,,,3004,190.31,,1,1,145,Unit,true,BETADINE GARGAL 2% 50ML,2026-07-14T07:55:10.883Z,general,others,1000504,1000504,
WIN MEDICARE,Unit,,5,,,3002,103,,1,1,82.32,Unit,true,BETADINE SOLUTION 10% 100ML,2026-07-14T07:55:10.883Z,general,others,1000505,1000505,
ABOTT,Unit,,5,,,3002,180.74,,1,1,137.71,Unit,true,DIGENE GEL MINT 200ML,2026-07-14T07:54:48.503Z,general,others,1000506,1000506,
FDC,Unit,,5,,,3002,23.4,,1,1,17.83,Unit,true,ELECTRAL POWDER ASSORTED 4.4*5 GM,2026-07-14T07:54:59.078Z,general,others,1000508,1000508,
SENTAUR,Unit,,12,,,3004,148.2,,1,1,105.9,Unit,true,SINAREST PLUS SYRUP 60ML,2026-07-14T07:55:06.900Z,general,others,1000509,1000509,
GSK,Unit,,5,,,3002,120.79,,1,1,95.87,Unit,true,OTRIVIN FAST ADULT RELIEF 10ML,2026-07-14T07:54:59.078Z,general,others,1000510,1000510,
JB PHARMACEUTICAL,Strip,sporolac ds,5,JB PHARMACEUTICAL,false,3002,224.16,,1,25,170.79,Tablet,true,SPOROLAC DS,2026-07-15T15:02:13.627Z,general,tablet,1000511,1000511,
JB PHARMACEUTICAL,Unit,,5,,,3002,49.77,,1,1,37.92,Unit,true,SPOROLAC POWDER 1*4,2026-07-14T07:55:03.022Z,general,others,1000512,1000512,
SANOFI,Strip,dulcoflex tab 10,5,SANOFI,false,3002,13.21,,1,10,9.74,Tablet,true,DULCOFLEX TAB 10,2026-07-14T11:22:06.130Z,general,tablet,1000513,1000513,
CIPLA,Unit,azee 200 dry syrup 15ml,5,CIPLA,false,3002,58.28,Azithromycin,1,1,41.62,Unit,true,AZEE 200 DRY SYRUP 15ML,2026-07-15T02:29:03.819660Z,general,others,1000518,1000518,
-BLANK-,Unit,,0,,,BLANK,395,,1,1,90,Unit,true,COTTON 400GM 400GM,2026-07-14T07:54:40.148Z,general,others,1000521,1000521,
-BLANK-,Unit,,0,,,BLANK,30,,1,1,7.5,Unit,true,COTTON 20GM 12*20GM,2026-07-14T07:54:40.148Z,general,others,1000522,1000522,
MAMYPOKO PANTS,Unit,,0,,,BLANK,399,,1,1,275,Unit,true,MAMY POKO PANTS S 4O,2026-07-14T07:55:06.900Z,general,others,1000523,1000523,
USV,Strip,pioz- mf 15,5,USV,false,3002,160,,1,10,121.71,Tablet,true,PIOZ- MF 15,2026-07-15T13:57:57.593Z,general,tablet,1000528,1000528,
USV,Strip,udapa-trio,12,USV,false,3004,199,,1,10,142.14,Tablet,true,UDAPA-TRIO,2026-07-15T15:49:16.307Z,general,tablet,1000530,1000530,
SUN PHARMA,Unit,,12,,,3004,279,,1,1,199.29,Unit,true,EYEMIST FORTE 10ML,2026-07-14T07:55:10.883Z,general,others,1000532,1000532,
ABOTT,Unit,,18,,,3009,440,,1,1,339.32,Unit,true,ENSURE HMD CHOC 200GM,2026-07-14T07:54:48.503Z,general,others,1000544,1000544,
ABOTT,Unit,,18,,,3009,685.17,,1,1,593.81,Unit,true,PEDIASURE CHOCLATE 400GM,2026-07-14T07:54:48.503Z,general,others,1000545,1000545,
NESTLE,Unit,,5,,,3002,450,,1,1,393.18,Unit,true,LACTOGEN PRO 1= 1TO 6MONTH 400GM,2026-07-14T07:55:06.900Z,general,others,1000546,1000546,
NESTLE,Unit,,5,,,3002,450,,1,1,393.18,Unit,true,LACTOGEN PRO 2= 6TO12MONTH 400GM,2026-07-14T07:55:06.900Z,general,others,1000547,1000547,
DETTOL,Unit,,18,,,3009,8.9,,1,1,7.72,Unit,true,DETTOL SOAP 45GM,2026-07-14T07:54:59.078Z,general,others,1000549,1000549,
DETTOL,Unit,,18,,,3009,199,,1,1,156.78,Unit,true,DETTOL ORANGE SOAP 75*3 GM,2026-07-14T07:54:59.078Z,general,others,1000550,1000550,
DETTOL,Unit,,18,,,3009,146.82,,1,1,131.35,Unit,true,DETTOL SOAP ORANGE 75*3GM,2026-07-14T07:54:59.078Z,general,others,1000551,1000551,
JNT,Unit,,18,,,3009,164.62,,1,1,160,Unit,true,CLEAN AND CLEAR FACE WASH 100ML,2026-07-14T07:55:03.022Z,general,others,1000553,1000553,
DETTOL,Unit,,18,,,3009,35,,1,1,26.96,Unit,true,DETTOL SQUEEZ HAND 100ML,2026-07-14T07:54:59.078Z,general,others,1000554,1000554,
DETTOL,Unit,,18,,,3009,99,,1,1,87,Unit,true,DETTOL HAND WASH 200ML,2026-07-14T07:54:59.078Z,general,others,1000556,1000556,
ZYDUS,Unit,,5,,,3002,140,,1,1,115,Unit,true,GLUCON D PLAIN 500GM,2026-07-14T07:55:10.883Z,general,others,1000558,1000558,
ZYDUS,Unit,,5,,,3002,219,,1,1,144.75,Unit,true,GLUCON D ORANGE 500GM,2026-07-14T07:55:10.883Z,general,others,1000559,1000559,
NESTLE,Unit,,18,,,3009,734.11,,1,1,647.37,Unit,true,NAN PRO (1)1*6 MONTH 500GM,2026-07-14T07:55:06.900Z,general,others,1000561,1000561,
NESTLE,Unit,,18,,,3009,734.11,,1,1,647.27,Unit,true,NAN PRO 2 6*12 MONTH 400GM,2026-07-14T07:55:06.900Z,general,others,1000562,1000562,
HIMALAYA,Unit,,0,,,BLANK,80,,1,1,76,Unit,true,HIMALAYA NEEM FACE WASH 50ML,2026-07-14T07:55:03.022Z,general,others,1000563,1000563,
HIMALAYA,Unit,,18,,,3009,80.08,,1,1,71.87,Unit,true,HIMALAYA OIL CLEAR LEMON F/W 50ML,2026-07-14T07:55:03.022Z,general,others,1000564,1000564,
HIMALAYA,Unit,,18,,,3009,80.08,,1,1,76,Unit,true,HIMALAYA ALOVERA FACE WASH 50ML,2026-07-14T07:54:59.078Z,general,others,1000565,1000565,
NECTARL,Unit,,12,,,3004,64.69,,1,1,18,Unit,true,OFLODERM 0C CREAM 15GM 15GM,2026-07-14T07:55:06.900Z,general,others,1000567,1000567,
MAKFORD,Unit,,12,,,3004,92.81,,1,1,22.5,Unit,true,KETOFLOW CT CREAM 15GM 15GM,2026-07-14T07:55:03.022Z,general,others,1000568,1000568,
MEDLEY,Strip,vocetin tablet,12,MEDLEY,false,3004,38.44,,1,10,4,Tablet,true,VOCETIN TABLET,2026-07-15T15:58:28.658Z,general,tablet,1000569,1000569,
AJANTA,Strip,aplevm tablet 10,5,AJANTA,false,3002,97.5,,1,10,16.67,Tablet,true,APLEVM TABLET 10,2026-07-14T09:17:54.000Z,general,tablet,1000570,1000570,
CIPLA,Unit,,5,,,3002,72,,1,1,31.92,Unit,true,CHESTON COLD SYRUP 60ML,2026-07-14T07:54:54.580Z,general,others,1000571,1000571,
AJANTA,Unit,,12,,,3004,97.5,,1,1,25,Unit,true,MELACARE NEEM SOAP 75GM,2026-07-14T07:54:48.503Z,general,others,1000572,1000572,
CIPLA,Strip,nodard plus 10,5,CIPLA,false,3002,59.55,,1,10,10.48,Tablet,true,NODARD PLUS 10,2026-07-15T12:28:13.657Z,general,tablet,1000577,1000577,
CIPLA,Strip,pantosec 40,5,CIPLA,false,3002,236.86,,1,15,31.07,Tablet,true,PANTOSEC 40,2026-07-15T13:38:34.055Z,general,tablet,1000578,1000578,
ALKEM,Unit,,12,,,3004,72.19,,1,1,22.5,Unit,true,OMEE MPS LIQ 170ML,2026-07-14T07:54:48.503Z,general,others,1000582,1000582,
ELDERDRY,Unit,,0,,,BLANK,600,,1,1,190,Unit,true,ADULT DIAPER M 10,2026-07-14T07:54:59.078Z,general,others,1000586,1000586,
ELDERDRY,Unit,,0,,,BLANK,650,,1,1,200,Unit,true,ADULT DIAPER L 10,2026-07-14T07:54:59.078Z,general,others,1000587,1000587,
ELDERDRY,Unit,,0,,,BLANK,700,,1,1,210,Unit,true,ADULT DIAPER XL 10,2026-07-14T07:54:59.078Z,general,others,1000589,1000589,
DR. MOREPEN,Unit,,0,,,BLANK,665,,1,1,400,Unit,true,GLUCOMETER 1,2026-07-14T07:54:59.078Z,general,others,1000591,1000591,
CORELIEF,Unit,,5,,,3002,234,,1,1,89.54,Unit,true,LIVEASY CREPE BANDAGE 2INCH 1,2026-07-14T07:54:54.580Z,general,others,1000592,1000592,
CORELIEF,Unit,,5,,,3002,255,,1,1,38,Unit,true,CRAP BANDAGE 3INCH 10,2026-07-14T07:54:54.580Z,general,others,1000593,1000593,
CORELIEF,Unit,,0,,,BLANK,320,,1,1,42.86,Unit,true,CRAP BANDAGE 4INCH 1,2026-07-14T07:54:54.580Z,general,others,1000595,1000595,
MEDIGRIP,Unit,,0,,,BLANK,300,,1,1,70,Unit,true,MEDIGRIP WATERPROOF BANDITS 1,2026-07-14T07:55:06.900Z,general,others,1000596,1000596,
DR. MOREPEN,Unit,,0,,,BLANK,499,,1,1,320,Unit,true,GLUCOMETER STRIP 25,2026-07-14T07:54:59.078Z,general,others,1000597,1000597,
DR. MOREPEN,Unit,,0,,,BLANK,849,,1,1,520,Unit,true,GLUCOMETER STRIP 50,2026-07-14T07:54:59.078Z,general,others,1000598,1000598,
ABSORBIA,Unit,,0,,,BLANK,249,,1,1,60,Unit,true,BABY WIPES 80,2026-07-14T07:54:48.503Z,general,others,1000599,1000599,
VISSCO,Unit,,0,,,BLANK,220,,1,1,120,Unit,true,ELBOW BAND M 1,2026-07-14T07:55:10.883Z,general,others,1000601,1000601,
VISSCO,Unit,,0,,,BLANK,220,,1,1,120,Unit,true,ELBOW BAND L 1,2026-07-14T07:55:10.883Z,general,others,1000602,1000602,
TYNOR,Unit,,0,,,BLANK,410,,1,1,225,Unit,true,KNEE CAP M 1,2026-07-14T07:55:10.883Z,general,others,1000603,1000603,
TYNOR,Unit,,0,,,BLANK,429,,1,1,80,Unit,true,KNEE CAP L 1,2026-07-14T07:55:10.883Z,general,others,1000604,1000604,
HI-TECH,Unit,,0,,,BLANK,12,,1,1,1.8,Unit,true,SYRINGE 3ML 1,2026-07-14T07:54:59.078Z,general,others,1000606,1000606,
HI-TECH,Unit,,0,,,BLANK,15,,1,1,1.8,Unit,true,SYRINGE 5ML 1,2026-07-14T07:54:59.078Z,general,others,1000607,1000607,
HI-TECH,Unit,,0,,,BLANK,21,,1,1,1.8,Unit,true,SYRINGE 10ML 100,2026-07-14T07:54:59.078Z,general,others,1000608,1000608,
HI-TECH,Unit,,0,,,BLANK,30,,1,1,15,Unit,true,MICROPORE 1INCH 1,2026-07-14T07:54:59.078Z,general,others,1000609,1000609,
HI-TECH,Unit,,0,,,BLANK,75,,1,1,30,Unit,true,MICROPORE 2INCH 1,2026-07-14T07:54:59.078Z,general,others,1000611,1000611,
HI-TECH,Unit,,0,,,BLANK,90,,1,1,37.5,Unit,true,MICROPORE 3INCH 1,2026-07-14T07:54:59.078Z,general,others,1000612,1000612,
HI-TECH,Unit,,0,,,BLANK,5,,1,1,1.5,Unit,true,COTTON BANDAGE 2INCH 1,2026-07-14T07:54:59.078Z,general,others,1000613,1000613,
HI-TECH,Unit,,0,,,BLANK,10,,1,1,2.66,Unit,true,COTTON BANDAGE 3INCH 12,2026-07-14T07:54:59.078Z,general,others,1000614,1000614,
HI-TECH,Unit,,0,,,BLANK,25,,1,1,6,Unit,true,SCALPVEIN WINGED SET 22NO 1,2026-07-14T07:54:59.078Z,general,others,1000615,1000615,
HI-TECH,Unit,,0,,,BLANK,185,,1,1,8,Unit,true,CANNULA 22NO 1,2026-07-14T07:54:59.078Z,general,others,1000616,1000616,
HI-TECH,Unit,,0,,,BLANK,80,,1,1,8,Unit,true,GAUZE SWAPS 1,2026-07-14T07:54:59.078Z,general,others,1000617,1000617,
HI-TECH,Unit,,0,,,BLANK,80,,1,1,5,Unit,true,CANNULA GRIP 1,2026-07-14T07:54:59.078Z,general,others,1000618,1000618,
HI-TECH,Unit,,0,,,BLANK,176,,1,1,12,Unit,true,IV SET 1,2026-07-14T07:54:59.078Z,general,others,1000619,1000619,
PAMPERS,Unit,,5,,,3002,389,,1,1,308.73,Unit,true,PAMPERS DIAPERS XL 22,2026-07-14T07:55:06.900Z,general,others,1000621,1000621,
STAYFREE,Unit,,0,,,BLANK,48,,1,1,40,Unit,true,STAYFREE SECURE XL PADS 6,2026-07-14T07:55:06.900Z,general,others,1000624,1000624,
STAYFREE,Unit,,0,,,BLANK,42,,1,1,34,Unit,true,STAYFREE SECURE XL 6,2026-07-14T07:55:06.900Z,general,others,1000625,1000625,
STAYFREE,Unit,,0,,,BLANK,37,,1,1,33.04,Unit,true,STAYFREE SECURE REGULAR 6,2026-07-14T07:55:06.900Z,general,others,1000627,1000627,
WHISPER,Unit,,0,,,BLANK,75,,1,1,56.92,Unit,true,WHISPER PADS XL 12,2026-07-14T07:55:10.883Z,general,others,1000628,1000628,
WHISPER,Unit,,0,,,BLANK,55,,1,1,49.55,Unit,true,WHISPER CHOICE XXL 6,2026-07-14T07:55:10.883Z,general,others,1000629,1000629,
MAMA EARTH,Unit,,18,,,3009,99,,1,1,60,Unit,true,MAMA EARTH VIT.C FACEWASH 50ML,2026-07-14T07:55:06.900Z,general,others,1000630,1000630,
MAMA EARTH,Unit,,0,,,BLANK,125,,1,1,75,Unit,true,MAMA EARTH UPTAN FACEWASH 50ML,2026-07-14T07:55:06.900Z,general,others,1000631,1000631,
MAMA EARTH,Unit,,0,,,BLANK,299,,1,1,180,Unit,true,MAMA EARTH ONION OIL 100ML,2026-07-14T07:55:06.900Z,general,others,1000632,1000632,
MAMA EARTH,Unit,,0,,,BLANK,249,,1,1,187,Unit,true,MAMA EARTH ONION SHAMPOO 200ML,2026-07-14T07:55:06.900Z,general,others,1000633,1000633,
TORRENT,Unit,,5,,,3002,239.1,,1,1,170.78,Unit,true,CHYMOPLUS 15,2026-07-14T07:55:10.883Z,general,others,1000635,1000635,
ANCALIMA LIFESCIENCES,Unit,,12,,,3004,75,,1,1,59.25,Unit,true,CAPSIRON GEL 30GM,2026-07-14T07:54:54.580Z,general,others,1000639,1000639,
-BLANK-,Unit,,12,,,3004,604.69,,1,1,477.3,Unit,true,MANDIL 5% FORTE 60ML,2026-07-14T07:54:44.690Z,general,others,1000641,1000641,
-BLANK-,Unit,,12,,,3004,93.75,,1,1,76.6,Unit,true,MYSONE-OINTMENT 15GM,2026-07-14T07:54:44.690Z,general,others,1000643,1000643,
PIRAMAL,Unit,,18,,,3009,133.47,,1,1,116.55,Unit,true,LACTOCALAMINE ALO 60ML,2026-07-14T07:55:06.900Z,general,others,1000645,1000645,
PIRAMAL,Unit,,18,,,3009,133.47,,1,1,116.55,Unit,true,LACTOCALAMINE 60ML,2026-07-14T07:55:06.900Z,general,others,1000646,1000646,
GEMROL,Unit,,12,,,3004,225,,1,1,177.6,Unit,true,GEMROL D3 NANO 1*4 5ML,2026-07-14T07:54:59.078Z,general,others,1000647,1000647,
ALKEM,Strip,sumo,5,ALKEM,false,3002,167,,1,15,127.85,Tablet,true,SUMO,2026-07-15T15:21:59.982Z,general,tablet,1000649,1000649,
BLUE CROSE,Strip,meftal spas 10,5,BLUE CROSE,false,3002,51.56,,1,10,39.28,Tablet,true,MEFTAL SPAS 10,2026-07-15T11:39:05.868Z,general,tablet,1000651,1000651,
CIPLA,Strip,ibugesic plus,5,CIPLA,false,3002,41,,1,20,31.61,Tablet,true,IBUGESIC PLUS,2026-07-15T11:10:14.647136Z,general,tablet,1000652,1000652,
CIPLA,Strip,montair lc 15,5,CIPLA,false,3002,420,,1,15,319.85,Tablet,true,MONTAIR LC 15,2026-07-15T11:47:26.079Z,general,tablet,1000654,1000654,
MACLEODS,Unit,,12,,,3004,140.83,,1,1,98.87,Unit,true,THYROX 50MG 100,2026-07-14T07:55:03.022Z,general,others,1000656,1000656,
MACLEODS,Unit,,5,,,3002,183.97,,1,1,140.17,Unit,true,THYROX 75MG 100,2026-07-14T07:55:03.022Z,general,others,1000658,1000658,
CADILA,Strip,aciloc rd 15,5,CADILA,false,3002,94.69,,1,15,65.93,Tablet,true,ACILOC RD 15,2026-07-15T01:45:24.617780Z,general,tablet,1000660,1000660,
TORRENT,Strip,unienzyme,5,TORRENT,false,3002,96.56,,1,15,73.57,Tablet,true,UNIENZYME,2026-07-15T15:49:44.576Z,general,tablet,1000662,1000662,
SUN PHARMA,Strip,zofer md4,5,SUN PHARMA,false,3002,54.79,,1,10,41.75,Tablet,true,ZOFER MD4,2026-07-15T16:08:27.394Z,general,tablet,1000664,1000664,
TORRENT,Unit,,5,,,3002,514.12,,1,1,391.71,Unit,true,CHYMORAL FORTE 20,2026-07-14T07:55:10.883Z,general,others,1000669,1000669,
DABUR,Unit,,0,,,BLANK,18.75,,1,1,16,Unit,true,HAJMOLA PUDINA POUCH 20,2026-07-14T07:54:59.078Z,general,others,1000671,1000671,
DABUR,Unit,,5,,,3002,65,,1,1,53,Unit,true,HAJMOLA BIG 70 1,2026-07-14T07:54:59.078Z,general,others,1000672,1000672,
SAVLON,Unit,,12,,,3004,57,,1,1,50,Unit,true,SAVLON LIQUID 100ML,2026-07-14T07:55:06.900Z,general,others,1000674,1000674,
DETTOL,Unit,,5,,,3002,91.33,,1,1,76.3,Unit,true,DETTOL LIQUID 125ML,2026-07-14T07:54:59.078Z,general,others,1000676,1000676,
PANTANJALI,Unit,,18,,,3009,53.39,,1,1,54,Unit,true,DANT KANTI DENTAL CREAM 100GM,2026-07-14T07:55:06.900Z,general,others,1000678,1000678,
PANTANJALI,Unit,,18,,,3009,102.33,,1,1,88.98,Unit,true,DANT KANTI DENTAL CREAM 200GM,2026-07-14T07:55:06.900Z,general,others,1000679,1000679,
DABUR,Unit,,12,,,3004,56,,1,1,45,Unit,true,PUDIN HARA ACTIVE 30ML,2026-07-14T07:54:59.078Z,general,others,1000681,1000681,
DABUR,Strip,pudin hara cap,5,DABUR,false,3002,32,,1,10,25.6,Capsule,true,PUDIN HARA CAP,2026-07-15T14:10:59.344Z,general,capsule,1000682,1000682,
ALL OUT,Unit,,0,,,BLANK,105,,1,1,94,Unit,true,ALL OUT COMBI 1U+1N,2026-07-14T07:54:54.580Z,general,others,1000684,1000684,
ALL OUT,Unit,,18,,,3009,85,,1,1,66,Unit,true,ALL OUT ULTRA LIQ 45ML,2026-07-14T07:54:54.580Z,general,others,1000685,1000685,
GOOD NIGHT,Unit,,0,,,BLANK,105,,1,1,90,Unit,true,GOOD KNIGHT COMBI 1U+45ML,2026-07-14T07:54:59.078Z,general,others,1000686,1000686,
GOOD NIGHT,Unit,,0,,,BLANK,85,,1,1,80,Unit,true,GOOD KNIGHT LIQ 45ML,2026-07-14T07:54:59.078Z,general,others,1000687,1000687,
ZYDUS,Unit,,5,,,3002,55,,1,1,47,Unit,true,GLUCON D ORANGE 75+50GM,2026-07-14T07:55:10.883Z,general,others,1000689,1000689,
DABUR,Unit,,0,,,BLANK,1,,1,1,0.75,Unit,true,HAJMOLA MIX POUCH 1,2026-07-14T07:54:59.078Z,general,others,1000690,1000690,
EMAMI,Unit,,0,,,BLANK,43,,1,1,37.41,Unit,true,ZANDU BALM 8ML,2026-07-14T07:54:59.078Z,general,others,1000692,1000692,
AP,Unit,,0,,,BLANK,40,,1,1,27,Unit,true,AP SPECIAL BALM 12GM,2026-07-14T07:54:54.580Z,general,others,1000693,1000693,
-BLANK-,Unit,,0,,,BLANK,199,,1,1,157,Unit,true,VICKS VAPOUR RUB 50GM,2026-07-14T07:54:48.503Z,general,others,1000695,1000695,
DABUR,Unit,,5,,,3002,230,,1,1,185.72,Unit,true,CHYAWANPRASH 500GM,2026-07-14T07:54:54.580Z,general,others,1000696,1000696,
EMAMI,Unit,,0,,,BLANK,10,,1,1,8.75,Unit,true,BOROPLUS 7ML,2026-07-14T07:54:59.078Z,general,others,1000697,1000697,
HIMALAYA,Unit,,0,,,BLANK,20,,1,1,16,Unit,true,LIP BALM 5GM,2026-07-14T07:55:03.022Z,general,others,1000699,1000699,
LUPIN LIFE,Strip,signoflam tab,5,LUPIN LIFE,false,3002,158.55,,1,10,120.8,Tablet,true,SIGNOFLAM TAB,2026-07-15T14:55:00.197Z,general,tablet,1000701,1000701,
ABOTT,Strip,vertin-16,5,ABOTT,false,3002,406,,1,15,309.29,Tablet,true,VERTIN-16,2026-07-15T15:55:22.378Z,general,tablet,1000703,1000703,
P/G,Strip,evion 600,5,P/G,false,3002,64,,1,10,49.08,Capsule,true,EVION 600,2026-07-15T10:24:30.280475Z,general,capsule,1000704,1000704,
MSD,Unit,,5,,,3002,42,,1,1,28.47,Unit,true,URIKIND-KM SACHET 5GM,2026-07-14T07:55:06.900Z,general,others,1000706,1000706,
APEX,Strip,zincovit tab,5,APEX,false,3002,107.67,,1,15,82.03,Tablet,true,ZINCOVIT TAB,2026-07-15T16:06:39.498Z,general,tablet,1000708,1000708,
ZYDUS,Strip,deriphyllin od 300 mg,12,ZYDUS,false,3004,121.88,,1,15,92.87,Tablet,true,DERIPHYLLIN OD 300 MG,2026-07-15T09:35:55.710052Z,general,tablet,1000710,1000710,
LUPIN LIFE,Strip,tonact 10mg,12,LUPIN LIFE,false,3004,82.95,,1,15,59.25,Tablet,true,TONACT 10MG,2026-07-15T15:30:49.562Z,general,tablet,1000712,1000712,
PHARMED,Strip,tendocare,18,PHARMED,false,3009,409.32,,1,15,311.88,Tablet,true,TENDOCARE,2026-07-15T15:39:23.193Z,general,tablet,1000714,1000714,
AKUMENTIS,Unit,,12,,,3004,266.25,,1,1,202.86,Unit,true,LIDOGAB GEL 30GM 30GM,2026-07-14T07:54:48.503Z,general,others,1000716,1000716,
TORRENT,Strip,veloz d,12,TORRENT,false,3004,225.5,,1,10,161.08,Capsule,true,VELOZ D,2026-07-15T15:54:25.886Z,general,capsule,1000718,1000718,
NOXKKEM,Strip,rebnex it cap,12,NOXKKEM,false,3004,135.94,,1,10,103.75,Capsule,true,REBNEX IT CAP,2026-07-15T14:19:43.139Z,general,capsule,1000722,1000722,
MSN,Strip,rosur cv 10,12,MSN,false,3004,162,,1,10,123.75,Tablet,true,ROSUR CV 10,2026-07-15T14:33:36.040Z,general,tablet,1000724,1000724,
ABOTT,Unit,,5,,,3002,314.6,,1,1,224.71,Unit,true,DIGERAFT PLUS SYRUP 200ML,2026-07-14T07:54:48.503Z,general,others,1000725,1000725,
-BLANK-,Strip,metboon vg 2 10,12,-BLANK-,false,3004,206.24,,1,10,157.16,Tablet,true,METBOON VG 2 10,2026-07-15T11:42:36.643Z,general,tablet,1000727,1000727,
SAIBOON,Strip,sbdapa s 100,12,SAIBOON,false,3004,186.56,,1,10,142.9,Tablet,true,SBDAPA S 100,2026-07-15T14:52:17.652Z,general,tablet,1000729,1000729,
GARNIER,Unit,,18,,,3009,125,,1,1,94.58,Unit,true,GARNIER ACNO FIGHT 50GM,2026-07-14T07:54:59.078Z,general,others,1000731,1000731,
GARNIER,Unit,,0,,,BLANK,119,,1,1,110,Unit,true,GARNIER TURBOBRIGHT 50GM,2026-07-14T07:54:59.078Z,general,others,1000732,1000732,
GSK,Unit,,0,,,BLANK,330,,1,1,306,Unit,true,JUNIOR HORLICKS 500GM,2026-07-14T07:54:59.078Z,general,others,1000733,1000733,
ARRIE,Strip,tazpure ln 40,12,ARRIE,false,3004,204.19,,1,15,155.57,Tablet,true,TAZPURE LN 40,2026-07-15T15:33:02.116Z,general,tablet,1000741,1000741,
MACLEODS,Strip,neovas 0 40 10,12,MACLEODS,false,3004,196.88,,1,10,150.16,Tablet,true,NEOVAS 0 40 10,2026-07-15T11:59:03.129Z,general,tablet,1000745,1000745,
ABOTT,Strip,tenormin 50,12,ABOTT,false,3004,37.38,,1,14,26.7,Tablet,true,TENORMIN 50,2026-07-15T15:39:53.043Z,general,tablet,1000747,1000747,
LUPIN LIFE,Unit,,5,,,3002,117.18,,1,1,89.33,Unit,true,CARDIOTEL LN 40 10,2026-07-14T07:55:03.022Z,general,others,1000749,1000749,
LUPIN LIFE,Strip,rosuboon ez 10,5,LUPIN LIFE,false,3002,196.87,,1,10,150.02,Tablet,true,ROSUBOON EZ 10,2026-07-15T14:32:18.896Z,general,tablet,1000751,1000751,
LUPIN LIFE,Strip,folitrax 15,5,LUPIN LIFE,false,3002,283,,1,5,215.98,Tablet,true,FOLITRAX 15,2026-07-15T10:32:42.970573Z,general,tablet,1000753,1000753,
-BLANK-,Unit,,12,,,3004,163.8,,1,1,124.8,Unit,true,MOXICIP KT 5ML,2026-07-14T07:54:44.690Z,general,others,1000757,1000757,
-BLANK-,Unit,,12,,,3004,177.19,,1,1,135,Unit,true,MOFLOREN 5ML,2026-07-14T07:54:44.690Z,general,others,1000759,1000759,
CIPLA,Unit,,5,,,3002,16,,1,1,12.56,Unit,true,CIPLOX E/D 10ML,2026-07-14T07:54:54.580Z,general,others,1000760,1000760,
-BLANK-,Unit,,5,,,3002,80,,1,1,61.02,Unit,true,I-KUL 10ML,2026-07-14T07:54:44.690Z,general,others,1000762,1000762,
-BLANK-,Strip,gcpred 4mg,12,-BLANK-,false,3004,66,,1,10,48.32,Tablet,true,GCPRED 4MG,2026-07-15T10:41:17.604596Z,general,tablet,1000763,1000763,
CADILA,Strip,imol +,12,CADILA,false,3004,23.7,,1,10,16.93,Tablet,true,IMOL +,2026-07-15T11:10:36.834989Z,general,tablet,1000766,1000766,
INTAS,Strip,baclof od 20,12,INTAS,false,3004,240.38,Baclofen,1,10,195.4,Tablet,true,BACLOF OD 20,2026-07-15T02:47:18.577502Z,general,tablet,1000768,1000768,
INTAS,Strip,mirnite 10,12,INTAS,false,3004,94.22,,1,10,71.79,Tablet,true,MIRNITE 10,2026-07-15T11:46:41.347Z,general,tablet,1000770,1000770,
IPCA,Strip,hcq 300 tab 15,12,IPCA,false,3004,304.95,,1,15,218.03,Tablet,true,HCQ 300 TAB 15,2026-07-14T11:30:13.516Z,general,tablet,1000771,1000771,
MACLEODS,Strip,omnacortil 10,12,MACLEODS,false,3004,13.43,,1,10,10.08,Tablet,true,OMNACORTIL 10,2026-07-15T12:56:21.243Z,general,tablet,1000774,1000774,
SUN PHARMA,Strip,gemer 1 tab 10,12,SUN PHARMA,false,3004,139.69,,1,10,106.53,Tablet,true,GEMER 1 TAB 10,2026-07-14T11:28:07.260Z,general,tablet,1000775,1000775,
SUN PHARMA,Strip,nexito 2o 10,12,SUN PHARMA,false,3004,150.68,,1,10,114.93,Tablet,true,NEXITO 2O 10,2026-07-15T12:15:03.439Z,general,tablet,1000776,1000776,
TORRENT,Strip,vorxar tab,5,TORRENT,false,3002,501.08,,1,10,381.78,Tablet,true,VORXAR TAB,2026-07-15T16:00:36.363Z,general,tablet,1000777,1000777,
SUN PHARMA,Strip,nexito 10 tab 1o,12,SUN PHARMA,false,3004,93.75,,1,10,72.15,Tablet,true,NEXITO 10 TAB 1O,2026-07-15T12:14:54.494Z,general,tablet,1000779,1000779,
-BLANK-,Unit,,18,,,3009,102.33,,1,1,24.5,Unit,true,ZENKO POWER  MULTIVITAMIN 15,2026-07-14T07:54:48.503Z,general,others,1000781,1000781,
MACLEODS,Unit,,5,,,3002,75,,1,1,26.67,Unit,true,GRIP WATER 150ML,2026-07-14T07:55:03.022Z,general,others,1000786,1000786,
GLENMARK,Unit,,12,,,3004,149.06,,1,1,113.58,Unit,true,CANDID POWDER 100GM,2026-07-14T07:54:59.078Z,general,others,1000788,1000788,
GLENMARK,Unit,,12,,,3004,97.5,,1,1,74.29,Unit,true,CANDID POWDER 50GM,2026-07-14T07:54:59.078Z,general,others,1000790,1000790,
JOHNSON,Strip,ultracet tab nrx 15,5,JOHNSON,false,3002,295.69,,1,15,225.29,Tablet,true,ULTRACET TAB NRX 15,2026-07-15T04:33:29.782Z,general,tablet,1000792,1000792,
-BLANK-,Strip,folcare plus tab,5,-BLANK-,false,3002,59,,1,10,42.73,Tablet,true,FOLCARE PLUS TAB,2026-07-15T10:31:29.004413Z,general,tablet,1000794,1000794,
-BLANK-,Unit,,0,,,BLANK,60,,1,1,44,Unit,true,PET SAFA 60GM,2026-07-14T07:54:44.690Z,general,others,1000796,1000796,
-BLANK-,Unit,,5,,,BLANK,165,,1,1,125,Unit,true,ISABGOL 100GM,2026-07-14T07:54:44.690Z,general,others,1000798,1000798,
-BLANK-,Unit,,18,,,3009,115,,1,1,88.6,Unit,true,VEET WOMEN 30GM,2026-07-14T07:54:48.503Z,general,others,1000800,1000800,
MANFORCE,Unit,,0,,,BLANK,150,,1,1,120,Unit,true,MANFORCE CONDOM 150 10,2026-07-14T07:55:06.900Z,general,others,1000802,1000802,
MANFORCE,Unit,,0,,,BLANK,99,,1,1,55,Unit,true,MANFORCE STRAWBERRY 99 10,2026-07-14T07:55:06.900Z,general,others,1000803,1000803,
-BLANK-,Unit,,0,,,BLANK,410,,1,1,80,Unit,true,TIGER KING CREAM 6,2026-07-14T07:54:48.503Z,general,others,1000805,1000805,
ORAL-B,Unit,,0,,,BLANK,220,,1,1,12.28,Unit,true,BRUSH 6,2026-07-14T07:55:06.900Z,general,others,1000807,1000807,
-BLANK-,Strip,nygard-nt,12,-BLANK-,false,3004,177.19,,1,10,135,Tablet,true,NYGARD-NT,2026-07-15T12:45:54.274Z,general,tablet,1000810,1000810,
CIPLA,Strip,pantop 40,5,CIPLA,false,3002,170,,1,15,121.43,Tablet,true,PANTOP 40,2026-07-15T13:37:50.640Z,general,tablet,1000812,1000812,
GSK,Unit,,12,,,3004,119.55,,1,1,85.39,Unit,true,ELTROXIN 50MG 120,2026-07-14T07:54:59.078Z,general,others,1000815,1000815,
GSK,Unit,,5,,,3002,226.85,,1,1,172.84,Unit,true,ROZUCOR GOLD 10 10,2026-07-14T07:54:59.078Z,general,others,1000817,1000817,
GSK,Strip,nygard-d 20,12,GSK,false,3004,186.56,,1,10,142.15,Tablet,true,NYGARD-D 20,2026-07-15T12:45:35.014Z,general,tablet,1000819,1000819,
GSK,Unit,,12,,,3004,749.99,,1,1,542.31,Unit,true,UBI-BOOST D PRO 400GM,2026-07-14T07:54:59.078Z,general,others,1000821,1000821,
GSK,Strip,seloken xl50,12,GSK,false,3004,196,,1,30,150.3,Tablet,true,SELOKEN XL50,2026-07-15T14:53:04.458Z,general,tablet,1000823,1000823,
ABOTT,Strip,digene mint tablet 15,5,ABOTT,false,3002,30,,1,15,22.93,Tablet,true,DIGENE MINT TABLET 15,2026-07-14T11:20:49.176Z,general,tablet,1000825,1000825,
-BLANK-,Unit,,0,,,BLANK,337,,1,1,235,Unit,true,MUSHROOM POWDER 100GM,2026-07-14T07:54:44.690Z,general,others,1000829,1000829,
-BLANK-,Unit,,12,,,3004,75,,1,1,35,Unit,true,PHENICOL EYEDROP 100,2026-07-14T07:54:44.690Z,general,others,1000831,1000831,
ERIS,Strip,remylin d,5,ERIS,false,3002,280,,1,15,213.33,Tablet,true,REMYLIN D,2026-07-15T14:21:15.525Z,general,tablet,1000833,1000833,
MERCK,Unit,,5,,,3002,20.41,,1,1,15.56,Unit,true,NEUROBION FORTE RF 2ML,2026-07-14T07:55:06.900Z,general,others,1000837,1000837,
RANBAXY,Strip,etrobax 90,5,RANBAXY,false,3002,185.16,,1,10,141.07,Tablet,true,ETROBAX 90,2026-07-15T10:21:48.526709Z,general,tablet,1000839,1000839,
SUN PHARMA,Strip,nexito 5 10,5,SUN PHARMA,false,3002,85.79,,1,10,61.28,Tablet,true,NEXITO 5 10,2026-07-15T12:15:17.101Z,general,tablet,1000841,1000841,
TORRENT,Strip,shelcal 500,5,TORRENT,false,3002,163.45,,1,15,124.53,Tablet,true,SHELCAL 500,2026-07-15T14:54:13.373Z,general,tablet,1000843,1000843,
MEDIGRIP,Unit,,0,,,BLANK,2,,1,1,0.7,Unit,true,MEDIGRIP INJECTION PLASTER 1,2026-07-14T07:55:06.900Z,general,others,1000847,1000847,
CIPLA,Unit,,12,,,3004,82.5,,1,1,62.86,Unit,true,CAPSID-D 10,2026-07-14T07:54:54.580Z,general,others,1000849,1000849,
CIPLA,Unit,,12,,,3004,78.9,,1,1,56.36,Unit,true,DYTOR 5 15,2026-07-14T07:54:54.580Z,general,others,1000851,1000851,
ELI LILY,Unit,,5,,,3002,177,,1,1,141.6,Unit,true,HUMINSULIN 30/70 VIAL 10ML,2026-07-14T07:54:59.078Z,general,others,1000853,1000853,
FDC,Strip,zocon 150,12,FDC,false,3004,75.98,,1,6,57.95,Tablet,true,ZOCON 150,2026-07-15T16:07:35.731Z,general,tablet,1000855,1000855,
GLAXOSMITHKLIN,Strip,augmentin 625,5,GLAXOSMITHKLIN,false,3002,195.39,Amoxicillin +Potassium Clavuanate,1,10,148.87,Tablet,true,AUGMENTIN 625,2026-07-15T02:24:28.407299Z,general,tablet,1000857,1000857,
GLAXOSMITHKLIN,Strip,betnesol,5,GLAXOSMITHKLIN,false,3002,18.7,Betamethasone,1,20,13.36,Tablet,true,BETNESOL,2026-07-15T03:00:00.380032Z,general,tablet,1000859,1000859,
INTAS,Strip,zoryl m2 forte,12,INTAS,false,3004,220.31,,1,15,168.03,Tablet,true,ZORYL M2 FORTE,2026-07-15T16:09:14.504Z,general,tablet,1000861,1000861,
SUN PHARMA,Strip,istamet xr,12,SUN PHARMA,false,3004,126.56,,1,10,96.44,Tablet,true,ISTAMET XR,2026-07-15T11:12:49.954164Z,general,tablet,1000863,1000863,
-BLANK-,Strip,norflokem-tz 10,5,-BLANK-,false,3002,110,,1,10,25.75,Tablet,true,NORFLOKEM-TZ 10,2026-07-15T12:33:01.867Z,general,tablet,1000869,1000869,
-BLANK-,Strip,ctz,5,-BLANK-,false,3002,42,,1,20,6.19,Tablet,true,CTZ,2026-07-15T09:38:27.736006Z,general,tablet,1000871,1000871,
CIPLA,Unit,,5,,,3002,52.71,,1,1,30.28,Unit,true,CIPLADINE OINTMENT 15GM,2026-07-14T07:54:54.580Z,general,others,1000875,1000875,
CIPLA,Unit,,5,,,3002,87.84,,1,1,42.05,Unit,true,CIPLADINE OINTMENT 25GM,2026-07-14T07:54:54.580Z,general,others,1000876,1000876,
CIPLA,Strip,cobarise d 10,5,CIPLA,false,3002,165.99,,1,10,125.73,Tablet,true,COBARISE D 10,2026-07-15T09:29:24.371739Z,general,tablet,1000878,1000878,
RAMSONS,Unit,,0,,,BLANK,250,,1,1,50,Unit,true,SANITIZER GEL 500ML,2026-07-14T07:55:06.900Z,general,others,1000880,1000880,
STAYFREE,Unit,,0,,,BLANK,110,,1,1,88.39,Unit,true,STAYFREE ADVANCE XXL 7,2026-07-14T07:55:06.900Z,general,others,1000884,1000884,
MACLEODS,Strip,rosumac gold 20,12,MACLEODS,false,3004,313.13,,1,10,238.6,Tablet,true,ROSUMAC GOLD 20,2026-07-15T14:33:05.684Z,general,tablet,1000886,1000886,
-BLANK-,Unit,,5,,,3002,152,,1,1,20.95,Unit,true,ALKACITRAL SYRUP 100ML,2026-07-14T07:54:40.148Z,general,others,1000890,1000890,
ZYDUS,Unit,,12,,,3004,66.56,,1,1,8.79,Unit,true,PREGLINE CARD 1,2026-07-14T07:55:10.883Z,general,others,1000892,1000892,
SKORE,Unit,,0,,,BLANK,50,,1,1,25,Unit,true,SKORE N.THING 3,2026-07-14T07:55:06.900Z,general,others,1000894,1000894,
-BLANK-,Strip,flunarin 10,5,-BLANK-,false,3002,55,,1,10,39.2,Tablet,true,FLUNARIN 10,2026-07-15T10:30:59.917392Z,general,tablet,1000896,1000896,
ZYDUS,Strip,forglyn plus tab 3o,5,ZYDUS,false,3002,582.61,,1,30,443.89,Tablet,true,FORGLYN PLUS TAB 3O,2026-07-14T11:25:46.111Z,general,tablet,1000898,1000898,
-BLANK-,Strip,aldigesic sp tab 10,5,-BLANK-,false,3002,127.85,,1,10,20.95,Tablet,true,ALDIGESIC SP TAB 10,2026-07-14T09:20:14.885Z,general,tablet,1000907,1000907,
LABOR,Unit,,12,,,3004,69.14,,1,1,9.5,Unit,true,CLOBAT GM 10GM,2026-07-14T07:55:03.022Z,general,others,1000908,1000908,
RANBAXY,Strip,fenak plus tab,5,RANBAXY,false,3002,36.84,,1,10,8.54,Tablet,true,FENAK PLUS TAB,2026-07-15T10:26:44.384670Z,general,tablet,1000909,1000909,
-BLANK-,Unit,,12,,,3004,115,,1,1,87.5,Unit,true,PET SAFA 100GM 100GM,2026-07-14T07:54:44.690Z,general,others,1000911,1000911,
-BLANK-,Unit,,12,,,3004,186,,1,1,142.86,Unit,true,MOOV SPRAY 35*15 50GM,2026-07-14T07:54:44.690Z,general,others,1000913,1000913,
-BLANK-,Unit,,0,,,BLANK,109,,1,1,98,Unit,true,VEET MEN 30GM,2026-07-14T07:54:48.503Z,general,others,1000915,1000915,
-BLANK-,Unit,,5,,,3002,10,,1,1,7.94,Unit,true,ENO LEMON POUCH 5GM,2026-07-14T07:54:40.148Z,general,others,1000923,1000923,
AJANTA,Unit,,5,,,3002,211,,1,1,150.71,Unit,true,APDROP-KT E/D DROP 5ML,2026-07-14T07:54:48.503Z,general,others,1000925,1000925,
AJANTA,Unit,,12,,,3004,249,,1,1,177.86,Unit,true,APDROPS LP E/D 5ML,2026-07-14T07:54:48.503Z,general,others,1000926,1000926,
AJANTA,Unit,,12,,,3004,47.81,,1,1,36.43,Unit,true,GATE-P E/D 10ML,2026-07-14T07:54:48.503Z,general,others,1000927,1000927,
AJANTA,Unit,,12,,,3004,129.14,,1,1,98.39,Unit,true,AQUALUBE E/D 10ML,2026-07-14T07:54:48.503Z,general,others,1000928,1000928,
AJANTA,Unit,,12,,,3004,232,,1,1,165.71,Unit,true,NEPAFLAM E/D 5ML,2026-07-14T07:54:48.503Z,general,others,1000929,1000929,
AJANTA,Unit,,5,,,3002,223.12,,1,1,170,Unit,true,OLOPAT E/D 5ML,2026-07-14T07:54:48.503Z,general,others,1000930,1000930,
ALLERGAN,Unit,,12,,,3004,64.51,,1,1,49.65,Unit,true,PRED FORTE E/D 10ML,2026-07-14T07:54:54.580Z,general,others,1000931,1000931,
ALLERGAN,Unit,,5,,,3002,131,,1,1,107.78,Unit,true,REFRESH TEARS E/D 10ML,2026-07-14T07:54:54.580Z,general,others,1000932,1000932,
AJANTA,Unit,,12,,,3004,194.06,,1,1,147.86,Unit,true,SOFTDROPS E/D 10ML,2026-07-14T07:54:48.503Z,general,others,1000933,1000933,
AJANTA,Unit,,5,,,3002,480,,1,1,342.88,Unit,true,TOVAXO E/D 2.5ML,2026-07-14T07:54:48.503Z,general,others,1000935,1000935,
DR. REDDY'S,Unit,,12,,,3004,148.83,,1,1,113.39,Unit,true,CHEERIO T.PASTE 75GM,2026-07-14T07:54:59.078Z,general,others,1000936,1000936,
DR. REDDY'S,Unit,,5,,,3002,238.75,,1,1,170.6,Unit,true,CLOHEX ADS MOUTH WASH 200ML,2026-07-14T07:54:59.078Z,general,others,1000937,1000937,
DR. REDDY'S,Unit,,5,,,3002,197.5,,1,1,141.06,Unit,true,CLOHEX ORAL RINSE MOUTH WASH 150ML,2026-07-14T07:54:59.078Z,general,others,1000938,1000938,
ARISTRO,Unit,,5,,,3002,180,,1,1,128.53,Unit,true,DAROLAC SACHET 1*10PK,2026-07-14T07:54:54.580Z,general,others,1000940,1000940,
DR. REDDY'S,Unit,,5,,,3002,113.25,,1,1,80.89,Unit,true,DOLOGEL -CT 10GM,2026-07-14T07:54:59.078Z,general,others,1000941,1000941,
ARISTRO,Unit,,12,,,3004,257.81,,1,1,196.43,Unit,true,GABANEURON-GEL 6% 30GM,2026-07-14T07:54:54.580Z,general,others,1000943,1000943,
SYNCHEM,Unit,,12,,,3004,33.6,,1,1,25.2,Unit,true,MEDIMOL DROP 15ML,2026-07-14T07:55:10.883Z,general,others,1000944,1000944,
P/G,Unit,,5,,,3002,112.41,,1,1,85.65,Unit,true,NASIVION ADL 0.5%  NASAL DROP 10ML,2026-07-14T07:55:06.900Z,general,others,1000945,1000945,
P/G,Unit,,12,,,3004,88.5,,1,1,63.22,Unit,true,NASIVION CHILD PD NASAL 10ML,2026-07-14T07:55:06.900Z,general,others,1000946,1000946,
P/G,Unit,,12,,,3004,77.91,,1,1,59.41,Unit,true,NASIVION MINI BABY 0.1 10ML,2026-07-14T07:55:06.900Z,general,others,1000947,1000947,
P/G,Unit,,12,,,3004,102.2,,1,1,77.86,Unit,true,NASIVION N.S  10ML 1OML,2026-07-14T07:55:06.900Z,general,others,1000948,1000948,
SYNCHEM,Unit,,12,,,3004,90,,1,1,68.57,Unit,true,TOCEF-50 SYRUP 30ML,2026-07-14T07:55:10.883Z,general,others,1000949,1000949,
SYNCHEM,Unit,,12,,,3004,98.44,,1,1,75,Unit,true,UROSOL SYRUP 100ML,2026-07-14T07:55:10.883Z,general,others,1000950,1000950,
DR. REDDY'S,Unit,,12,,,3004,360,,1,1,260.34,Unit,true,VANTEJ 100GM  T PASTE 100GM,2026-07-14T07:54:59.078Z,general,others,1000951,1000951,
SUN PHARMA,Unit,,5,,,3002,61.5,,1,1,46.88,Unit,true,PREDMET E/D 10ML,2026-07-14T07:55:10.883Z,general,others,1000952,1000952,
GLENMARK,Unit,,12,,,3004,132.19,,1,1,100.71,Unit,true,ALEX SF 100ML,2026-07-14T07:54:59.078Z,general,others,1000954,1000954,
GLENMARK,Unit,,12,,,3004,137.81,,1,1,105,Unit,true,ASCORIL PLUS 120ML,2026-07-14T07:54:59.078Z,general,others,1000955,1000955,
GLENMARK,Unit,,12,,,3004,90.94,,1,1,69.29,Unit,true,ASCORIL LS JUNIOR 60ML,2026-07-14T07:54:59.078Z,general,others,1000956,1000956,
GLENMARK,Unit,,5,,,3002,169,,1,1,120.71,Unit,true,ASCORIL D PLUS 100ML,2026-07-14T07:54:59.078Z,general,others,1000959,1000959,
GLENMARK,Unit,,5,,,3002,154.5,,1,1,100.71,Unit,true,ASCORIL LS 100ML,2026-07-14T07:54:59.078Z,general,others,1000961,1000961,
GLENMARK,Unit,,5,,,3002,165.47,,1,1,126.07,Unit,true,ASCORIL SF 100ML,2026-07-14T07:54:59.078Z,general,others,1000963,1000963,
WIN MEDICARE,Unit,,5,,,3002,329,,1,1,250.67,Unit,true,BETADINE GARGAL 2% 100ML,2026-07-14T07:55:10.883Z,general,others,1000968,1000968,
WIN MEDICARE,Unit,,5,,,3002,131.46,,1,1,105.18,Unit,true,BETADIN OINTMENT 20GM,2026-07-14T07:55:10.883Z,general,others,1000970,1000970,
GLENMARK,Unit,,5,,,3002,173,,1,1,123.59,Unit,true,CANDID MOUTH PAINT 25ML,2026-07-14T07:54:59.078Z,general,others,1000973,1000973,
GLENMARK,Unit,,5,,,3002,190,,1,1,135.71,Unit,true,CANDID B CREAM 20GM,2026-07-14T07:54:59.078Z,general,others,1000975,1000975,
GLENMARK,Unit,,12,,,3004,165.47,,1,1,126.07,Unit,true,CANDIDERMA PLUS CR 20GM,2026-07-14T07:54:59.078Z,general,others,1000977,1000977,
HETERO HEALTHCARE,Unit,,12,,,3004,103.59,,1,1,78.93,Unit,true,LEVOCET M SYRUP 60ML,2026-07-14T07:54:59.078Z,general,others,1000978,1000978,
HETERO HEALTHCARE,Unit,,12,,,3004,101,,1,1,75,Unit,true,LEVOCET SYRUP 60ML,2026-07-14T07:54:59.078Z,general,others,1000979,1000979,
MACLEODS,Unit,omnacortil solution 60ml,12,MACLEODS,false,3004,32.92,,1,1,23.51,Unit,true,OMNACORTIL SOLUTION 60ML,2026-07-15T12:57:12.011Z,general,others,1000981,1000981,
GLAXOSMITHKLIN,Unit,,12,,,3004,221.91,,1,1,165.11,Unit,true,OSTOCALCIUM SYRUP 200ML,2026-07-14T07:54:59.078Z,general,others,1000983,1000983,
MACLEODS,Unit,,12,,,3004,117.6,,1,1,84,Unit,true,PANDERM PLUS 15GM,2026-07-14T07:55:03.022Z,general,others,1000986,1000986,
IPCA,Strip,revelol am 50/5,12,IPCA,false,3004,257.9,,1,15,184.24,Tablet,true,REVELOL AM 50/5,2026-07-15T14:22:51.457Z,general,tablet,1000988,1000988,
GLENMARK,Unit,,5,,,3002,130.78,,1,1,99.64,Unit,true,SENSUR OIL 10ML,2026-07-14T07:54:59.078Z,general,others,1000989,1000989,
IPCA,Unit,,5,,,3002,85.85,,1,1,61.32,Unit,true,SOLVIN COLD DROP 15ML,2026-07-14T07:55:03.022Z,general,others,1000990,1000990,
GLENMARK,Unit,,5,,,3002,98.44,,1,1,75,Unit,true,SENSUR RUB 10GM,2026-07-14T07:54:59.078Z,general,others,1000991,1000991,
HINDUSTAN UNILEVER,Unit,,0,,,BLANK,200,,1,1,151,Unit,true,VWASH LIQUID 100ML,2026-07-14T07:55:03.022Z,general,others,1000992,1000992,
P/T,Unit,,0,,,BLANK,2,,1,1,1.3,Unit,true,VICKS DROPS 1,2026-07-14T07:55:06.900Z,general,others,1000993,1000993,
MACLEODS,Strip,vildamac m 50/500,12,MACLEODS,false,3004,140.63,,1,10,107.14,Tablet,true,VILDAMAC M 50/500,2026-07-15T15:56:45.668Z,general,tablet,1000995,1000995,
MANKIND,Unit,,12,,,3004,96.08,,1,1,73.2,Unit,true,ASTHAKIND SYRUP 100ML,2026-07-14T07:55:06.900Z,general,others,1000996,1000996,
MANKIND,Unit,,12,,,3004,72.6,,1,1,55.31,Unit,true,ASTHAKIND DX SYRUP 60ML,2026-07-14T07:55:06.900Z,general,others,1000997,1000997,
INDOCO,Unit,,12,,,3004,114.7,,1,1,87.39,Unit,true,CLOBEN-G CREAM 15GM,2026-07-14T07:55:03.022Z,general,others,1000999,1000999,
MANKIND,Unit,,12,,,3004,42.21,,1,1,50,Unit,true,CODISTAR DX SYRUP 60ML,2026-07-14T07:55:06.900Z,general,others,1001001,1001001,
MANKIND,Unit,,5,,,3002,45.69,,1,1,32.61,Unit,true,DOLO 250 SUSPENSION 60ML,2026-07-14T07:55:06.900Z,general,others,1001003,1001003,
APEX,Unit,,12,,,3004,39.38,,1,1,30,Unit,true,EPINORM SYRUP 30ML,2026-07-14T07:54:54.580Z,general,others,1001005,1001005,
MANKIND,Unit,,12,,,3004,60.38,,1,1,46.01,Unit,true,FLORA BC DRY SUSPENSION 60ML,2026-07-14T07:55:06.900Z,general,others,1001008,1001008,
MANKIND,Strip,glimestar m2,12,MANKIND,false,3004,109.9,,1,10,78.5,Tablet,true,GLIMESTAR M2,2026-07-15T10:43:29.711652Z,general,tablet,1001010,1001010,
FRANCO PHARMACUETICALS,Unit,,5,,,3002,131.7,,1,1,100.34,Unit,true,GRILINCTUS BM SYRUP 100ML,2026-07-14T07:54:59.078Z,general,others,1001011,1001011,
FRANCO PHARMACUETICALS,Unit,,5,,,3002,141.95,,1,1,101.39,Unit,true,GRINLCTUS NEW 100ML,2026-07-14T07:54:59.078Z,general,others,1001012,1001012,
FRANCO PHARMACUETICALS,Unit,,12,,,3004,156.4,,1,1,101.66,Unit,true,GRINLCTUS L 100ML,2026-07-14T07:54:59.078Z,general,others,1001013,1001013,
MANKIND,Strip,health ok,18,MANKIND,false,3009,97.88,,1,15,74.58,Tablet,true,HEALTH OK,2026-07-15T11:06:47.587278Z,general,tablet,1001015,1001015,
RAPTABRET,Unit,hepatoglobine syrup 300ml,5,RAPTABRET,false,3002,255,,1,1,194.3,Unit,true,HEPATOGLOBINE SYRUP 300ML,2026-07-15T11:07:01.246762Z,general,others,1001016,1001016,
MANKIND,Unit,,5,,,3002,165,,1,1,117.85,Unit,true,KETOSTAR 30GM,2026-07-14T07:55:06.900Z,general,others,1001018,1001018,
MANKIND,Unit,,5,,,3002,119.16,,1,1,80.78,Unit,true,KETOSTAR SOAP 50GM,2026-07-14T07:55:06.900Z,general,others,1001020,1001020,
MANKIND,Unit,,12,,,3004,89.62,,1,1,68.34,Unit,true,MAHAFLOX EYEDROP 5ML,2026-07-14T07:55:06.900Z,general,others,1001021,1001021,
MICROLABS,Unit,,5,,,3002,139,,1,1,99.29,Unit,true,MOXIGRAM KT EYEDROP 5ML,2026-07-14T07:55:06.900Z,general,others,1001022,1001022,
MANKIND,Unit,,12,,,3004,63.31,,1,1,48.24,Unit,true,MOXIKIND CV SYRUP 30ML,2026-07-14T07:55:06.900Z,general,others,1001024,1001024,
MANKIND,Strip,nurokind gold 10,5,MANKIND,false,3002,103.01,,1,10,78.48,Tablet,true,NUROKIND GOLD 10,2026-07-15T12:39:40.687Z,general,tablet,1001028,1001028,
MICROLABS,Unit,,12,,,3004,58.13,,1,1,44.29,Unit,true,OFLACIN EYEDROP 5ML,2026-07-14T07:55:06.900Z,general,others,1001029,1001029,
FRANCO PHARMACUETICALS,Unit,,12,,,3004,111.5,,1,1,79.64,Unit,true,SORBILINE SYRUP 100ML,2026-07-14T07:54:59.078Z,general,others,1001030,1001030,
FRANCO PHARMACUETICALS,Unit,,5,,,3002,109,,1,1,82.97,Unit,true,SURFAZ SN CREAM 10GM,2026-07-14T07:54:59.078Z,general,others,1001031,1001031,
RAPTABRET,Unit,,5,,,3002,453.5,,1,1,345.52,Unit,true,THREPTIN BARS 275GM,2026-07-14T07:55:06.900Z,general,others,1001032,1001032,
RUSSI,Unit,,12,,,3004,70.31,,1,1,53.57,Unit,true,NOPILE OINTMENT 30GM,2026-07-14T07:55:06.900Z,general,others,1001034,1001034,
ABOTT,Unit,,5,,,3002,187,,1,1,142.17,Unit,true,THYRONORM 25 120,2026-07-14T07:54:48.503Z,general,others,1001037,1001037,
ABOTT,Unit,,5,,,3002,132.87,,1,1,101.23,Unit,true,THYRONORM 50 120,2026-07-14T07:54:48.503Z,general,others,1001038,1001038,
ABOTT,Unit,,5,,,3002,170,,1,1,129.46,Unit,true,THYRONORM 100 120,2026-07-14T07:54:48.503Z,general,others,1001039,1001039,
ABOTT,Unit,,5,,,3002,183.97,,1,1,140.17,Unit,true,THYRONORM 75 120,2026-07-14T07:54:48.503Z,general,others,1001040,1001040,
ARISTRO,Unit,,5,,,3002,63,,1,1,48.22,Unit,true,FLEXON SYRUP 100ML,2026-07-14T07:54:54.580Z,general,others,1001042,1001042,
P/G,Unit,,12,,,3004,153.45,,1,1,106.29,Unit,true,POLYBION-ACTIVE SYRUP 150ML,2026-07-14T07:55:06.900Z,general,others,1001044,1001044,
USV,Strip,tazloc-am,12,USV,false,3004,145.97,,1,10,111.22,Tablet,true,TAZLOC-AM,2026-07-15T15:32:41.589Z,general,tablet,1001046,1001046,
SYNCHEM,Unit,,12,,,3004,79.69,,1,1,60.71,Unit,true,TUSSIN DMR SYRUP 100ML,2026-07-14T07:55:10.883Z,general,others,1001048,1001048,
-BLANK-,Unit,,12,,,3004,143.44,,1,1,109.29,Unit,true,VASICON EYEDROP 1OML,2026-07-14T07:54:48.503Z,general,others,1001050,1001050,
ARISTRO,Unit,,5,,,3002,162,,1,1,115.7,Unit,true,ARISTROZMYE 200ML,2026-07-14T07:54:54.580Z,general,others,1001054,1001054,
SMART,Strip,kuffway q tablet 10,12,SMART,false,3004,56.25,,1,10,19,Tablet,true,KUFFWAY Q TABLET 10,2026-07-14T11:50:12.187Z,general,tablet,1001056,1001056,
-BLANK-,Unit,,12,,,3004,18.56,,1,1,3.3,Unit,true,IGMAGESIC AQ 1ML 1ML,2026-07-14T07:54:44.690Z,general,others,1001057,1001057,
-BLANK-,Unit,,12,,,3004,12.52,,1,1,4.7,Unit,true,ONDASTRONG 2ML IJECTION 2ML,2026-07-14T07:54:44.690Z,general,others,1001058,1001058,
ABOTT,Strip,brufen 400mg 15,12,ABOTT,false,3004,26.85,,1,15,18.6,Tablet,true,BRUFEN 400MG 15,2026-07-15T03:10:03.643535Z,general,tablet,1001065,1001065,
MEDSOL,Unit,,12,,,3004,288,,1,1,205.71,Unit,true,D GAIN NANO 5ML,2026-07-14T07:55:06.900Z,general,others,1001068,1001068,
-BLANK-,Unit,durex extra thin condom 3,0,-BLANK-,false,BLANK,99,,1,1,82.5,Unit,true,DUREX EXTRA THIN CONDOM 3,2026-07-20T05:15:38.056Z,general,others,1001075,1001075,
BAYER,Strip,saridon 10,5,BAYER,false,3002,51.55,,1,10,39.27,Tablet,true,SARIDON 10,2026-07-15T14:51:38.340Z,general,tablet,1001082,1001082,
CIPLA,Unit,,12,,,3004,157.27,,1,1,35.95,Unit,true,FOREDERM 20GM,2026-07-14T07:54:54.580Z,general,others,1001085,1001085,
MEDLEY,Strip,o2 tablet,5,MEDLEY,false,3002,213.95,,1,10,163.01,Tablet,true,O2 TABLET,2026-07-15T12:46:07.027Z,general,tablet,1001098,1001098,
LUPIN LIFE,Strip,signoflam th-8,12,LUPIN LIFE,false,3004,276.56,,1,10,211,Tablet,true,SIGNOFLAM TH-8,2026-07-15T14:55:11.277Z,general,tablet,1001105,1001105,
-BLANK-,Unit,,0,,,BLANK,200,,1,1,100,Unit,true,ROOM FRESNER 200ML,2026-07-14T07:54:44.690Z,general,others,1001107,1001107,
ODONIL,Unit,,0,,,BLANK,169,,1,1,110,Unit,true,ODONIL ROOM SPRAY LAVENDER 180ML,2026-07-14T07:55:06.900Z,general,others,1001108,1001108,
-BLANK-,Strip,levozet,5,-BLANK-,false,3002,51.1,,1,10,3.05,Tablet,true,LEVOZET,2026-07-15T11:19:17.826124Z,general,tablet,1001110,1001110,
-BLANK-,Unit,,0,,,BLANK,180,,1,1,60,Unit,true,DERMAKEY 5 20GM,2026-07-14T07:54:40.148Z,general,others,1001112,1001112,
-BLANK-,Unit,,0,,,BLANK,110,,1,1,70,Unit,true,MOMIKART-F CREAM 30,2026-07-14T07:54:44.690Z,general,others,1001114,1001114,
-BLANK-,Unit,,0,,,BLANK,81,,1,1,25,Unit,true,TONODERM 5 CREAM 15GM,2026-07-14T07:54:48.503Z,general,others,1001116,1001116,
-BLANK-,Unit,,0,,,BLANK,65,,1,1,40,Unit,true,SALICYCLIC TONAFLATE GEL 25ML,2026-07-14T07:54:44.690Z,general,others,1001118,1001118,
-BLANK-,Unit,,0,,,BLANK,10,,1,1,0.9,Unit,true,BLACK MASK 100,2026-07-14T07:54:40.148Z,general,others,1001120,1001120,
MANFORCE,Unit,,0,,,BLANK,30,,1,1,17,Unit,true,MANFORCE COCKTAIL STRAWBERRY 1*3,2026-07-14T07:55:06.900Z,general,others,1001122,1001122,
MANFORCE,Unit,,0,,,BLANK,50,,1,1,40,Unit,true,MANFORCE CONDOM 50 1*3,2026-07-14T07:55:06.900Z,general,others,1001123,1001123,
MANFORCE,Unit,,5,,,3002,23,,1,1,17.58,Unit,true,MANFORCE STAYLONG GEL 1GM,2026-07-14T07:55:06.900Z,general,others,1001124,1001124,
GENO,Unit,,5,,,3002,140,,1,1,106.43,Unit,true,CYPON SYRUP 200ML,2026-07-14T07:54:59.078Z,general,others,1001125,1001125,
ERIS,Unit,,12,,,3004,464.06,,1,1,353.57,Unit,true,DEMELAN CREAM 20GM,2026-07-14T07:54:59.078Z,general,others,1001126,1001126,
MANFORCE,Unit,,0,,,BLANK,30,,1,1,24,Unit,true,MANFORCE COCKTAIL CHOCOHAZELNU 1*3,2026-07-14T07:55:06.900Z,general,others,1001129,1001129,
RECKITT,Strip,strepsils 1*8,0,RECKITT,false,BLANK,26.25,,1,8,21.87,Tablet,true,STREPSILS 1*8,2026-07-15T15:05:04.679Z,general,tablet,1001131,1001131,
DR. MOREPEN,Unit,,12,,,3004,85.8,,1,1,55,Unit,true,BURNOL CREAM 15GM,2026-07-14T07:54:59.078Z,general,others,1001134,1001134,
-BLANK-,Strip,prevent-n,5,-BLANK-,false,3002,57.54,,1,10,11.43,Tablet,true,PREVENT-N,2026-07-15T14:04:58.017Z,general,tablet,1001136,1001136,
GLENMARK,Unit,,12,,,3004,86.37,,1,1,45,Unit,true,CEFATE 200 DT 10,2026-07-14T07:54:59.078Z,general,others,1001141,1001141,
WINGS PHARMA,Unit,,5,,,3002,80,,1,1,35.24,Unit,true,ORASORE GEL 12GM,2026-07-14T07:55:10.883Z,general,others,1001143,1001143,
WINGS PHARMA,Strip,orasore mouth ulcer tab 10,5,WINGS PHARMA,false,3002,67.97,,1,10,37.14,Tablet,true,ORASORE MOUTH ULCER TAB 10,2026-07-14T11:59:01.384Z,general,tablet,1001144,1001144,
-BLANK-,Strip,vigora 50mg,5,-BLANK-,false,3002,80,,1,4,9.52,Tablet,true,VIGORA 50MG,2026-07-15T15:56:18.584Z,general,tablet,1001145,1001145,
-BLANK-,Strip,vigora 100mg,5,-BLANK-,false,3002,120,,1,4,15.5,Tablet,true,VIGORA 100MG,2026-07-15T15:56:07.090Z,general,tablet,1001146,1001146,
-BLANK-,Strip,almefkem spas 10,5,-BLANK-,false,3002,65,mefenamic acid,1,10,12.14,Tablet,true,ALMEFKEM SPAS 10,2026-07-15T02:00:35.625733Z,general,tablet,1001148,1001148,
-BLANK-,Strip,dyclopar,12,-BLANK-,false,3004,50,,1,10,6.5,Tablet,true,DYCLOPAR,2026-07-15T10:04:18.911843Z,general,tablet,1001150,1001150,
-BLANK-,Unit,,18,,,3009,222.46,,1,1,169.49,Unit,true,SEBO GEL 1,2026-07-14T07:54:48.503Z,general,others,1001152,1001152,
MANKIND,Unit,,5,,,3002,63.8,,1,1,45.57,Unit,true,GASTICA DROP 15ML,2026-07-14T07:55:06.900Z,general,others,1001156,1001156,
MERCK,Unit,,5,,,3002,83.44,,1,1,56.22,Unit,true,OTRIVIN PEDIATRIC 10ML,2026-07-14T07:55:06.900Z,general,others,1001158,1001158,
ERIS,Unit,,12,,,3004,136.03,,1,1,70,Unit,true,CLOMERIS OC PLUS 15GM,2026-07-14T07:54:59.078Z,general,others,1001161,1001161,
APEX,Unit,,5,,,3002,160,,1,1,122.03,Unit,true,ZINCOVIT SYRUP 200ML,2026-07-14T07:54:54.580Z,general,others,1001163,1001163,
SUN PHARMA,Unit,,0,,,BLANK,39.93,,1,1,15,Unit,true,HCOL EYE OINTMENT 5GM,2026-07-14T07:55:10.883Z,general,others,1001165,1001165,
LEEFORD,Unit,,18,,,3009,75,,1,1,26.5,Unit,true,CLINISOL SOAP 75GM,2026-07-14T07:55:03.022Z,general,others,1001167,1001167,
-BLANK-,Strip,xtpara,12,-BLANK-,false,3004,82.8,,1,10,45,Tablet,true,XTPARA,2026-07-15T16:02:29.117Z,general,tablet,1001175,1001175,
GSK,Unit,,0,,,BLANK,10,,1,1,8.04,Unit,true,ENO COLA FLAVOR 5GM,2026-07-14T07:54:59.078Z,general,others,1001177,1001177,
SUN PHARMA,Strip,altraday 10,12,SUN PHARMA,false,3004,140,,1,10,100,Tablet,true,ALTRADAY 10,2026-07-15T02:04:42.294560Z,general,tablet,1001184,1001184,
TRIPADA,Strip,gababrain nt 400,5,TRIPADA,false,3002,253.13,,1,10,195.56,Tablet,true,GABABRAIN NT 400,2026-07-15T10:37:22.607026Z,general,tablet,1001186,1001186,
TROIKAA,Strip,etoxipad 90,5,TROIKAA,false,3002,150,,1,10,108.78,Tablet,true,ETOXIPAD 90,2026-07-15T10:21:28.971555Z,general,tablet,1001188,1001188,
TRIPADA,Strip,neudulox 20 10,5,TRIPADA,false,3002,99,,1,10,71.7,Tablet,true,NEUDULOX 20 10,2026-07-15T12:00:07.212Z,general,tablet,1001189,1001189,
ABOTT,Unit,,5,,,3002,185.4,,1,1,141.26,Unit,true,THYROX 25 120,2026-07-14T07:54:48.503Z,general,others,1001191,1001191,
ABOTT,Unit,,5,,,3002,191,,1,1,136.43,Unit,true,DIOVOL LA SYRUP 170ML,2026-07-14T07:54:48.503Z,general,others,1001193,1001193,
ABOTT,Unit,,12,,,3004,165.6,,1,1,117.87,Unit,true,DIOVOL MANGO SYRUP 200ML,2026-07-14T07:54:48.503Z,general,others,1001195,1001195,
ABOTT,Unit,,5,,,3002,328,,1,1,250,Unit,true,DUPHALAC 250ML,2026-07-14T07:54:48.503Z,general,others,1001196,1001196,
IPCA,Strip,rapilif d 8/0.5,12,IPCA,false,3004,470,,1,10,335.73,Tablet,true,RAPILIF D 8/0.5,2026-07-15T14:19:05.130Z,general,tablet,1001198,1001198,
MACLEODS,Unit,,5,,,3002,271,,1,1,193.56,Unit,true,RUBIRED SYRUP 200ML,2026-07-14T07:55:03.022Z,general,others,1001199,1001199,
THEOGEN,Strip,foltop 5,5,THEOGEN,false,3002,16.91,,1,10,11.72,Tablet,true,FOLTOP 5,2026-07-15T10:33:22.301888Z,general,tablet,1001200,1001200,
ALEMBIC,Strip,voage ms 1000,5,ALEMBIC,false,3002,354.09,,1,15,269.78,Tablet,true,VOAGE MS 1000,2026-07-15T15:58:09.014Z,general,tablet,1001202,1001202,
ALEMBIC,Strip,cobarise q10,18,ALEMBIC,false,3009,391.52,,1,10,298.27,Tablet,true,COBARISE Q10,2026-07-15T09:29:33.525880Z,general,tablet,1001204,1001204,
-BLANK-,Strip,montas fx 10,5,-BLANK-,false,3002,235.78,,1,10,34.75,Tablet,true,MONTAS FX 10,2026-07-15T11:47:46.571Z,general,tablet,1001207,1001207,
-BLANK-,Strip,calciquick- d3 60k,12,-BLANK-,false,3004,129.23,,1,4,18,Capsule,true,CALCIQUICK- D3 60K,2026-07-15T03:14:07.569260Z,general,capsule,1001209,1001209,
-BLANK-,Strip,ketoford dt,5,-BLANK-,false,3002,56.25,,1,10,13.5,Tablet,true,KETOFORD DT,2026-07-15T11:15:05.932135Z,general,tablet,1001211,1001211,
-BLANK-,Unit,,12,,,3004,32.81,,1,1,6,Unit,true,MULTIPIC INJECTION 10ML,2026-07-14T07:54:44.690Z,general,others,1001212,1001212,
-BLANK-,Unit,,12,,,3004,28.13,,1,1,11,Unit,true,ALLUGEL MPS MINT 15,2026-07-14T07:54:40.148Z,general,others,1001213,1001213,
-BLANK-,Strip,montel lc 15,12,-BLANK-,false,3004,234.38,,1,15,20,Tablet,true,MONTEL LC 15,2026-07-15T11:48:12.980Z,general,tablet,1001215,1001215,
CIPLA,Strip,nicip plus 10,5,CIPLA,false,3002,65,,1,10,11.25,Tablet,true,NICIP PLUS 10,2026-07-15T12:23:10.320Z,general,tablet,1001217,1001217,
ABOTT,Strip,amoxyclav 625 10,5,ABOTT,false,3002,195,Amoxicillin + Potassium Clavuanate,1,10,76.19,Tablet,true,AMOXYCLAV 625 10,2026-07-15T02:13:46.684730Z,general,tablet,1001219,1001219,
-BLANK-,Strip,calciquick d3 oral solution 4,12,-BLANK-,false,3004,378.75,,1,4,72,Tablet,true,CALCIQUICK D3 ORAL SOLUTION 4,2026-07-15T03:13:59.103384Z,general,tablet,1001220,1001220,
-BLANK-,Unit,,18,,,3009,102.33,,1,1,46.61,Unit,true,LUVLAP WIPES 1,2026-07-14T07:54:44.690Z,general,others,1001222,1001222,
-BLANK-,Unit,,0,,,BLANK,50,,1,1,25,Unit,true,KAMASUTRA LONGLAST 3,2026-07-14T07:54:44.690Z,general,others,1001226,1001226,
DUREX,Unit,,0,,,BLANK,99,,1,1,82.5,Unit,true,DUREX EXTRA DOTS 3,2026-07-14T07:54:59.078Z,general,others,1001230,1001230,
DUREX,Unit,,5,,,3002,99,,1,1,83.16,Unit,true,DUREX EXTRA TIME 3,2026-07-14T07:54:59.078Z,general,others,1001232,1001232,
MANKIND,Unit,,18,,,3009,66.74,,1,1,50.85,Unit,true,UBINEXT PLUS SACHET 5GM,2026-07-14T07:55:06.900Z,general,others,1001234,1001234,
-BLANK-,Unit,,5,,,3002,13.32,,1,1,10,Unit,true,TETANUS AMP 0.5ML,2026-07-14T07:54:48.503Z,general,others,1001236,1001236,
ABOTT,Strip,supermet xl 25,12,ABOTT,false,3004,66.69,,1,15,47.64,Tablet,true,SUPERMET XL 25,2026-07-15T15:23:20.602Z,general,tablet,1001237,1001237,
ABOTT,Strip,supermet xl 50,12,ABOTT,false,3004,97.77,,1,15,69.84,Tablet,true,SUPERMET XL 50,2026-07-15T15:23:11.332Z,general,tablet,1001238,1001238,
-BLANK-,Strip,seloken xl 25,12,-BLANK-,false,3004,132.19,,1,30,108.15,Tablet,true,SELOKEN XL 25,2026-07-15T14:52:53.401Z,general,tablet,1001240,1001240,
CENTAUR,Unit,,5,,,3002,148.99,,1,1,105,Unit,true,SINAREST SYRUP 75ML,2026-07-14T07:54:54.580Z,general,others,1001242,1001242,
EMCURE PHARMA,Strip,orofer xt 15,5,EMCURE PHARMA,false,3002,349.25,,1,15,266.1,Tablet,true,OROFER XT 15,2026-07-15T13:03:34.986Z,general,tablet,1001244,1001244,
-BLANK-,Strip,megalis 20 4,5,-BLANK-,false,3002,487,,1,4,371.63,Tablet,true,MEGALIS 20 4,2026-07-15T11:39:31.213Z,general,tablet,1001245,1001245,
USV,Strip,roseday 5,12,USV,false,3004,116.91,,1,15,89.1,Tablet,true,ROSEDAY 5,2026-07-15T14:30:42.780Z,general,tablet,1001248,1001248,
INDOCO,Unit,,5,,,3002,151.5,,1,1,108.22,Unit,true,KARVOL PLUS INHALE CAPSULE 15,2026-07-14T07:55:03.022Z,general,others,1001250,1001250,
DR. REDDY'S,Unit,,5,,,3002,182,,1,1,130.01,Unit,true,BRO ZEDEX SF SYRUP 100ML,2026-07-14T07:54:59.078Z,general,others,1001253,1001253,
ARISTRO,Strip,pantop dsr,5,ARISTRO,false,3002,226.4,,1,15,172.5,Capsule,true,PANTOP DSR,2026-07-15T13:38:00.748Z,general,capsule,1001255,1001255,
JNT,Unit,,5,,,3002,29.4,,1,1,12.5,Unit,true,ORS LIQ ORANGE 200ML,2026-07-14T07:55:03.022Z,general,others,1001256,1001256,
JNT,Unit,,12,,,3004,42,,1,1,30,Unit,true,ORS LIQ APPLE,2026-07-14T07:55:03.022Z,general,others,1001257,1001257,
-BLANK-,Unit,,0,,,BLANK,3.24,,1,1,2,Unit,true,DISTILLED WATER 5ML,2026-07-14T07:54:40.148Z,general,others,1001259,1001259,
ORAL-B,Unit,,0,,,BLANK,60,,1,1,0,Unit,true,CRISS CROSS BRUSH 1,2026-07-14T07:55:06.900Z,general,others,1001261,1001261,
ODONIL,Unit,,18,,,3009,169,,1,1,101,Unit,true,ODONIL ROOM SPRAY 220ML,2026-07-14T07:55:06.900Z,general,others,1001264,1001264,
DABUR,Unit,,5,,,3002,44,,1,1,32.8,Unit,true,JANMA GHUNTI 60ML,2026-07-14T07:54:59.078Z,general,others,1001266,1001266,
-BLANK-,Strip,choice tablet 30*3,0,-BLANK-,false,BLANK,35,,1,30,22,Tablet,true,CHOICE TABLET 30*3,2026-07-14T09:46:59.194Z,general,tablet,1001268,1001268,
DR ORTHO,Unit,,5,,,3002,158,,1,1,112.85,Unit,true,DR ORTHO STRONG OIL 60ML,2026-07-14T07:54:59.078Z,general,others,1001269,1001269,
-BLANK-,Unit,,12,,,BLANK,20,,1,1,4.5,Unit,true,BELLADONNA PLASTER 1,2026-07-14T07:54:40.148Z,general,others,1001270,1001270,
ABOTT,Unit,,5,,,3002,196.87,,1,1,150,Unit,true,DUPHALAC SYRUP 150ML,2026-07-14T07:54:48.503Z,general,others,1001273,1001273,
CIPLA,Unit,,12,,,3004,180.05,,1,1,126.42,Unit,true,ASTHALIN INHALER 1,2026-07-14T07:54:54.580Z,general,others,1001275,1001275,
DR. REDDY'S,Strip,atarax 10mg 15,5,DR. REDDY'S,false,3004,57.75,Hydroxyzine Hydrochloride,1,15,41.25,Tablet,true,ATARAX 10MG 15,2026-07-15T02:19:09.302774Z,general,tablet,1001278,1001278,
GSK,Unit,,12,,,3004,31,,1,1,24.5,Unit,true,CROCIN  DROP15ML 15ML,2026-07-14T07:54:59.078Z,general,others,1001280,1001280,
GLENMARK,Unit,,12,,,3004,250.5,,1,1,178.93,Unit,true,MOMATE CREAM 10GM 10GM,2026-07-14T07:54:59.078Z,general,others,1001282,1001282,
HIMALAYA,Unit,,12,,,3004,65.63,,1,1,44.69,Unit,true,BONNISAN SYRUP 150ML,2026-07-14T07:54:59.078Z,general,others,1001284,1001284,
SUN PHARMA,Strip,zempred 4,5,SUN PHARMA,false,3002,64,,1,10,45.71,Tablet,true,ZEMPRED 4,2026-07-15T16:03:34.664Z,general,tablet,1001286,1001286,
SUN PHARMA,Strip,zempred 8mg,12,SUN PHARMA,false,3004,69.5,,1,8,49.64,Tablet,true,ZEMPRED 8MG,2026-07-15T16:03:54.272Z,general,tablet,1001288,1001288,
ABOTT,Strip,supermet am  tab 10,5,ABOTT,false,3002,223.44,,1,10,159.6,Tablet,true,SUPERMET AM  TAB 10,2026-07-15T04:31:02.121Z,general,tablet,1001290,1001290,
DABUR,Unit,,0,,,BLANK,205,,1,1,133.34,Unit,true,DABUR AMRITARISHTA SYRUP 450 ML,2026-07-14T07:54:54.580Z,general,others,1001292,1001292,
-BLANK-,Unit,,12,,,3004,51.56,,1,1,40,Unit,true,PERMIFAST 5% LOTION 50ML,2026-07-14T07:54:44.690Z,general,others,1001295,1001295,
VICKS,Unit,,5,,,3002,59,,1,1,46.89,Unit,true,VICKS BABY RUB 1OML,2026-07-14T07:55:10.883Z,general,others,1001298,1001298,
GARNIER,Unit,,0,,,BLANK,89,,1,1,70,Unit,true,GARNIER VITAMIN C CREAM 23GM,2026-07-14T07:54:59.078Z,general,others,1001300,1001300,
WHISPER,Unit,,0,,,BLANK,110,,1,1,97,Unit,true,WHISPER NIGHTS 7,2026-07-14T07:55:10.883Z,general,others,1001302,1001302,
WHISPER,Unit,,0,,,BLANK,160,,1,1,144.14,Unit,true,WHISPER CHOICE XL 20 20,2026-07-14T07:55:10.883Z,general,others,1001304,1001304,
DOVE,Unit,,0,,,BLANK,25,,1,1,23,Unit,true,DOVE CREAM SOAP 50GM,2026-07-14T07:54:59.078Z,general,others,1001306,1001306,
HIMALAYA,Unit,,0,,,BLANK,67,,1,1,61,Unit,true,ANTI HAIR FALL SHAMPOO 80ML,2026-07-14T07:54:59.078Z,general,others,1001308,1001308,
-BLANK-,Unit,,0,,,BLANK,30,,1,1,26.66,Unit,true,CLEAN AND CLEAR FACE WASH 20ML,2026-07-14T07:54:40.148Z,general,others,1001312,1001312,
-BLANK-,Unit,,0,,,BLANK,30,,1,1,24,Unit,true,MANFORCE CONDOM 30 3,2026-07-14T07:54:44.690Z,general,others,1001314,1001314,
-BLANK-,Unit,,0,,,BLANK,28,,1,1,18.79,Unit,true,KOHINOOR PINK CONDOM 3,2026-07-14T07:54:44.690Z,general,others,1001316,1001316,
MANFORCE,Unit,,0,,,BLANK,90,,1,1,50,Unit,true,MANFORCE COCKTAIL STRAWBERRY 9,2026-07-14T07:55:06.900Z,general,others,1001318,1001318,
KAMASUTRA,Unit,,0,,,BLANK,299,,1,1,200,Unit,true,KAMASHUTRA LUBE 50ML,2026-07-14T07:55:03.022Z,general,others,1001323,1001323,
ALKEM,Unit,,12,,,3004,138.75,,1,1,38,Unit,true,ALZYME SYRUP 200ML,2026-07-14T07:54:48.503Z,general,others,1001325,1001325,
CIPLA,Strip,omee 20mg,5,CIPLA,false,3002,65.41,,1,20,23.05,Capsule,true,OMEE 20MG,2026-07-15T12:55:15.940Z,general,capsule,1001326,1001326,
GLAXOSMITHKLIN,Unit,,12,,,3004,18.8,,1,1,14.32,Unit,true,ZENTEL SUSPENSION 10ML,2026-07-14T07:54:59.078Z,general,others,1001327,1001327,
GLAXOSMITHKLIN,Strip,vomistop tab 10,12,GLAXOSMITHKLIN,false,3004,24.25,,1,10,6.5,Tablet,true,VOMISTOP TAB 10,2026-07-15T04:38:50.288Z,general,tablet,1001329,1001329,
B/H,Unit,,12,,,3004,128.44,,1,1,103.93,Unit,true,CELLUSOOTHE E/D DROP 10ML,2026-07-14T07:54:54.580Z,general,others,1001331,1001331,
ABOTT,Unit,,5,,,3002,190,,1,1,145.49,Unit,true,THYRONORM 12.5 1,2026-07-14T07:54:48.503Z,general,others,1001333,1001333,
AVEN,Strip,avil 25 tab 15,5,AVEN,false,3002,14,,1,15,10.4,Tablet,true,AVIL 25 TAB 15,2026-07-14T09:19:12.028Z,general,tablet,1001334,1001334,
DR. REDDY'S,Strip,glimy 1 15tab 15,12,DR. REDDY'S,false,3004,62.1,,1,15,44.29,Tablet,true,GLIMY 1 15TAB 15,2026-07-14T11:28:18.973Z,general,tablet,1001335,1001335,
TORRENT,Strip,domestal 10mg,12,TORRENT,false,3004,25.86,,1,10,18.4,Tablet,true,DOMESTAL 10MG,2026-07-15T09:55:02.981508Z,general,tablet,1001336,1001336,
PANTANJALI,Unit,,18,,,3009,44.49,,1,1,45,Unit,true,ALOEVERA GEL 50ML,2026-07-14T07:55:06.900Z,general,others,1001340,1001340,
PANTANJALI,Unit,,0,,,BLANK,70,,1,1,61.25,Unit,true,SAUNDRYA FACEWASH 60GM,2026-07-14T07:55:06.900Z,general,others,1001342,1001342,
DABUR,Unit,,0,,,BLANK,115,,1,1,98,Unit,true,CHYAWANPRASH 250GM,2026-07-14T07:54:54.580Z,general,others,1001344,1001344,
OLAY,Unit,,18,,,3009,88.09,,1,1,89,Unit,true,OLAY N/WHITE CREAM 20GM,2026-07-14T07:55:06.900Z,general,others,1001347,1001347,
NIVEA,Unit,,0,,,BLANK,90,,1,1,70,Unit,true,NIVEA CREAM 20ML,2026-07-14T07:55:06.900Z,general,others,1001348,1001348,
GODREJ,Unit,,18,,,3009,204.66,,1,1,209.1,Unit,true,HIT BLACK 400ML,2026-07-14T07:54:59.078Z,general,others,1001349,1001349,
-BLANK-,Unit,,5,,,3002,95,,1,1,78.67,Unit,true,IODEX 16GM 16GM,2026-07-14T07:54:44.690Z,general,others,1001354,1001354,
-BLANK-,Unit,,0,,,BLANK,48,,1,1,10,Unit,true,MEDI*GRIP CORN CAP 4,2026-07-14T07:54:44.690Z,general,others,1001356,1001356,
CADILA,Strip,amlodac 10mg 30,12,CADILA,false,3004,183,Amlodipine,1,30,130.57,Tablet,true,AMLODAC 10MG 30,2026-07-15T02:07:28.622842Z,general,tablet,1001358,1001358,
DR. REDDY'S,Unit,,12,,,3004,117.37,,1,1,83.84,Unit,true,Z AND D DROP 15ML,2026-07-14T07:54:59.078Z,general,others,1001360,1001360,
HIMALAYA,Strip,pilex tablet 1,12,HIMALAYA,false,3004,215.63,,1,60,164.3,Tablet,true,PILEX TABLET 1,2026-07-15T03:53:00.622Z,general,tablet,1001362,1001362,
IPCA,Strip,zerodol spas,5,IPCA,false,3002,149.16,,1,10,124.97,Tablet,true,ZERODOL SPAS,2026-07-15T16:05:06.862Z,general,tablet,1001364,1001364,
MARTIN MHL,Strip,drotin m,5,MARTIN MHL,false,3002,257.5,,1,10,183.93,Tablet,true,DROTIN M,2026-07-15T09:59:06.252896Z,general,tablet,1001365,1001365,
MARTIN MHL,Strip,drotin tablet 15,5,MARTIN MHL,false,3002,144,,1,15,109.94,Tablet,true,DROTIN TABLET 15,2026-07-14T11:21:52.117Z,general,tablet,1001366,1001366,
MANKIND,Unit,,5,,,3002,32.98,,1,1,20,Unit,true,T-98 SUSPENSION 15ML,2026-07-14T07:55:06.900Z,general,others,1001370,1001370,
TWINKLE,Unit,,5,,,3002,120,,1,1,111.61,Unit,true,BABY TEETHER 1,2026-07-14T07:55:10.883Z,general,others,1001373,1001373,
TWINKLE,Unit,,18,,,3009,15,,1,1,8,Unit,true,BABY HONEY SOOTHER 1,2026-07-14T07:55:10.883Z,general,others,1001375,1001375,
-BLANK-,Unit,,0,,,BLANK,132,,1,1,105,Unit,true,OSIL CREAM 30GM,2026-07-14T07:54:44.690Z,general,others,1001378,1001378,
MACLEODS,Unit,,12,,,3004,193.14,,1,1,157.95,Unit,true,OLMISAR H 20 15,2026-07-14T07:55:03.022Z,general,others,1001380,1001380,
GLENMARK,Strip,telma 80,5,GLENMARK,false,3002,174.04,,1,15,124.32,Tablet,true,TELMA 80,2026-07-15T15:34:02.717Z,general,tablet,1001385,1001385,
-BLANK-,Unit,,0,,,BLANK,42.53,,1,1,15,Unit,true,D 5% SALINE 500ML,2026-07-14T07:54:40.148Z,general,others,1001387,1001387,
-BLANK-,Unit,,0,,,BLANK,42.82,,1,1,15,Unit,true,DNS 0.9 & 5% 500ML,2026-07-14T07:54:40.148Z,general,others,1001388,1001388,
-BLANK-,Unit,,5,,,3002,63.27,,1,1,27.38,Unit,true,RL SALINE 500ML,2026-07-14T07:54:44.690Z,general,others,1001389,1001389,
-BLANK-,Unit,,0,,,BLANK,39.04,,1,1,14.29,Unit,true,NS SALINE 500ML,2026-07-14T07:54:44.690Z,general,others,1001390,1001390,
-BLANK-,Unit,,0,,,BLANK,1450,,1,1,620,Unit,true,ACCU CHEK STRIPS 50,2026-07-14T07:54:40.148Z,general,others,1001392,1001392,
GARNIER,Unit,,0,,,BLANK,129,,1,1,85,Unit,true,GARNIER VIT. C SERUM 7ML,2026-07-14T07:54:59.078Z,general,others,1001393,1001393,
-BLANK-,Unit,,0,,,BLANK,108,,1,1,80,Unit,true,BD UITRA FINE PEN NEEDLES 5,2026-07-14T07:54:40.148Z,general,others,1001397,1001397,
-BLANK-,Unit,,0,,,BLANK,113,,1,1,90,Unit,true,BD NEEDLE INSULIN SRINGES 10,2026-07-14T07:54:40.148Z,general,others,1001398,1001398,
PANTANJALI,Unit,dristhti eye drop 10ml,12,PANTANJALI,false,3004,18.75,,1,1,16.07,Unit,true,DRISTHTI EYE DROP 10ML,2026-07-15T09:57:39.515901Z,general,others,1001400,1001400,
FDC,Unit,,18,,,3009,57.84,,1,1,44.07,Unit,true,ENERZAL ZERO 400ML,2026-07-14T07:54:59.078Z,general,others,1001402,1001402,
BELL PHARMA,Unit,,12,,,3004,129.65,,1,1,92.61,Unit,true,BELL FLUCONAZOLE EYE DROP 5ML,2026-07-14T07:54:54.580Z,general,others,1001404,1001404,
MEYER,Unit,,12,,,3004,41.1,,1,1,31.38,Unit,true,ULTRA D3 DROP 10ML,2026-07-14T07:55:06.900Z,general,others,1001406,1001406,
RANBAXY,Unit,fucidin cream 15gm,12,RANBAXY,false,3004,165.14,,1,1,117.96,Unit,true,FUCIDIN CREAM 15GM,2026-07-15T10:37:03.713766Z,general,others,1001407,1001407,
GLAXOSMITHKLIN,Unit,,12,,,3004,115.58,,1,1,81.16,Unit,true,T BACT OINMENT 5GM 5GM,2026-07-14T07:54:59.078Z,general,others,1001408,1001408,
FRANCO PHARMACUETICALS,Unit,,5,,,3002,156.7,,1,1,119.39,Unit,true,GRILINCTUS DX SYRUP 100ML,2026-07-14T07:54:59.078Z,general,others,1001410,1001410,
INUEN HEALTHCARE,Strip,inudap m/500,12,INUEN HEALTHCARE,false,3004,79.69,,1,10,60.71,Tablet,true,INUDAP M/500,2026-07-15T11:11:32.311342Z,general,tablet,1001412,1001412,
ERIS,Unit,,5,,,3002,229.95,,1,1,175.21,Unit,true,ERITEL LN 40 15,2026-07-14T07:54:59.078Z,general,others,1001414,1001414,
TROIKAA,Strip,xykaa,12,TROIKAA,false,3004,64.87,,1,10,49.47,Tablet,true,XYKAA,2026-07-15T16:02:50.847Z,general,tablet,1001418,1001418,
-BLANK-,Strip,cotq 10,12,-BLANK-,false,3004,167.81,,1,10,127.86,Tablet,true,COTQ 10,2026-07-15T09:39:33.910682Z,general,tablet,1001422,1001422,
IPCA,Strip,ctd-t 12.5/80,12,IPCA,false,3004,256.6,,1,10,183.3,Tablet,true,CTD-T 12.5/80,2026-07-15T09:48:05.234124Z,general,tablet,1001426,1001426,
HIMALAYA,Unit,,12,,,3004,150,,1,1,136.4,Unit,true,HIMALAYA ANTIHAIR FALL OIL 100ML,2026-07-14T07:55:03.022Z,general,others,1001438,1001438,
-BLANK-,Unit,,12,,,3004,289.69,,1,1,268.7,Unit,true,MOOV SPRAY 80GM,2026-07-14T07:54:44.690Z,general,others,1001440,1001440,
CIPLA,Strip,pantosec dsr,5,CIPLA,false,3002,227.59,,1,15,61.8,Capsule,true,PANTOSEC DSR,2026-07-15T13:41:37.674Z,general,capsule,1001442,1001442,
WEST COAST PHARMACEUTICALS,Unit,,5,,,3002,150,,1,1,92.86,Unit,true,KOZICLIN SOAP 100GM,2026-07-14T07:55:10.883Z,general,others,1001444,1001444,
ARISTRO,Unit,,12,,,3004,342.19,,1,1,260.75,Unit,true,LULIDERM CREAM 40GM,2026-07-14T07:54:54.580Z,general,others,1001446,1001446,
CIPLA,Strip,dytor 10,5,CIPLA,false,3002,112.99,,1,15,66.72,Tablet,true,DYTOR 10,2026-07-15T10:05:47.831319Z,general,tablet,1001449,1001449,
MICROLABS,Unit,,12,,,3004,108.75,,1,1,82.87,Unit,true,CHANNEL SR 90 10,2026-07-14T07:55:06.900Z,general,others,1001451,1001451,
USV,Strip,aminofit 15,18,USV,false,3009,297.2,,1,15,226.44,Tablet,true,AMINOFIT 15,2026-07-15T02:05:09.156539Z,general,tablet,1001453,1001453,
-BLANK-,Unit,,18,,,3009,160,,1,1,100,Unit,true,FLOCARE HAIR SERUM 50ML,2026-07-14T07:54:40.148Z,general,others,1001455,1001455,
SUN PHARMA,Strip,gemer 2,12,SUN PHARMA,false,3004,197.81,,1,10,150.75,Tablet,true,GEMER 2,2026-07-15T10:42:12.339894Z,general,tablet,1001458,1001458,
Bilastin,Strip,biladex 20mg,12,Bilastin,false,3004,103.13,,1,10,79,Tablet,true,BILADEX 20MG,2026-07-15T03:02:08.632537Z,general,tablet,1001460,1001460,
-BLANK-,Unit,,0,,,BLANK,85,,1,1,20,Unit,true,L-ARGININE SACHET 5GM,2026-07-14T07:54:44.690Z,general,others,1001462,1001462,
-BLANK-,Unit,,0,,,BLANK,590,,1,1,180,Unit,true,ICE GEL PAD 1,2026-07-14T07:54:44.690Z,general,others,1001464,1001464,
ERIS,Strip,gluxit trio 10/100/1000,12,ERIS,false,3004,346.5,,1,15,247.5,Tablet,true,GLUXIT TRIO 10/100/1000,2026-07-15T10:44:52.591290Z,general,tablet,1001466,1001466,
RANBAXY,Strip,etrobax 60,12,RANBAXY,false,3004,127.5,,1,10,97.15,Tablet,true,ETROBAX 60,2026-07-15T10:21:38.413225Z,general,tablet,1001467,1001467,
MACLEODS,Strip,etizola 0.5 15,5,MACLEODS,false,3002,121,,1,15,92.14,Tablet,true,ETIZOLA 0.5 15,2026-07-15T10:20:53.452490Z,scheduleH,tablet,1001469,1001469,
ABOTT,Unit,,12,,,3004,181.7,,1,1,133,Unit,true,KENACORT 1./. 10GM,2026-07-14T07:54:48.503Z,general,others,1001476,1001476,
SANOFI,Strip,allegra 180 mg 10,5,SANOFI,false,3002,312.04,Fexofenadine,1,10,237.74,Tablet,true,ALLEGRA 180 MG 10,2026-07-15T02:01:20.567440Z,general,tablet,1001477,1001477,
INDOCO,Strip,febrex plus,5,INDOCO,false,3002,101.25,,1,15,77.14,Tablet,true,FEBREX PLUS,2026-07-15T10:26:55.059398Z,general,tablet,1001478,1001478,
LUPIN LIFE,Strip,headset  tablet 2,5,LUPIN LIFE,false,3002,173,,1,2,132.42,Tablet,true,HEADSET  TABLET 2,2026-07-14T11:31:02.882Z,general,tablet,1001479,1001479,
ALKEM,Strip,sumocold tablet 10,5,ALKEM,false,3002,50.6,,1,10,38.55,Tablet,true,SUMOCOLD TABLET 10,2026-07-15T04:30:37.188Z,general,tablet,1001482,1001482,
DR. REDDY'S,Unit,,5,,,3002,200,,1,1,152.38,Unit,true,VANTEJ PASTE 50GM,2026-07-14T07:54:59.078Z,general,others,1001484,1001484,
INTAS,Strip,ceftum 500 tablet 10,5,INTAS,false,3002,418.59,,1,10,230.41,Tablet,true,CEFTUM 500 TABLET 10,2026-07-14T09:39:41.215Z,general,tablet,1001486,1001486,
HIMALAYA,Unit,,5,,,3002,380,,1,1,271.24,Unit,true,LIV 52 SYRUP 200ML,2026-07-14T07:55:03.022Z,general,others,1001489,1001489,
RPG,Strip,lomotil 20,12,RPG,false,3004,27.95,,1,20,19.98,Tablet,true,LOMOTIL 20,2026-07-15T11:21:22.579923Z,general,tablet,1001491,1001491,
RPG,Strip,lomofen plus tablet 20,5,RPG,false,3002,51.68,,1,20,36.92,Tablet,true,LOMOFEN PLUS TABLET 20,2026-07-14T11:54:24.275Z,general,tablet,1001493,1001493,
SOFY,Unit,,0,,,BLANK,45,,1,1,37.5,Unit,true,SOFY PAD XL 6,2026-07-14T07:55:06.900Z,general,others,1001499,1001499,
-BLANK-,Strip,lomolen tablet 10,12,-BLANK-,false,3004,21.28,,1,10,3,Tablet,true,LOMOLEN TABLET 10,2026-07-14T11:54:35.740Z,general,tablet,1001501,1001501,
CIPLA,Strip,azicip 500mg,5,CIPLA,false,3002,80.57,Azithromycin,1,3,34.29,Tablet,true,AZICIP 500MG,2026-07-15T02:31:57.042129Z,general,tablet,1001503,1001503,
CADILA,Strip,vasograin,12,CADILA,false,3004,198.19,,1,20,151,Tablet,true,VASOGRAIN,2026-07-15T15:52:28.197Z,general,tablet,1001504,1001504,
SUN PHARMA,Strip,naxdom 500 mg 1*15,5,SUN PHARMA,false,3002,176,,1,15,134.29,Tablet,true,NAXDOM 500 MG 1*15,2026-07-15T11:55:00.955Z,general,tablet,1001506,1001506,
SUN PHARMA,Strip,naxdom 250mg 15,5,SUN PHARMA,false,3002,117.19,,1,15,89.29,Tablet,true,NAXDOM 250MG 15,2026-07-15T11:54:48.679Z,general,tablet,1001508,1001508,
KLM,Unit,,18,,,3009,320,,1,1,216.99,Unit,true,KLM KLIN FACE WASH 100ML,2026-07-14T07:55:03.022Z,general,others,1001510,1001510,
ERIS,Strip,vozan 10,12,ERIS,false,3004,84.38,,1,10,64.29,Tablet,true,VOZAN 10,2026-07-15T16:00:59.481Z,general,tablet,1001512,1001512,
ERIS,Strip,vozan 20,12,ERIS,false,3004,170,,1,10,121.43,Tablet,true,VOZAN 20,2026-07-15T16:01:08.786Z,general,tablet,1001513,1001513,
JNTL,Unit,benadryl syrup 150ml,5,JNTL,false,3002,159,Diphenhydramine + Ammonium Chloride + Sodium Citrate,1,1,125.15,Unit,true,BENADRYL SYRUP 150ML,2026-07-15T02:56:34.754934Z,general,others,1001515,1001515,
SUN PHARMA,Unit,,5,,,3002,293,,1,1,223.24,Unit,true,REVITAL H CAP BOTTLE 30,2026-07-14T07:55:10.883Z,general,others,1001516,1001516,
SUN PHARMA,Unit,,5,,,3002,355,,1,1,270.48,Unit,true,REVITAL H WOMEN BOTTLE 30,2026-07-14T07:55:10.883Z,general,others,1001517,1001517,
AMIL,Unit,,12,,,3004,200,,1,1,142.88,Unit,true,AMYCORDIAL SYRUP 100ML,2026-07-14T07:54:54.580Z,general,others,1001519,1001519,
MACLEODS,Unit,,12,,,3004,171.56,,1,1,130.72,Unit,true,FLEXABENZ GEL 30GM,2026-07-14T07:55:03.022Z,general,others,1001521,1001521,
MACLEODS,Unit,,12,,,3004,41.1,,1,1,31.35,Unit,true,MACBRITE D3 400 DROP 15ML,2026-07-14T07:55:03.022Z,general,others,1001523,1001523,
MICROLABS,Unit,,5,,,3002,241,,1,1,172.14,Unit,true,GLYCO 6 CREAM 30GM,2026-07-14T07:55:06.900Z,general,others,1001524,1001524,
PFIZER,Unit,,12,,,3004,95.9,,1,1,73.07,Unit,true,COREX DX SYRUP 50ML,2026-07-14T07:55:06.900Z,general,others,1001525,1001525,
SUN PHARMA,Unit,,12,,,3004,71.25,,1,1,54.29,Unit,true,VOLINI GEL 15GM,2026-07-14T07:55:10.883Z,general,others,1001527,1001527,
BOROPLUS,Unit,,0,,,BLANK,85,,1,1,80,Unit,true,BOROPLUS CREAM 40ML,2026-07-14T07:54:54.580Z,general,others,1001535,1001535,
WHISPER,Unit,,0,,,BLANK,140,,1,1,122.81,Unit,true,WHISPER NIGHTS XXL 6,2026-07-14T07:55:10.883Z,general,others,1001540,1001540,
NIVEA,Unit,,0,,,BLANK,110,,1,1,88,Unit,true,NIVEA F/W OIL CONTROL 50GM,2026-07-14T07:55:06.900Z,general,others,1001541,1001541,
COLGATE,Unit,,0,,,BLANK,99,,1,1,80,Unit,true,COLGATE VISIBLE WHITE 50GM,2026-07-14T07:54:54.580Z,general,others,1001545,1001545,
GOOD NIGHT,Unit,,0,,,BLANK,41,,1,1,35,Unit,true,GOOD NIGHT GREEN SAKTI COIL 10,2026-07-14T07:54:59.078Z,general,others,1001547,1001547,
CIPLA,Strip,fluka 150 1,5,CIPLA,false,3002,12.87,,1,1,6.67,Tablet,true,FLUKA 150 1,2026-07-15T10:30:31.988025Z,general,tablet,1001549,1001549,
FDC,Strip,spinfree 15,5,FDC,false,3002,210,,1,15,150.02,Tablet,true,SPINFREE 15,2026-07-15T15:01:35.113Z,general,tablet,1001552,1001552,
NOVARTIS,Unit,,12,,,3004,16.38,,1,1,13.75,Unit,true,TEGRITAL 200 1O,2026-07-14T07:55:06.900Z,general,others,1001553,1001553,
IODEX,Unit,,5,,,3002,190,,1,1,157.35,Unit,true,IODEX  40GM,2026-07-14T07:55:03.022Z,general,others,1001555,1001555,
MAMYPOKO PANTS,Unit,,0,,,BLANK,12,,1,1,8.43,Unit,true,MAMY POKO PANTS M SINGLE 1,2026-07-14T07:55:06.900Z,general,others,1001558,1001558,
NOVARTIS,Strip,tegrital cr 200,12,NOVARTIS,false,3004,26.77,,1,10,20.62,Tablet,true,TEGRITAL CR 200,2026-07-15T15:33:26.581Z,general,tablet,1001560,1001560,
SUN PHARMA,Strip,susten 100,12,SUN PHARMA,false,3004,180.94,,1,10,137.87,Capsule,true,SUSTEN 100,2026-07-15T15:24:07.037Z,general,capsule,1001561,1001561,
GROU PHARMA,Unit,,5,,,3002,156,,1,1,118.86,Unit,true,OMNIDENT TOOTH PAST 100GM,2026-07-14T07:54:59.078Z,general,others,1001564,1001564,
ABOTT,Unit,,5,,,3002,192.8,,1,1,137.72,Unit,true,DIGENE ORANGE SYRUP 200ML,2026-07-14T07:54:48.503Z,general,others,1001566,1001566,
ABOTT,Strip,digene orange tablet 15,12,ABOTT,false,3004,29.2,,1,15,20.86,Tablet,true,DIGENE ORANGE TABLET 15,2026-07-14T11:21:02.453Z,general,tablet,1001567,1001567,
ALKEM,Strip,a to z gold tablet 15,18,ALKEM,false,3009,247,,1,15,187,Tablet,true,A TO Z GOLD TABLET 15,2026-07-14T09:12:14.590Z,general,tablet,1001570,1001570,
ALLERGAN,Strip,pilon 10,12,ALLERGAN,false,3004,39.75,,1,10,30.3,Tablet,true,PILON 10,2026-07-15T13:56:54.917Z,general,tablet,1001572,1001572,
LUPIN LIFE,Unit,,12,,,3004,157.53,,1,1,120.2,Unit,true,METROGYL-P 2% 10GM,2026-07-14T07:55:03.022Z,general,others,1001574,1001574,
MACLEODS,Strip,etizola 0.25,5,MACLEODS,false,3002,69.61,Etizolam,1,15,53.04,Tablet,true,ETIZOLA 0.25,2026-07-15T10:20:39.073143Z,scheduleH,tablet,1001576,1001576,
MERI,Strip,tryptomer 25,5,MERI,false,3004,80,,1,30,59.75,Tablet,true,TRYPTOMER 25,2026-07-15T15:48:11.491Z,general,tablet,1001578,1001578,
MERI,Strip,tryptomer 10mg,5,MERI,false,3002,81.48,,1,30,58.2,Tablet,true,TRYPTOMER 10MG,2026-07-15T15:48:01.300Z,general,tablet,1001579,1001579,
SUN PHARMA,Strip,methimez 5mg 30,12,SUN PHARMA,false,3004,186.56,,1,30,142.16,Tablet,true,METHIMEZ 5MG 30,2026-07-15T11:43:49.084Z,general,tablet,1001581,1001581,
SUN PHARMA,Strip,methimez 10mg 30,12,SUN PHARMA,false,3004,327.19,,1,30,249.53,Tablet,true,METHIMEZ 10MG 30,2026-07-15T11:43:36.110Z,general,tablet,1001582,1001582,
CIPLA,Strip,azicip 250mg,5,CIPLA,false,3002,75,Azithromycin,1,6,34.29,Tablet,true,AZICIP 250MG,2026-07-15T02:32:06.186042Z,general,tablet,1001585,1001585,
-BLANK-,Unit,,12,,,3004,6.78,,1,1,4.5,Unit,true,PCM INJ 2ML,2026-07-14T07:54:44.690Z,general,others,1001587,1001587,
-BLANK-,Unit,,12,,,3004,11.4,,1,1,5.5,Unit,true,DEXASONE INJ 2ML,2026-07-14T07:54:40.148Z,general,others,1001589,1001589,
-BLANK-,Unit,,5,,,3002,94,,1,1,14.29,Unit,true,ENEMA 100ML,2026-07-14T07:54:40.148Z,general,others,1001591,1001591,
-BLANK-,Unit,,18,,,3009,132,,1,1,89.49,Unit,true,CLIN-3 SOAP 75GM,2026-07-14T07:54:40.148Z,general,others,1001593,1001593,
DABUR,Strip,hajmola bottle 50tab,5,DABUR,false,3002,30,,1,50,20.54,Tablet,true,HAJMOLA BOTTLE 50TAB,2026-07-14T11:30:01.681Z,general,tablet,1001595,1001595,
DABUR,Unit,,0,,,BLANK,28,,1,1,20,Unit,true,PUDINHARA ACTIVE 10ML 10ML,2026-07-14T07:54:59.078Z,general,others,1001597,1001597,
DUREX,Unit,,0,,,BLANK,99,,1,1,82.5,Unit,true,DUREX AIR 3,2026-07-14T07:54:59.078Z,general,others,1001601,1001601,
SUN PHARMA,Strip,gemer 0.5,5,SUN PHARMA,false,3002,43,,1,10,32.76,Tablet,true,GEMER 0.5,2026-07-15T10:42:04.840817Z,general,tablet,1001603,1001603,
-BLANK-,Unit,,12,,,3004,328.13,,1,1,105,Unit,true,CABERWISE 0.5 4,2026-07-14T07:54:40.148Z,general,others,1001605,1001605,
-BLANK-,Unit,,12,,,3004,1406.25,,1,1,312.5,Unit,true,MERRYGLOW 600MG INJ 600MG,2026-07-14T07:54:44.690Z,general,others,1001607,1001607,
HIMALAYA,Unit,,18,,,3009,155.72,,1,1,118.65,Unit,true,HIMALAYA BABY CREAM 100ML,2026-07-14T07:55:03.022Z,general,others,1001609,1001609,
HIMALAYA,Unit,,18,,,3009,93.43,,1,1,85,Unit,true,HIMALAYA BABY POWDER 100GM,2026-07-14T07:55:03.022Z,general,others,1001611,1001611,
AKUMENTIS,Strip,met pco care 10,5,AKUMENTIS,false,3002,325.31,,1,10,247.86,Tablet,true,MET PCO CARE 10,2026-07-15T11:40:22.737Z,general,tablet,1001613,1001613,
SUN PHARMA,Strip,krimson 35,5,SUN PHARMA,false,3002,458.44,,1,21,349.29,Tablet,true,KRIMSON 35,2026-07-15T11:15:39.633150Z,general,tablet,1001616,1001616,
INTAS,Strip,niftas 14,5,INTAS,false,3002,121.25,,1,14,92.38,Tablet,true,NIFTAS 14,2026-07-15T12:24:14.249Z,general,tablet,1001618,1001618,
-BLANK-,Strip,renocal 60k cap,12,-BLANK-,false,3004,234.38,,1,8,182.52,Capsule,true,RENOCAL 60K CAP,2026-07-15T14:22:07.406Z,general,capsule,1001620,1001620,
MAMYPOKO PANTS,Unit,,5,,,3002,399,,1,1,296.83,Unit,true,MAMY POKO PANTS XL 24,2026-07-14T07:55:06.900Z,general,others,1001624,1001624,
MARTIN MHL,Strip,cablok beta 5,12,MARTIN MHL,false,3004,174,,1,10,124.29,Tablet,true,CABLOK BETA 5,2026-07-15T03:11:09.680323Z,general,tablet,1001626,1001626,
IPCA,Strip,glycinorm 40,12,IPCA,false,3004,89.6,,1,15,64.06,Tablet,true,GLYCINORM 40,2026-07-15T10:45:01.171627Z,general,tablet,1001628,1001628,
TORRENT,Strip,pregalin nt,12,TORRENT,false,3004,212.81,,1,10,162.14,Tablet,true,PREGALIN NT,2026-07-15T14:04:36.057Z,general,tablet,1001630,1001630,
MSN,Unit,,12,,,3004,210,,1,1,150,Unit,true,LINANEXT DM 500 10,2026-07-14T07:55:06.900Z,general,others,1001634,1001634,
ZANDU,Unit,,0,,,BLANK,48,,1,1,41.77,Unit,true,ZANDU BALM ULTRA 8ML,2026-07-14T07:55:10.883Z,general,others,1001636,1001636,
-BLANK-,Strip,metroford 400mg 10,12,-BLANK-,false,3004,15.2,,1,10,8,Tablet,true,METROFORD 400MG 10,2026-07-15T11:44:43.451Z,general,tablet,1001638,1001638,
J B,Strip,metrogyl 400 15,12,J B,false,3004,34,,1,15,26.21,Tablet,true,METROGYL 400 15,2026-07-15T11:44:55.610Z,general,tablet,1001640,1001640,
PFIZER,Unit,,12,,,3004,135.94,,1,1,103.57,Unit,true,COREX DX SYRUP 100ML,2026-07-14T07:55:06.900Z,general,others,1001642,1001642,
-BLANK-,Unit,,0,,,BLANK,35,,1,1,27.9,Unit,true,ZALIM LOTION 10ML,2026-07-14T07:54:48.503Z,general,others,1001644,1001644,
CIPLA,Strip,ciplox tz,12,CIPLA,false,3004,188.7,,1,10,134.93,Tablet,true,CIPLOX TZ,2026-07-15T09:26:24.619841Z,general,tablet,1001646,1001646,
MACLEODS,Strip,omnitan h,12,MACLEODS,false,3004,231,,1,15,165.02,Tablet,true,OMNITAN H,2026-07-15T12:57:32.891Z,general,tablet,1001648,1001648,
-BLANK-,Strip,c-tri t 10tab,12,-BLANK-,false,3004,540.02,,1,10,135,Tablet,true,C-TRI T 10TAB,2026-07-14T09:29:38.071Z,general,tablet,1001652,1001652,
-BLANK-,Unit,,0,,,BLANK,10,,1,1,9,Unit,true,BOROLIN 7GM 7GM,2026-07-14T07:54:40.148Z,general,others,1001656,1001656,
-BLANK-,Unit,,12,,,3004,102.19,,1,1,38,Unit,true,CEFACLASS 200 10,2026-07-14T07:54:40.148Z,general,others,1001661,1001661,
-BLANK-,Unit,,0,,,BLANK,10,,1,1,8.66,Unit,true,FASTCARD 10,2026-07-14T07:54:40.148Z,general,others,1001664,1001664,
-BLANK-,Unit,,0,,,BLANK,7,,1,1,5.6,Unit,true,MEDIKER SHAMPOO 5ML,2026-07-14T07:54:44.690Z,general,others,1001666,1001666,
DETTOL,Unit,,5,,,3002,154.59,,1,1,87.12,Unit,true,DETTOL LIQUID 250ML,2026-07-14T07:54:59.078Z,general,others,1001669,1001669,
-BLANK-,Unit,,0,,,BLANK,50,,1,1,45,Unit,true,SETWET GEL 50ML,2026-07-14T07:54:48.503Z,general,others,1001671,1001671,
-BLANK-,Unit,,0,,,BLANK,40,,1,1,36,Unit,true,FAIR & HANDSOME CREAM 15GM,2026-07-14T07:54:40.148Z,general,others,1001673,1001673,
-BLANK-,Unit,,0,,,BLANK,36,,1,1,33,Unit,true,MEDIKER OIL 50ML,2026-07-14T07:54:44.690Z,general,others,1001675,1001675,
HIMALAYA,Unit,,5,,,3002,150,,1,1,114.28,Unit,true,PILEX FORTE OINTMENT 30GM,2026-07-14T07:55:03.022Z,general,others,1001677,1001677,
IPCA,Strip,ctd-t am 12.5,12,IPCA,false,3004,214.83,,1,10,163.7,Tablet,true,CTD-T AM 12.5,2026-07-15T09:48:28.668150Z,general,tablet,1001679,1001679,
IPCA,Strip,ctd-t am 6.25,12,IPCA,false,3004,155.1,,1,10,110.78,Tablet,true,CTD-T AM 6.25,2026-07-15T09:48:37.109842Z,general,tablet,1001681,1001681,
MANKIND,Strip,telmikind trio 6.25,12,MANKIND,false,3004,113.23,,1,10,86.35,Tablet,true,TELMIKIND TRIO 6.25,2026-07-15T15:36:52.977Z,general,tablet,1001683,1001683,
PAMPERS,Unit,,0,,,BLANK,10,,1,1,8,Unit,true,PAMPERS DIAPER S SINGLE 1,2026-07-14T07:55:06.900Z,general,others,1001686,1001686,
GSK,Unit,,5,,,3002,30.98,,1,1,23.6,Unit,true,CALPOL DROP 15ML,2026-07-14T07:54:59.078Z,general,others,1001688,1001688,
-BLANK-,Unit,,5,,,3004,223.93,,1,1,159.95,Unit,true,DROTIN DS SUSPENTION 100ML,2026-07-14T07:54:40.148Z,general,others,1001689,1001689,
BAYER ZYDUS PHARMA,Strip,progynova 2,12,BAYER ZYDUS PHARMA,false,3004,562.5,,1,28,428.65,Tablet,true,PROGYNOVA 2,2026-07-15T14:08:53.604Z,general,tablet,1001691,1001691,
GSK,Unit,,12,,,3004,146.34,,1,1,111.52,Unit,true,TENOVATE CREAM 30GM,2026-07-14T07:54:59.078Z,general,others,1001693,1001693,
MANKIND,Strip,telmikind trio 12.5,12,MANKIND,false,3004,133.1,,1,10,95.07,Tablet,true,TELMIKIND TRIO 12.5,2026-07-15T15:36:37.045Z,general,tablet,1001695,1001695,
MANKIND,Unit,,5,,,3002,87.6,,1,1,62.61,Unit,true,URIKIND K SYRUP 100ML,2026-07-14T07:55:06.900Z,general,others,1001696,1001696,
-BLANK-,Unit,,0,,,BLANK,199,,1,1,60,Unit,true,ICE BERG BABYWIPS 1,2026-07-14T07:54:44.690Z,general,others,1001698,1001698,
ALKEM,Unit,,12,,,3004,231.56,,1,1,176.43,Unit,true,S CLEAR CREAM 10GM,2026-07-14T07:54:48.503Z,general,others,1001700,1001700,
OPT DERMA,Unit,,18,,,3009,125,,1,1,84.75,Unit,true,PERMITECH SOAP 75GM,2026-07-14T07:55:06.900Z,general,others,1001701,1001701,
RANBAXY,Unit,,12,,,3004,351.56,,1,1,267.86,Unit,true,CEPODEM XP 325 MG 10,2026-07-14T07:55:06.900Z,general,others,1001705,1001705,
-BLANK-,Unit,,18,,,3009,200,,1,1,108,Unit,true,LIVEASY BABY WIPES 72,2026-07-14T07:54:44.690Z,general,others,1001707,1001707,
ERIS,Strip,velgut tablet 15,5,ERIS,false,3002,291.76,,1,15,208.41,Tablet,true,VELGUT TABLET 15,2026-07-15T04:38:08.243Z,general,tablet,1001708,1001708,
ALKEM,Strip,vitaresp fx 120 mg,12,ALKEM,false,3004,127.58,,1,10,97.78,Tablet,true,VITARESP FX 120 MG,2026-07-15T15:57:30.671Z,general,tablet,1001709,1001709,
ALKEM,Unit,,12,,,3004,0,,1,1,0,Unit,true,HOMOEPATHY MEDI,2026-07-14T07:54:48.503Z,general,others,1001711,1001711,
-BLANK-,Unit,,0,,,BLANK,120,,1,1,96,Unit,true,RAYPOL DX EYE OINTMENT 15GM,2026-07-14T07:54:44.690Z,general,others,1001713,1001713,
-BLANK-,Unit,,12,,,3004,173.44,,1,1,138.75,Unit,true,CLONATE OINTMENT 20GM,2026-07-14T07:54:40.148Z,general,others,1001715,1001715,
-BLANK-,Unit,,12,,,3004,65.63,,1,1,27,Unit,true,SUPER BREATHER CAP 10,2026-07-14T07:54:48.503Z,general,others,1001718,1001718,
SUN PHARMA,Strip,susten sr 300,12,SUN PHARMA,false,3004,651.56,,1,10,496.45,Capsule,true,SUSTEN SR 300,2026-07-15T15:24:15.561Z,general,capsule,1001721,1001721,
-BLANK-,Unit,,12,,,3004,100,,1,1,31.5,Unit,true,KETOSCORE 6 CREAM 15GM,2026-07-14T07:54:44.690Z,general,others,1001723,1001723,
-BLANK-,Unit,,0,,,BLANK,50,,1,1,44.64,Unit,true,STAYFREE SECURE XXL NIGHTS 6,2026-07-14T07:54:48.503Z,general,others,1001725,1001725,
STAYFREE,Unit,,0,,,BLANK,110,,1,1,98.21,Unit,true,STAYFREE ALL NIGHTS 7,2026-07-14T07:55:06.900Z,general,others,1001727,1001727,
-BLANK-,Unit,,0,,,BLANK,20,,1,1,5.59,Unit,true,COTTON BANDAGE 4INCH 12,2026-07-14T07:54:40.148Z,general,others,1001729,1001729,
DETTOL,Unit,,0,,,BLANK,144.93,,1,1,138,Unit,true,DETTOL LIQUID 200ML,2026-07-14T07:54:59.078Z,general,others,1001731,1001731,
SYSTOPICS,Unit,,12,,,3004,97.5,,1,1,72.4,Unit,true,ACNESOL GEL 10GM,2026-07-14T07:55:10.883Z,general,others,1001733,1001733,
CIPLA,Unit,,5,,,3002,30,,1,1,22.93,Unit,true,CIPLOX D E/D 10ML,2026-07-14T07:54:54.580Z,general,others,1001734,1001734,
SUN PHARMA,Strip,pantocid dsr tablet,5,SUN PHARMA,false,3002,252.19,,1,15,192.14,Tablet,true,PANTOCID DSR TABLET,2026-07-15T13:22:34.143Z,general,tablet,1001739,1001739,
ALKEM,Unit,,5,,,3002,76.85,,1,1,16.5,Unit,true,SUMO GEL 15GM,2026-07-14T07:54:48.503Z,general,others,1001741,1001741,
ALKEM,Unit,,5,,,3002,92.8,,1,1,41.75,Unit,true,SUMO SPRAY 20GM,2026-07-14T07:54:48.503Z,general,others,1001742,1001742,
CADILA,Unit,,5,,,3002,149.9,,1,1,36.75,Unit,true,SKIN SHINE OINMENT 15GM,2026-07-14T07:54:54.580Z,general,others,1001744,1001744,
CIPLA,Unit,,5,,,3002,31.5,,1,1,13.34,Unit,true,PROLYTE ORS 200ML,2026-07-14T07:54:54.580Z,general,others,1001745,1001745,
SUN PHARMA,Strip,gabantin grs 300mg,12,SUN PHARMA,false,3004,225,,1,10,171.43,Tablet,true,GABANTIN GRS 300MG,2026-07-15T10:37:43.322463Z,general,tablet,1001751,1001751,
ZUVENTUS,Strip,myotop p tablet 10,12,ZUVENTUS,false,3004,197.1,,1,10,140.79,Tablet,true,MYOTOP P TABLET 10,2026-07-14T11:56:05.356Z,general,tablet,1001752,1001752,
MAMYPOKO PANTS,Unit,,0,,,BLANK,48,,1,1,39,Unit,true,MAMY POKO PANTS M 4,2026-07-14T07:55:06.900Z,general,others,1001754,1001754,
MAMYPOKO PANTS,Unit,,0,,,BLANK,56,,1,1,44,Unit,true,MAMY POKO PANTS L 4,2026-07-14T07:55:06.900Z,general,others,1001755,1001755,
MANKIND,Unit,,5,,,3002,67,,1,1,53.6,Unit,true,UNWANTED 21DAY 21,2026-07-14T07:55:06.900Z,general,others,1001759,1001759,
ARISTRO,Strip,telvas 3d,5,ARISTRO,false,3002,116.25,,1,10,88.55,Tablet,true,TELVAS 3D,2026-07-15T15:38:05.302Z,general,tablet,1001763,1001763,
LUPIN LIFE,Unit,,5,,,3002,1204,,1,1,600,Unit,true,LULI HMG 75 IU 3ML,2026-07-14T07:55:03.022Z,general,others,1001765,1001765,
-BLANK-,Strip,nitrofur sr 100,5,-BLANK-,false,3002,129.35,,1,14,90.81,Tablet,true,NITROFUR SR 100,2026-07-15T12:26:17.647Z,general,tablet,1001767,1001767,
WIN MEDICARE,Strip,urispas,5,WIN MEDICARE,false,3002,607.15,,1,15,433.68,Tablet,true,URISPAS,2026-07-15T15:50:49.990Z,general,tablet,1001769,1001769,
-BLANK-,Unit,,12,,,3004,135.94,,1,1,103.6,Unit,true,OBRA-F E/D 5ML,2026-07-14T07:54:44.690Z,general,others,1001771,1001771,
-BLANK-,Unit,,12,,,3004,253.13,,1,1,192.96,Unit,true,PROPYSALIC NF OINMENT 30GM,2026-07-14T07:54:44.690Z,general,others,1001774,1001774,
LEEFORD,Unit,,5,,,3002,102,,1,1,25.24,Unit,true,DERMIFORD OINTMENT 15GM,2026-07-14T07:55:03.022Z,general,others,1001776,1001776,
-BLANK-,Unit,,5,,,3002,90,,1,1,24.5,Unit,true,TIGBODERM RF CREAM 15GM,2026-07-14T07:54:48.503Z,general,others,1001778,1001778,
ALEMBIC,Strip,vildambic m 500,12,ALEMBIC,false,3004,127.41,,1,10,97.15,Tablet,true,VILDAMBIC M 500,2026-07-15T15:56:57.445Z,general,tablet,1001780,1001780,
MACLEODS,Strip,oimesar 40,12,MACLEODS,false,3004,303.19,,1,15,231.1,Tablet,true,OIMESAR 40,2026-07-15T12:53:27.487Z,general,tablet,1001782,1001782,
MACLEODS,Strip,olmesar 40,12,MACLEODS,false,3004,323.4,,1,15,231.1,Tablet,true,OLMESAR 40,2026-07-15T12:54:42.678Z,general,tablet,1001786,1001786,
-BLANK-,Unit,,12,,,3004,144.84,,1,1,110.36,Unit,true,SENSUR RUB 30GM,2026-07-14T07:54:48.503Z,general,others,1001789,1001789,
-BLANK-,Unit,,12,,,3004,63.28,,1,1,45.2,Unit,true,HICOPE ORAL SOL. 15ML,2026-07-14T07:54:44.690Z,general,others,1001791,1001791,
MANKIND,Unit,,12,,,3004,104,,1,1,62.28,Unit,true,MOXIKIND CV ORAL SOL. 10ML,2026-07-14T07:55:06.900Z,general,others,1001793,1001793,
ABOTT,Strip,abrozu 10 10,12,ABOTT,false,3004,193.41,,1,10,18,Tablet,true,ABROZU 10 10,2026-07-15T01:43:53.174531Z,general,tablet,1001797,1001797,
INTAS,Strip,sitara-d 100/5,12,INTAS,false,3004,181.5,,1,10,129.64,Tablet,true,SITARA-D 100/5,2026-07-15T14:56:38.430Z,general,tablet,1001799,1001799,
NOVARTIS,Strip,tegrital 100,12,NOVARTIS,false,3004,11.87,,1,10,9.35,Tablet,true,TEGRITAL 100,2026-07-15T15:33:13.379Z,general,tablet,1001801,1001801,
USV,Strip,glycomet-850 sr,12,USV,false,3004,51.45,,1,10,36.78,Tablet,true,GLYCOMET-850 SR,2026-07-15T10:46:42.124852Z,general,tablet,1001804,1001804,
ABOTT,Strip,triobimet 2,5,ABOTT,false,3002,252.81,,1,10,192.62,Tablet,true,TRIOBIMET 2,2026-07-15T15:47:21.932Z,general,tablet,1001806,1001806,
INTAS,Strip,zoryl m4,5,INTAS,false,3002,403.59,,1,15,307.5,Tablet,true,ZORYL M4,2026-07-15T16:09:25.945Z,general,tablet,1001808,1001808,
ZYDUS,Unit,,12,,,3004,296.11,,1,1,225.61,Unit,true,FOLSAFE L 15,2026-07-14T07:55:10.883Z,general,others,1001810,1001810,
RECKITT,Unit,,12,,,BLANK,110,,1,1,79.8,Unit,true,MOOV COOL OINTMENT 20 GM,2026-07-14T07:55:06.900Z,general,others,1001812,1001812,
MERCK,Unit,euthyrox 50 mcg 100,5,MERCK,false,3002,110,,1,1,87.98,Unit,true,EUTHYROX 50 MCG 100,2026-07-15T10:22:10.323997Z,general,others,1001814,1001814,
FEM,Unit,,18,,,3009,45,,1,1,33,Unit,true,FEM GOLD BLEACH 8GM,2026-07-14T07:54:59.078Z,general,others,1001816,1001816,
NIVEA,Unit,,0,,,BLANK,48.94,,1,1,38,Unit,true,NIVEA WHITE SOFT  CREAM 25ML,2026-07-14T07:55:06.900Z,general,others,1001818,1001818,
LEEFORD,Unit,,12,,,3004,70.31,,1,1,45,Unit,true,MOSQ-AWAY CREAM 50GM,2026-07-14T07:55:03.022Z,general,others,1001820,1001820,
DUREX,Unit,,0,,,BLANK,99,,1,1,82.5,Unit,true,DUREX EXTRA RIBBED 3,2026-07-14T07:54:59.078Z,general,others,1001822,1001822,
DABUR,Unit,,18,,,3009,80,,1,1,60,Unit,true,ODOMAS ROLL ON 8ML,2026-07-14T07:54:59.078Z,general,others,1001824,1001824,
SUN PHARMA,Unit,,12,,,3004,251.25,,1,1,191.43,Unit,true,C WIN LOTION 30ML,2026-07-14T07:55:10.883Z,general,others,1001826,1001826,
SYSTOPICS,Strip,af 150 tablet 1,5,SYSTOPICS,false,3002,12.2,,1,1,9.3,Tablet,true,AF 150 TABLET 1,2026-07-14T09:16:56.048Z,general,tablet,1001830,1001830,
CIPLA,Strip,alerid tab 10,5,CIPLA,false,3002,20.05,,1,10,15.28,Tablet,true,ALERID TAB 10,2026-07-14T09:20:27.054Z,general,tablet,1001832,1001832,
-BLANK-,Unit,,0,,,BLANK,60,,1,1,19,Unit,true,SANITIZER 100ML,2026-07-14T07:54:44.690Z,general,others,1001834,1001834,
CIPLA,Unit,,12,,,3004,24.64,,1,1,17.6,Unit,true,IBUGESIC SUSPENSION SYRUP 100ML,2026-07-14T07:54:54.580Z,general,others,1001836,1001836,
CIPLA,Strip,oflox 400,5,CIPLA,false,3002,389,,1,10,252.55,Tablet,true,OFLOX 400,2026-07-15T12:49:02.680199Z,general,tablet,1001837,1001837,
SUN PHARMA,Strip,qutipin 25mg,12,SUN PHARMA,false,3004,69,,1,10,49.29,Tablet,true,QUTIPIN 25MG,2026-07-15T14:13:11.436Z,general,tablet,1001838,1001838,
CORONA,Strip,tricium active,12,CORONA,false,3004,392.6,,1,15,280.43,Tablet,true,TRICIUM ACTIVE,2026-07-15T15:46:55.725Z,general,tablet,1001839,1001839,
MANKIND,Unit,,18,,,3009,199,,1,1,134.92,Unit,true,INTIWASH 100ML,2026-07-14T07:55:06.900Z,general,others,1001841,1001841,
FDC,Unit,,5,,,3002,81.65,,1,1,58.33,Unit,true,ZIFI 100 DRY SYRUP 30ML,2026-07-14T07:54:59.078Z,general,others,1001843,1001843,
FDC,Unit,,5,,,3002,55.7,,1,1,39.79,Unit,true,ZIFI 50 DRY SYRUP 30ML,2026-07-14T07:54:59.078Z,general,others,1001844,1001844,
DABUR,Unit,,5,,,3002,22,,1,1,19.05,Unit,true,HONEY 20GM,2026-07-14T07:54:59.078Z,general,others,1001849,1001849,
DABUR,Unit,,0,,,BLANK,32,,1,1,23,Unit,true,HONEY 50GM,2026-07-14T07:54:59.078Z,general,others,1001851,1001851,
MANKIND,Unit,,12,,,3004,69.87,,1,1,53.24,Unit,true,ZINCOLIFE SYRUP,2026-07-14T07:55:06.900Z,general,others,1001853,1001853,
ABOTT,Unit,,5,,,3002,318.59,,1,1,242.74,Unit,true,CREMAFFIN MIX FRUIT SYRUP 225ML,2026-07-14T07:54:48.503Z,general,others,1001855,1001855,
-BLANK-,Unit,,5,,,3002,97,,1,1,73.91,Unit,true,ACNESTAR SOAP 75GM,2026-07-14T07:54:40.148Z,general,others,1001860,1001860,
ABOTT,Unit,,5,,,3002,274.5,,1,1,209.14,Unit,true,DIGERAFT SUSPENSION 200ML,2026-07-14T07:54:48.503Z,general,others,1001863,1001863,
GLENMARK,Unit,,5,,,3002,161,,1,1,120,Unit,true,ASCORIL + EXPECTORANT 120ML,2026-07-14T07:54:59.078Z,general,others,1001865,1001865,
DR. REDDY'S,Unit,,5,,,3002,209.34,,1,1,159.5,Unit,true,ZEDEX SF SYRUP 100ML,2026-07-14T07:54:59.078Z,general,others,1001867,1001867,
DR. REDDY'S,Unit,,5,,,3002,124,,1,1,94.46,Unit,true,ZEDEX P 60ML,2026-07-14T07:54:59.078Z,general,others,1001869,1001869,
MACLEODS,Unit,,5,,,3002,75,,1,1,53.58,Unit,true,MACBERRY DROPS 15ML,2026-07-14T07:55:03.022Z,general,others,1001871,1001871,
INDOCO,Unit,,12,,,3004,65.9,,1,1,47.08,Unit,true,CYCLOPAM SYRUP 30ML,2026-07-14T07:55:03.022Z,general,others,1001873,1001873,
SYNCHEM,Unit,,12,,,3004,78.75,,1,1,60.02,Unit,true,TUSSIN DMR PED SYRUP 50ML,2026-07-14T07:55:10.883Z,general,others,1001875,1001875,
MACLEODS,Unit,,12,,,3004,68.06,,1,1,51.86,Unit,true,OFLOMAC SYRUP 30ML,2026-07-14T07:55:03.022Z,general,others,1001877,1001877,
CIPLA,Unit,,18,,,3009,152.61,,1,1,103.49,Unit,true,NICOTEX MINT 4 10,2026-07-14T07:54:54.580Z,general,others,1001879,1001879,
CIPLA,Unit,,18,,,3009,123.1,,1,1,83.47,Unit,true,NICOTEX MINT 2 12,2026-07-14T07:54:54.580Z,general,others,1001880,1001880,
CIPLA,Unit,,18,,,3009,298.09,,1,1,202.1,Unit,true,NICOTEX 2MG TIN 25,2026-07-14T07:54:54.580Z,general,others,1001881,1001881,
CIPLA,Unit,,18,,,3009,366.26,,1,1,248.31,Unit,true,NICOTEX 4MG TIN 29,2026-07-14T07:54:54.580Z,general,others,1001882,1001882,
CIPLA,Unit,,5,,,3002,203.5,,1,1,145.14,Unit,true,ROTAHALER 1,2026-07-14T07:54:54.580Z,general,others,1001884,1001884,
AMIL,Unit,,5,,,3002,313,,1,1,203.58,Unit,true,NEERI 200ML,2026-07-14T07:54:54.580Z,general,others,1001888,1001888,
NUTRICIA,Unit,,18,,,3009,440,,1,1,289.91,Unit,true,PROTINEX RICH ORIGINAL 250GM,2026-07-14T07:55:06.900Z,general,others,1001890,1001890,
NUTRICIA,Unit,,5,,,3002,345,,1,1,288.2,Unit,true,PROTINEX RICH CHOCO 250GM,2026-07-14T07:55:06.900Z,general,others,1001891,1001891,
NUTRICIA,Unit,,18,,,3009,390,,1,1,288.2,Unit,true,PROTINEX CREAMY VANILLA 250GM,2026-07-14T07:55:06.900Z,general,others,1001892,1001892,
CIPLA,Unit,,5,,,3002,47.71,,1,1,34.07,Unit,true,IBUGESIC PLUS SYRUP 60ML,2026-07-14T07:54:54.580Z,general,others,1001894,1001894,
-BLANK-,Unit,,0,,,BLANK,1660,,1,1,880,Unit,true,NEBULIZER,2026-07-14T07:54:44.690Z,general,others,1001896,1001896,
-BLANK-,Unit,,0,,,BLANK,275,,1,1,90,Unit,true,VAPORIZER,2026-07-14T07:54:48.503Z,general,others,1001898,1001898,
DR. MOREPEN,Unit,,0,,,BLANK,2300,,1,1,850,Unit,true,BP MONITOR,2026-07-14T07:54:59.078Z,general,others,1001900,1001900,
-BLANK-,Unit,,0,,,BLANK,2025,,1,1,850,Unit,true,INFI BP MONITOR,2026-07-14T07:54:44.690Z,general,others,1001903,1001903,
MAMYPOKO PANTS,Unit,,0,,,BLANK,399,,1,1,280,Unit,true,MAMY POKO PANTS M 30,2026-07-14T07:55:06.900Z,general,others,1001906,1001906,
MAMYPOKO PANTS,Unit,,0,,,BLANK,399,,1,1,280,Unit,true,MAMY POKO PANTS L 30,2026-07-14T07:55:06.900Z,general,others,1001907,1001907,
MAMYPOKO PANTS,Unit,,0,,,BLANK,40,,1,1,32,Unit,true,MAMY POKO PANTS S 4,2026-07-14T07:55:06.900Z,general,others,1001912,1001912,
MAMYPOKO PANTS,Unit,,0,,,BLANK,75,,1,1,60,Unit,true,MAMY POKO PANTS XL 4,2026-07-14T07:55:06.900Z,general,others,1001914,1001914,
SOFY,Unit,,0,,,BLANK,70,,1,1,58.33,Unit,true,SOFY PADS ANTIBACTERIAL 7,2026-07-14T07:55:06.900Z,general,others,1001916,1001916,
VOLINI,Unit,,12,,,3004,206.25,,1,1,157.14,Unit,true,VOLINI SPRAY 60GM,2026-07-14T07:55:10.883Z,general,others,1001919,1001919,
-BLANK-,Unit,,0,,,BLANK,85,,1,1,76,Unit,true,TRESEMME KERATIN SMOOTH SHAMPO 85ML,2026-07-14T07:54:48.503Z,general,others,1001921,1001921,
-BLANK-,Unit,,0,,,BLANK,85,,1,1,81,Unit,true,TRESEMME HAIRFALL DEFENCE SHAM 85ML,2026-07-14T07:54:48.503Z,general,others,1001923,1001923,
-BLANK-,Unit,,0,,,BLANK,64,,1,1,48,Unit,true,CLINIC PLUS HEALTH SHAMPOO 80ML,2026-07-14T07:54:40.148Z,general,others,1001925,1001925,
DOVE,Unit,,0,,,BLANK,76,,1,1,67,Unit,true,DOVE HAIRFALL RESCUE SHAMPOO 80ML,2026-07-14T07:54:59.078Z,general,others,1001926,1001926,
-BLANK-,Unit,,0,,,BLANK,65,,1,1,55,Unit,true,KESH KING SHAMPOO 80ML,2026-07-14T07:54:44.690Z,general,others,1001927,1001927,
-BLANK-,Unit,,0,,,BLANK,99,,1,1,77,Unit,true,GARNIER VIT.C FACEWASH 50GM,2026-07-14T07:54:40.148Z,general,others,1001929,1001929,
-BLANK-,Unit,,12,,,3004,77.81,,1,1,23,Unit,true,INTASPORIN POWDER 10GM,2026-07-14T07:54:44.690Z,general,others,1001931,1001931,
DABUR,Unit,,0,,,BLANK,20,,1,1,16,Unit,true,HAJMOLA IMLI POUCH 20,2026-07-14T07:54:59.078Z,general,others,1001935,1001935,
HIMALAYA,Unit,,0,,,BLANK,42,,1,1,31.5,Unit,true,HIMALAYA BABY SOAP 50GM,2026-07-14T07:55:03.022Z,general,others,1001937,1001937,
-BLANK-,Unit,,12,,,3004,233.44,,1,1,177.84,Unit,true,MOMORG F CREAM 15GM,2026-07-14T07:54:44.690Z,general,others,1001939,1001939,
-BLANK-,Unit,,0,,,BLANK,155,,1,1,70,Unit,true,INFI THERMOMETER 1,2026-07-14T07:54:44.690Z,general,others,1001942,1001942,
-BLANK-,Unit,,5,,,3002,133,,1,1,95,Unit,true,JUST TEARS E/D 10ML,2026-07-14T07:54:44.690Z,general,others,1001944,1001944,
STAYSECURE,Unit,,0,,,BLANK,700,,1,1,150,Unit,true,UNDERSHEETS 10,2026-07-14T07:55:10.883Z,general,others,1001946,1001946,
-BLANK-,Unit,,0,,,BLANK,95,,1,1,30,Unit,true,COTTON 100GM 4,2026-07-14T07:54:40.148Z,general,others,1001948,1001948,
-BLANK-,Unit,,0,,,BLANK,50,,1,1,15,Unit,true,COTTON 50GM 8,2026-07-14T07:54:40.148Z,general,others,1001950,1001950,
CURELIFE,Unit,,0,,,BLANK,710,,1,1,180,Unit,true,ABDOMINAL SUPPORT BELT XL 1,2026-07-14T07:54:54.580Z,general,others,1001952,1001952,
CURELIFE,Unit,,5,,,3002,710,,1,1,171.43,Unit,true,ABDOMINAL SUPPORT BELT L 1,2026-07-14T07:54:54.580Z,general,others,1001953,1001953,
-BLANK-,Unit,,0,,,BLANK,22,,1,1,10,Unit,true,NS SALINE 100ML,2026-07-14T07:54:44.690Z,general,others,1001955,1001955,
ACCU CHEK,Unit,,0,,,BLANK,799,,1,1,620,Unit,true,ACCU CHEK INSTANT S 1,2026-07-14T07:54:48.503Z,general,others,1001957,1001957,
CORELIEF,Unit,,18,,,3009,599,,1,1,90,Unit,true,GEL PAD 1,2026-07-14T07:54:54.580Z,general,others,1001959,1001959,
CORELIEF,Unit,,18,,,3009,399,,1,1,100,Unit,true,HOT WATER BAG 1,2026-07-14T07:54:54.580Z,general,others,1001960,1001960,
ROMSON,Unit,,0,,,BLANK,572,,1,1,55,Unit,true,NEBULIZER CHILD 1,2026-07-14T07:55:06.900Z,general,others,1001962,1001962,
ROMSON,Unit,,0,,,BLANK,572,,1,1,55,Unit,true,NEBULIZER ADULT 1,2026-07-14T07:55:06.900Z,general,others,1001963,1001963,
MICROTEK,Unit,,0,,,BLANK,1999,,1,1,350,Unit,true,PULSE-OXY METER 1,2026-07-14T07:55:06.900Z,general,others,1001965,1001965,
CADILA,Unit,,12,,,3004,7.2,,1,1,5.15,Unit,true,ACILOC INJECTION 3ML 1,2026-07-14T07:54:54.580Z,general,others,1001967,1001967,
ARISTRO,Unit,,12,,,3004,71,,1,1,49.92,Unit,true,MONOCEF 1GM INJECTION 1,2026-07-14T07:54:54.580Z,general,others,1001968,1001968,
ABOTT,Strip,gluformin 500,12,ABOTT,false,3004,19.43,,1,10,14.81,Tablet,true,GLUFORMIN 500,2026-07-15T10:44:32.471132Z,general,tablet,1001970,1001970,
RANBAXY,Strip,azax 250,5,RANBAXY,false,3002,66.58,Azithromycin,1,6,34.5,Tablet,true,AZAX 250,2026-07-15T02:28:11.954561Z,general,tablet,1001972,1001972,
RANBAXY,Strip,azax 500mg 3,5,RANBAXY,false,3002,74.2,Azithromycin,1,3,34.5,Tablet,true,AZAX 500MG 3,2026-07-15T02:28:30.278977Z,general,tablet,1001973,1001973,
CIPLA,Strip,valcivir 1gm,12,CIPLA,false,3004,329.17,,1,3,235.12,Tablet,true,VALCIVIR 1GM,2026-07-15T15:51:29.163Z,general,tablet,1001978,1001978,
PIRAMAL,Unit,,5,,,3002,76.66,,1,1,64.39,Unit,true,I-PILL 1,2026-07-14T07:55:06.900Z,general,others,1001979,1001979,
Dr. Reddy's,Strip,atarax 25mg,5,Dr. Reddy's,false,3002,103.25,Hydroxyzine Hydrochloride,1,15,73.75,Tablet,true,ATARAX 25MG,2026-07-15T02:20:07.305755Z,general,tablet,1001981,1001981,
USV,Strip,pioz 15mg,5,USV,false,3002,78.52,,1,10,59.82,Tablet,true,PIOZ 15MG,2026-07-15T13:57:38.087Z,general,tablet,1001983,1001983,
CADILA,Strip,aciloc 300 20,5,CADILA,false,3002,56.25,,1,20,42.86,Tablet,true,ACILOC 300 20,2026-07-15T01:45:17.417280Z,general,tablet,1001985,1001985,
FDC,Strip,zifi 1oomg tablet 10,12,FDC,false,3004,89.58,,1,10,68.31,Tablet,true,ZIFI 1OOMG TABLET 10,2026-07-15T04:40:22.399Z,general,tablet,1001987,1001987,
FDC,Strip,zifi 200 mg tablet 10,5,FDC,false,3002,105,,1,10,80.09,Tablet,true,ZIFI 200 MG TABLET 10,2026-07-15T04:40:33.278Z,general,tablet,1001988,1001988,
FDC,Strip,zifi 50mg tablet 10,12,FDC,false,3004,55.55,,1,10,42.32,Tablet,true,ZIFI 50MG TABLET 10,2026-07-15T04:40:43.061Z,general,tablet,1001989,1001989,
TORRENT,Strip,shelcal m tablet 15,12,TORRENT,false,3004,172.4,,1,15,123.14,Tablet,true,SHELCAL M TABLET 15,2026-07-15T04:28:32.001Z,general,tablet,1001992,1001992,
-BLANK-,Strip,doxinate tab 30,12,-BLANK-,false,3004,277.2,,1,30,198,Tablet,true,DOXINATE TAB 30,2026-07-14T11:21:34.360Z,general,tablet,1001994,1001994,
MANKIND,Unit,,12,,,3004,145.2,,1,1,110.73,Unit,true,GUDCEF 100MG SYRUP 30ML,2026-07-14T07:55:06.900Z,general,others,1001996,1001996,
THETA LAB,Unit,,12,,,3004,71.25,,1,1,54.29,Unit,true,PCL SYRUP 200ML,2026-07-14T07:55:10.883Z,general,others,1002000,1002000,
THE MAN,Unit,,12,,,3004,280.31,,1,1,80.36,Unit,true,THE MAN DEO 150ML,2026-07-14T07:55:10.883Z,general,others,1002002,1002002,
DENVER,Unit,,18,,,3009,204.66,,1,1,118.64,Unit,true,DENVER DEO 165ML,2026-07-14T07:54:59.078Z,general,others,1002003,1002003,
FOGG,Unit,,12,,,3004,280.31,,1,1,156.25,Unit,true,FOGG MASTER DEO 120ML,2026-07-14T07:54:59.078Z,general,others,1002005,1002005,
-BLANK-,Unit,,0,,,BLANK,55,,1,1,27.5,Unit,true,DR BONNE MAXI 250ML,2026-07-14T07:54:40.148Z,general,others,1002006,1002006,
-BLANK-,Unit,,0,,,BLANK,50,,1,1,25,Unit,true,DR BONNE MINI 150ML,2026-07-14T07:54:40.148Z,general,others,1002007,1002007,
-BLANK-,Unit,,18,,,3009,222.46,,1,1,118.64,Unit,true,PARK AVENUE DEO 250ML,2026-07-14T07:54:44.690Z,general,others,1002008,1002008,
FOGG,Unit,,0,,,BLANK,225,,1,1,160,Unit,true,FOGG MEN'S PERFUME 120ML,2026-07-14T07:54:59.078Z,general,others,1002009,1002009,
-BLANK-,Unit,,12,,,3004,15,,1,1,8,Unit,true,TENDER KARE NIPPLE 1,2026-07-14T07:54:48.503Z,general,others,1002011,1002011,
-BLANK-,Unit,,5,,,3002,95,,1,1,56.19,Unit,true,CLOCIP DUSTING POWDER 75GM,2026-07-14T07:54:40.148Z,general,others,1002013,1002013,
-BLANK-,Unit,,5,,,3002,168,,1,1,120,Unit,true,CLOCIP DUTING POWDER 100GM,2026-07-14T07:54:40.148Z,general,others,1002014,1002014,
LG,Unit,,18,,,3009,799.96,,1,1,495,Unit,true,LG ScaLGO 3,2026-07-14T07:55:03.022Z,general,others,1002017,1002017,
LG,Unit,,18,,,3009,355.04,,1,1,220,Unit,true,LG GENTLGLEAM 1L,2026-07-14T07:55:03.022Z,general,others,1002019,1002019,
HIMALAYA,Strip,gasex tablet 100,12,HIMALAYA,false,3004,187.5,,1,100,142.8,Tablet,true,GASEX TABLET 100,2026-07-14T11:27:05.312Z,general,tablet,1002021,1002021,
SANOFI,Strip,allegra 120mg 10,5,SANOFI,false,3002,272.99,Fexofenadine,1,10,207.99,Tablet,true,ALLEGRA 120MG 10,2026-07-15T02:01:27.240700Z,general,tablet,1002024,1002024,
FDC,Unit,,5,,,3002,31.5,,1,1,24,Unit,true,ELECTRAL APPLE DRINK 200ML,2026-07-14T07:54:59.078Z,general,others,1002027,1002027,
FDC,Unit,,5,,,3002,31.5,,1,1,24,Unit,true,ELECTRAL ORANGE DRINK 200ML,2026-07-14T07:54:59.078Z,general,others,1002029,1002029,
LIVEASY,Unit,,5,,,3002,31.5,,1,1,19.2,Unit,true,LIVEASY ORS LIQUID 200ML,2026-07-14T07:55:03.022Z,general,others,1002031,1002031,
-BLANK-,Unit,,0,,,BLANK,125,,1,1,10,Unit,true,CANNULA 18 NO. 1,2026-07-14T07:54:40.148Z,general,others,1002034,1002034,
-BLANK-,Unit,,0,,,BLANK,163,,1,1,8,Unit,true,CANNULA 20 NO. 1,2026-07-14T07:54:40.148Z,general,others,1002035,1002035,
DUREX,Unit,,0,,,BLANK,60,,1,1,50,Unit,true,DUREX 60 3,2026-07-14T07:54:59.078Z,general,others,1002039,1002039,
-BLANK-,Strip,gcpred 8mg,12,-BLANK-,false,3004,63,,1,10,45,Tablet,true,GCPRED 8MG,2026-07-15T10:41:30.065624Z,general,tablet,1002042,1002042,
GLENMARK,Unit,,12,,,3004,118.13,,1,1,90,Unit,true,CANDID B CREAM 10GM,2026-07-14T07:54:59.078Z,general,others,1002044,1002044,
-BLANK-,Strip,allerbio capsule 10,18,-BLANK-,false,3009,253.6,,1,10,193.22,Capsule,true,ALLERBIO CAPSULE 10,2026-07-15T02:00:09.009527Z,general,capsule,1002046,1002046,
-BLANK-,Unit,,0,,,BLANK,50,,1,1,41,Unit,true,V WASH 20ML,2026-07-14T07:54:48.503Z,general,others,1002050,1002050,
ERIS,Unit,,12,,,3004,141.76,,1,1,110,Unit,true,RENERVE PLUS INJ 2ML,2026-07-14T07:54:59.078Z,general,others,1002054,1002054,
PHARMAC,Strip,cal 123total tablt 15,5,PHARMAC,false,3002,370.31,,1,15,282.14,Tablet,true,CAL 123TOTAL TABLT 15,2026-07-14T09:29:59.761Z,general,tablet,1002055,1002055,
NESTLE,Unit,,18,,,3009,480,,1,1,373.19,Unit,true,LACTOGEN PRO 4NO 400GM,2026-07-14T07:55:06.900Z,general,others,1002057,1002057,
CIPLA,Unit,,5,,,3002,158.66,,1,1,120.88,Unit,true,MONTAIR LC KID SYRUP 60ML,2026-07-14T07:54:54.580Z,general,others,1002060,1002060,
ERIS,Unit,,12,,,3004,200,,1,1,142.86,Unit,true,RENERVE PFS 1,2026-07-14T07:54:59.078Z,general,others,1002061,1002061,
THEOGEN,Unit,,12,,,3004,112.5,,1,1,85.71,Unit,true,PCL PLUS 200ML,2026-07-14T07:55:10.883Z,general,others,1002062,1002062,
MANKIND,Strip,ovabless tablet 10,18,MANKIND,false,3009,176.19,,1,10,147.66,Tablet,true,OVABLESS TABLET 10,2026-07-15T03:47:32.859Z,general,tablet,1002063,1002063,
HIMALAYA,Unit,,12,,,3004,79.69,,1,1,60.77,Unit,true,RENELKA SYRUP 100ML,2026-07-14T07:55:03.022Z,general,others,1002064,1002064,
IPCA,Unit,,5,,,3002,215.39,,1,1,164.11,Unit,true,ZERODOL TH4 MAX 10,2026-07-14T07:55:03.022Z,general,others,1002066,1002066,
GLENMARK,Unit,,12,,,3004,548.91,,1,1,418.22,Unit,true,AIRZ-FF CAPSUL 30,2026-07-14T07:54:59.078Z,general,others,1002068,1002068,
NESTLE,Unit,,5,,,3002,450,,1,1,380.08,Unit,true,LACTOGEN PRO 3NO 400GM,2026-07-14T07:55:06.900Z,general,others,1002071,1002071,
HIMALAYA,Unit,,0,,,BLANK,90,,1,1,67.5,Unit,true,HIMALAYA RASH CREAM 20GM,2026-07-14T07:55:03.022Z,general,others,1002072,1002072,
TORRENT,Strip,topcef clav 200,5,TORRENT,false,3002,388.4,,1,10,110,Tablet,true,TOPCEF CLAV 200,2026-07-15T15:44:54.398Z,general,tablet,1002074,1002074,
-BLANK-,Unit,,0,,,BLANK,35,,1,1,0,Unit,true,SIGNETURE CONDAM 3*1,2026-07-14T07:54:48.503Z,general,others,1002078,1002078,
MACLEODS,Strip,trenaxa 500,5,MACLEODS,false,3002,198.03,,1,10,150.88,Tablet,true,TRENAXA 500,2026-07-15T15:46:26.276Z,general,tablet,1002080,1002080,
ARISTRO,Strip,meganeuron od+ 10,5,ARISTRO,false,3002,179,,1,10,136.38,Tablet,true,MEGANEURON OD+ 10,2026-07-15T11:40:04.195Z,general,tablet,1002082,1002082,
-BLANK-,Strip,metboon vg 1 15,12,-BLANK-,false,3004,168.74,,1,15,128.58,Tablet,true,METBOON VG 1 15,2026-07-15T11:42:12.673Z,general,tablet,1002084,1002084,
-BLANK-,Unit,,18,,,3009,84.53,,1,1,63.56,Unit,true,UVA FACE CREAM 30GM,2026-07-14T07:54:48.503Z,general,others,1002086,1002086,
ZANDU,Strip,nityam 10,5,ZANDU,false,3002,42.19,,1,10,34.05,Tablet,true,NITYAM 10,2026-07-15T12:27:40.575Z,general,tablet,1002088,1002088,
-BLANK-,Unit,,18,,,3009,177.97,,1,1,110.17,Unit,true,DUX HAIR REMOVAL SPRAY 75ML,2026-07-14T07:54:40.148Z,general,others,1002090,1002090,
-BLANK-,Unit,,12,,,3004,92.81,,1,1,58.04,Unit,true,TOY WATER TEEHTER 1,2026-07-14T07:54:48.503Z,general,others,1002092,1002092,
-BLANK-,Unit,,12,,,3004,150,,1,1,71.43,Unit,true,SILICONE TEETHER 1,2026-07-14T07:54:48.503Z,general,others,1002094,1002094,
CIPLA,Strip,asthalin 2mg tablet 45,12,CIPLA,false,3004,13.83,,1,45,8,Tablet,true,ASTHALIN 2MG TABLET 45,2026-07-14T09:18:20.610Z,general,tablet,1002097,1002097,
CIPLA,Strip,asthalin 4mg tablet 30,5,CIPLA,false,3002,16.63,,1,30,11.88,Tablet,true,ASTHALIN 4MG TABLET 30,2026-07-14T09:18:33.278Z,general,tablet,1002099,1002099,
FDC,Strip,zifi cv 200,5,FDC,false,3002,353.3,,1,10,229.44,Tablet,true,ZIFI CV 200,2026-07-15T16:05:50.186Z,general,tablet,1002100,1002100,
MANKIND,Unit,,12,,,3004,49.5,,1,1,37.72,Unit,true,NOBEL PLUS SYRUP 60ML,2026-07-14T07:55:06.900Z,general,others,1002101,1002101,
AVEN,Strip,avil 50mg tablet 15,5,AVEN,false,3002,15,,1,15,11.51,Tablet,true,AVIL 50MG TABLET 15,2026-07-14T09:37:19.709Z,general,tablet,1002103,1002103,
BLUE CROSE,Unit,,12,,,3004,37,,1,1,26.43,Unit,true,MEFTAL P SYRUP 60ML,2026-07-14T07:54:54.580Z,general,others,1002105,1002105,
DR. REDDY'S,Strip,omez d tablet,12,DR. REDDY'S,false,3004,191.72,,1,15,160.54,Tablet,true,OMEZ D TABLET,2026-07-15T12:55:55.540Z,general,tablet,1002107,1002107,
GLAXOSMITHKLIN,Unit,,5,,,3002,41.2,,1,1,28.8,Unit,true,CALPOL 125MG SYRUP 60ML,2026-07-14T07:54:59.078Z,general,others,1002110,1002110,
HETERO HEALTHCARE,Strip,enuf capsule,5,HETERO HEALTHCARE,false,3002,157,,1,10,112.15,Tablet,true,ENUF CAPSULE,2026-07-15T10:17:16.200122Z,general,tablet,1002112,1002112,
ABOTT,Unit,,12,,,3004,566.18,,1,1,431.8,Unit,true,REJOINT 15,2026-07-14T07:54:48.503Z,general,others,1002115,1002115,
FRANCO PHARMACUETICALS,Strip,dexorange capsule,12,FRANCO PHARMACUETICALS,false,3004,187.15,,1,30,133.68,Capsule,true,DEXORANGE CAPSULE,2026-07-15T09:53:03.255281Z,general,capsule,1002116,1002116,
MANKIND,Unit,,12,,,3004,92.81,,1,1,70,Unit,true,HISTAFREE SUSPENSION 60ML,2026-07-14T07:55:06.900Z,general,others,1002118,1002118,
PANTANJALI,Unit,,0,,,BLANK,90,,1,1,80,Unit,true,GILOY JUICE 200ML,2026-07-14T07:55:06.900Z,general,others,1002120,1002120,
ALKEM,Unit,a to z syrup mango 200ml,18,ALKEM,false,3009,231,,1,1,156.61,Unit,true,A TO Z SYRUP MANGO 200ML,2026-07-14T08:36:52.192Z,general,others,1002122,1002122,
TORRENT,Unit,,12,,,3004,65.57,,1,1,49.96,Unit,true,DEVIRY 10MG 10,2026-07-14T07:55:10.883Z,general,others,1002124,1002124,
PFIZER,Unit,,5,,,3002,173.52,,1,1,132.21,Unit,true,GELUSIL MPS MINT 200ML,2026-07-14T07:55:06.900Z,general,others,1002126,1002126,
PFIZER,Unit,,12,,,3004,130.31,,1,1,99.27,Unit,true,GELUSIL MPS XTRACOOL 200ML,2026-07-14T07:55:06.900Z,general,others,1002127,1002127,
-BLANK-,Unit,,12,,,3004,51.56,,1,1,39.29,Unit,true,SLOAN'S BALM 10GM,2026-07-14T07:54:48.503Z,general,others,1002129,1002129,
-BLANK-,Unit,,12,,,3004,281.25,,1,1,111.02,Unit,true,LIVEASY BANDAGE 100,2026-07-14T07:54:44.690Z,general,others,1002131,1002131,
SANOFI,Strip,allegra m 10,5,SANOFI,false,3002,301.3,Fexofenadine + Montelukast,1,10,229.56,Tablet,true,ALLEGRA M 10,2026-07-15T02:01:07.505451Z,general,tablet,1002133,1002133,
ARRIE,Unit,,12,,,3004,36.19,,1,1,27.57,Unit,true,FLEXON SUSP. 60ML,2026-07-14T07:54:54.580Z,general,others,1002135,1002135,
CIPLA,Strip,itracip 100mg,12,CIPLA,false,3004,70.01,,1,4,23.34,Tablet,true,ITRACIP 100MG,2026-07-15T11:13:52.217583Z,general,tablet,1002137,1002137,
GLAXOSMITHKLIN,Unit,,5,,,3002,46.63,,1,1,35.52,Unit,true,BETNOVATE GM 30GM,2026-07-14T07:54:59.078Z,general,others,1002139,1002139,
ARISTRO,Strip,flexon mr,5,ARISTRO,false,3002,31.4,,1,10,22.43,Tablet,true,FLEXON MR,2026-07-15T10:28:46.808807Z,general,tablet,1002141,1002141,
INTAS,Strip,montas l 10,5,INTAS,false,3002,183.28,,1,10,16.67,Tablet,true,MONTAS L 10,2026-07-15T11:48:00.652Z,general,tablet,1002145,1002145,
-BLANK-,Unit,,0,,,BLANK,151,,1,1,100,Unit,true,DAISY CREAM 20,2026-07-14T07:54:40.148Z,general,others,1002149,1002149,
DABUR,Unit,,5,,,3002,280,,1,1,191.97,Unit,true,ALOEVERA JUICE 1L,2026-07-14T07:54:54.580Z,general,others,1002150,1002150,
MAMYPOKO PANTS,Unit,,0,,,BLANK,45,,1,1,30.8,Unit,true,MAMY POKO NB 4,2026-07-14T07:55:06.900Z,general,others,1002152,1002152,
-BLANK-,Unit,,5,,,3002,10,,1,1,6.85,Unit,true,GASOFAST 5GM,2026-07-14T07:54:40.148Z,general,others,1002154,1002154,
BLUE CROSE,Unit,,5,,,3002,93.75,,1,1,71.43,Unit,true,MEFTAL SPAS SYRUP 60ML,2026-07-14T07:54:54.580Z,general,others,1002157,1002157,
DR. REDDY'S,Unit,,12,,,3004,41.53,,1,1,31.64,Unit,true,CETZINE SYRUP 60ML,2026-07-14T07:54:59.078Z,general,others,1002159,1002159,
TORRENT,Strip,shelcal xt,12,TORRENT,false,3004,429,,1,15,306.43,Tablet,true,SHELCAL XT,2026-07-15T14:54:44.193Z,general,tablet,1002161,1002161,
-BLANK-,Unit,,5,,,3002,38,,1,1,10.17,Unit,true,COBATE GM CREAM 10GM,2026-07-14T07:54:40.148Z,general,others,1002163,1002163,
-BLANK-,Unit,,5,,,3002,88,,1,1,28.57,Unit,true,COBATE GM CREAM 30GM,2026-07-14T07:54:40.148Z,general,others,1002166,1002166,
-BLANK-,Unit,,12,,,3004,41.58,,1,1,13,Unit,true,HISTACET SUSPENSION 60ML,2026-07-14T07:54:44.690Z,general,others,1002168,1002168,
-BLANK-,Unit,,0,,,BLANK,900,,1,1,210,Unit,true,SURGICAL GLOVES 100,2026-07-14T07:54:48.503Z,general,others,1002170,1002170,
-BLANK-,Unit,,18,,,3009,289.19,,1,1,220.33,Unit,true,WHAY PRO POWDER 200GM,2026-07-14T07:54:48.503Z,general,others,1002172,1002172,
-BLANK-,Strip,neocal md tab 10,12,-BLANK-,false,3004,117.19,,1,10,94.96,Tablet,true,NEOCAL MD TAB 10,2026-07-14T11:56:39.445Z,general,tablet,1002176,1002176,
-BLANK-,Unit,,12,,,3004,64.69,,1,1,11.16,Unit,true,CARVENT PLUS 10,2026-07-14T07:54:40.148Z,general,others,1002178,1002178,
-BLANK-,Strip,duvadilan 10,5,-BLANK-,false,3002,244.23,,1,50,174.45,Tablet,true,DUVADILAN 10,2026-07-15T10:02:46.032379Z,general,tablet,1002181,1002181,
-BLANK-,Strip,emanzen d tablet 10,5,-BLANK-,false,3002,238.6,,1,10,181.79,Tablet,true,EMANZEN D TABLET 10,2026-07-14T11:22:30.684Z,general,tablet,1002182,1002182,
-BLANK-,Strip,buscogast tab 10,12,-BLANK-,false,3004,40.49,,1,10,30.3,Tablet,true,BUSCOGAST TAB 10,2026-07-14T09:29:13.703Z,general,tablet,1002191,1002191,
-BLANK-,Unit,,12,,,3004,80.67,,1,1,61.46,Unit,true,OCUPOL E/D DROP 5ML,2026-07-14T07:54:44.690Z,general,others,1002193,1002193,
CIPLA,Strip,levoflox 250mg tab 10,12,CIPLA,false,3004,53.98,,1,10,38.56,Tablet,true,LEVOFLOX 250MG TAB 10,2026-07-14T11:50:51.499Z,general,tablet,1002196,1002196,
CIPLA,Strip,levoflox 750mg,12,CIPLA,false,3004,69.72,,1,5,49.8,Tablet,true,LEVOFLOX 750MG,2026-07-15T11:18:13.111462Z,general,tablet,1002197,1002197,
CIPLA,Strip,levoquin 500 mg tb 5,12,CIPLA,false,3004,47.19,,1,5,23.76,Tablet,true,LEVOQUIN 500 MG TB 5,2026-07-15T11:18:43.778120Z,general,tablet,1002201,1002201,
SUN PHARMA,Strip,sompraz d 40mg,5,SUN PHARMA,false,3002,265,,1,15,189.31,Tablet,true,SOMPRAZ D 40MG,2026-07-15T14:58:09.066Z,general,tablet,1002203,1002203,
APEX,Strip,zincovit w,18,APEX,false,3009,151.27,,1,10,115.26,Tablet,true,ZINCOVIT W,2026-07-15T16:06:51.227Z,general,tablet,1002204,1002204,
LIVEASY,Unit,,18,,,3009,61.4,,1,1,38,Unit,true,FACE WIPS 20,2026-07-14T07:55:03.022Z,general,others,1002206,1002206,
CIPLA,Unit,,12,,,3004,127.26,,1,1,96.96,Unit,true,ADVENT DRY SYRUP ORANGE 60ML,2026-07-14T07:54:54.580Z,general,others,1002208,1002208,
CIPLA,Unit,,12,,,3004,23.31,,1,1,17.76,Unit,true,PARACIP 125MG SYRUP 60ML,2026-07-14T07:54:54.580Z,general,others,1002210,1002210,
CIPLA,Unit,,5,,,3002,257.86,,1,1,184.18,Unit,true,ADVENT FORTE SYRUP 30ML,2026-07-14T07:54:54.580Z,general,others,1002212,1002212,
GLENMARK,Unit,,5,,,3002,117.19,,1,1,89.29,Unit,true,ALEX JUNIOR SYRUP 100ML,2026-07-14T07:54:59.078Z,general,others,1002213,1002213,
INTAS,Strip,app up tablet 10,12,INTAS,false,3004,17.25,,1,10,3.5,Tablet,true,APP UP TABLET 10,2026-07-14T09:18:05.579Z,general,tablet,1002214,1002214,
ALKEM,Unit,,5,,,3002,110,,1,1,17.48,Unit,true,DERMIKEM OC + 15GM,2026-07-14T07:54:48.503Z,general,others,1002215,1002215,
LEEFORD,Strip,flumet 400mg,12,LEEFORD,false,3004,33.3,,1,10,10.35,Tablet,true,FLUMET 400MG,2026-07-15T10:30:42.793531Z,general,tablet,1002216,1002216,
CIPLA,Strip,itracip 200mg,5,CIPLA,false,3002,252,,1,10,104.42,Tablet,true,ITRACIP 200MG,2026-07-15T11:13:30.297863Z,general,tablet,1002217,1002217,
LEEFORD,Unit,,12,,,3004,70,,1,1,16.45,Unit,true,MOXIFORD D E/D 5ML,2026-07-14T07:55:03.022Z,general,others,1002218,1002218,
LEEFORD,Unit,,5,,,3002,95,,1,1,27.95,Unit,true,ORA FAST GEL 15GM,2026-07-14T07:55:03.022Z,general,others,1002219,1002219,
CIPLA,Strip,theo asthalin forte tablet 20,12,CIPLA,false,3004,21.05,,1,20,15.04,Tablet,true,THEO ASTHALIN FORTE TABLET 20,2026-07-15T04:31:39.427Z,general,tablet,1002220,1002220,
CIPLA,Strip,theo asthalin tablet 30,12,CIPLA,false,3004,18.97,,1,30,13.55,Tablet,true,THEO ASTHALIN TABLET 30,2026-07-15T04:31:53.469Z,general,tablet,1002221,1002221,
GLENMARK,Unit,,5,,,3002,122,,1,1,92.86,Unit,true,ASCORIL LS JUNIOR 100ML,2026-07-14T07:54:59.078Z,general,others,1002223,1002223,
GLENMARK,Unit,,12,,,3004,109.81,,1,1,83.66,Unit,true,ORTIVIN OXY FAST ADULT NASAL S 10ML,2026-07-14T07:54:59.078Z,general,others,1002225,1002225,
FDC,Unit,,12,,,3004,122.48,,1,1,93.42,Unit,true,ZOCON POWDER 100GM,2026-07-14T07:54:59.078Z,general,others,1002229,1002229,
CADILA,Strip,demisone tab 10,5,CADILA,false,3002,2.45,,1,10,1.78,Tablet,true,DEMISONE TAB 10,2026-07-14T11:19:00.825Z,general,tablet,1002231,1002231,
INTAS,Unit,,12,,,3004,150,,1,1,33.5,Unit,true,APP UP PLUS SYRUP 200ML,2026-07-14T07:55:03.022Z,general,others,1002232,1002232,
INTAS,Unit,,12,,,3004,112,,1,1,32,Unit,true,APP UP SYRUP 200ML,2026-07-14T07:55:03.022Z,general,others,1002233,1002233,
-BLANK-,Strip,probelac cap 10,18,-BLANK-,false,3009,109.63,,1,10,25,Capsule,true,PROBELAC CAP 10,2026-07-15T14:06:25.236Z,general,capsule,1002234,1002234,
-BLANK-,Unit,,5,,,3002,45,,1,1,13.6,Unit,true,TIGBODERM RF 5GM 5GM,2026-07-14T07:54:48.503Z,general,others,1002236,1002236,
-BLANK-,Unit,,0,,,BLANK,30,,1,1,27,Unit,true,VI -JOHN CREAM 30GM,2026-07-14T07:54:48.503Z,general,others,1002239,1002239,
-BLANK-,Unit,,18,,,3009,28,,1,1,21.6,Unit,true,GILLET GUARD 1,2026-07-14T07:54:40.148Z,general,others,1002241,1002241,
CIPLA,Unit,,12,,,3004,59.33,,1,1,45.21,Unit,true,ASTHALIN 200MCG BOX 60 ROTACAPS,2026-07-14T07:54:54.580Z,general,others,1002243,1002243,
ZYDUS,Strip,atorva 10mg,12,ZYDUS,false,3004,82.99,Atorvastatin,1,15,59.28,Tablet,true,ATORVA 10MG,2026-07-15T02:22:34.776932Z,general,tablet,1002245,1002245,
GLENMARK,Unit,,5,,,3002,102.5,,1,1,73.22,Unit,true,CANDID EAR DROPS 10ML,2026-07-14T07:54:59.078Z,general,others,1002247,1002247,
CIPLA,Unit,,5,,,3002,88.5,,1,1,31.44,Unit,true,CLEARWAX EAR DROPS 10ML,2026-07-14T07:54:54.580Z,general,others,1002249,1002249,
ELI LILY,Strip,jardiance 25mg,5,ELI LILY,false,3002,459,,1,10,349.98,Tablet,true,JARDIANCE 25MG,2026-07-15T11:14:31.323391Z,general,tablet,1002251,1002251,
TORRENT,Strip,losar 50mg,5,TORRENT,false,3002,178,,1,15,135.86,Tablet,true,LOSAR 50MG,2026-07-15T11:21:44.568054Z,general,tablet,1002253,1002253,
CIPLA,Strip,orthal forte,12,CIPLA,false,3004,383.98,,1,20,56.35,Tablet,true,ORTHAL FORTE,2026-07-15T13:09:39.908Z,general,tablet,1002255,1002255,
WHISPER,Unit,,0,,,BLANK,55,,1,1,49.55,Unit,true,WHISPER CHOICE NIGHT XXL 6,2026-07-14T07:55:10.883Z,general,others,1002257,1002257,
SUN PHARMA,Unit,,12,,,3004,451.88,,1,1,344.29,Unit,true,LACTIFIBER GRANULES 180GM,2026-07-14T07:55:10.883Z,general,others,1002261,1002261,
FDC,Unit,,12,,,3004,75.28,,1,1,57.36,Unit,true,ZIFI 100 READYMADE 30ML,2026-07-14T07:54:59.078Z,general,others,1002263,1002263,
DERMATECH LIFECARE,Strip,levozyl 5mg,12,DERMATECH LIFECARE,false,3004,51.56,,1,10,39.28,Tablet,true,LEVOZYL 5MG,2026-07-15T11:19:28.841247Z,general,tablet,1002265,1002265,
RUSLAN NOVA,Strip,dizartin m 10,12,RUSLAN NOVA,false,3004,120,,1,10,85.9,Tablet,true,DIZARTIN M 10,2026-07-15T09:54:34.672557Z,general,tablet,1002266,1002266,
COSMODERM,Unit,,18,,,3009,578.39,,1,1,459,Unit,true,AQUA RX IM CREAM 500GM,2026-07-14T07:54:54.580Z,general,others,1002268,1002268,
LYRA,Unit,,18,,,3009,573.94,,1,1,437.29,Unit,true,UVICOZ LOTION 50 ML,2026-07-14T07:55:03.022Z,general,others,1002270,1002270,
-BLANK-,Unit,,18,,,3009,355.04,,1,1,270.52,Unit,true,TEROBRITE 20 GM,2026-07-14T07:54:48.503Z,general,others,1002272,1002272,
ERIS,Unit,,12,,,3004,35.32,,1,1,26.9,Unit,true,COSVATE G 30 GM,2026-07-14T07:54:59.078Z,general,others,1002274,1002274,
CIPLA,Strip,cipcal xt 15,5,CIPLA,false,3002,372.64,,1,15,80.75,Tablet,true,CIPCAL XT 15,2026-07-15T09:25:30.697047Z,general,tablet,1002278,1002278,
MANKIND,Strip,ovabless myo,18,MANKIND,false,3009,236.69,,1,10,180.34,Tablet,true,OVABLESS MYO,2026-07-15T13:11:58.998Z,general,tablet,1002280,1002280,
-BLANK-,Unit,,12,,,3004,165,,1,1,22.5,Unit,true,SUMO GEL 30GM,2026-07-14T07:54:48.503Z,general,others,1002284,1002284,
CIPLA,Strip,amlopres 2.5 15,5,CIPLA,false,3002,28.65,Amlodipine,1,15,21.83,Tablet,true,AMLOPRES 2.5 15,2026-07-15T02:09:40.823421Z,general,tablet,1002287,1002287,
TECHNO,Unit,,12,,,3004,28,,1,1,20.91,Unit,true,CASTOPHENE 10,2026-07-14T07:55:10.883Z,general,others,1002289,1002289,
-BLANK-,Unit,,18,,,3009,306.99,,1,1,257.29,Unit,true,PROHANCE POWDER CHOCOLATE 200GM,2026-07-14T07:54:44.690Z,general,others,1002291,1002291,
-BLANK-,Strip,nasdep 7.5 mg tab 10,12,-BLANK-,false,3004,75,,1,10,54,Tablet,true,NASDEP 7.5 MG TAB 10,2026-07-14T11:56:17.372Z,general,tablet,1002295,1002295,
-BLANK-,Strip,glimy 2 tab 15,12,-BLANK-,false,3004,75.94,,1,15,60,Tablet,true,GLIMY 2 TAB 15,2026-07-14T11:28:33.921Z,general,tablet,1002297,1002297,
INTAS,Strip,kuff q dx tab 10,12,INTAS,false,3004,70.31,,1,10,15.25,Tablet,true,KUFF Q DX TAB 10,2026-07-14T11:49:58.990Z,general,tablet,1002300,1002300,
-BLANK-,Unit,,12,,,3004,95.63,,1,1,30.8,Unit,true,PEROLITE 2.5% CREAM 30GM,2026-07-14T07:54:44.690Z,general,others,1002302,1002302,
-BLANK-,Unit,,0,,,BLANK,159,,1,1,140,Unit,true,VEET MEN 50GM 50GM,2026-07-14T07:54:48.503Z,general,others,1002304,1002304,
TYNOR,Unit,,0,,,BLANK,725,,1,1,399,Unit,true,ABDOMINAL SUPPORT SIZE S 1,2026-07-14T07:55:10.883Z,general,others,1002306,1002306,
TYNOR,Unit,,0,,,BLANK,785,,1,1,432,Unit,true,ABDOMINAL L SIZE 1,2026-07-14T07:55:10.883Z,general,others,1002307,1002307,
ABOTT,Unit,,12,,,3004,231.08,,1,1,162.24,Unit,true,THYRONORM 125 120,2026-07-14T07:54:48.503Z,general,others,1002309,1002309,
ABOTT,Unit,,5,,,3002,217,,1,1,166.03,Unit,true,THYRONORM 150 120,2026-07-14T07:54:48.503Z,general,others,1002310,1002310,
ABOTT,Unit,,12,,,3004,226.91,,1,1,159.31,Unit,true,THYRONORM 112 120,2026-07-14T07:54:48.503Z,general,others,1002311,1002311,
ABOTT,Unit,,12,,,3004,291.65,,1,1,208.32,Unit,true,THYRONORM 137 120,2026-07-14T07:54:48.503Z,general,others,1002312,1002312,
SUN PHARMA,Unit,,12,,,3004,52.97,,1,1,40.36,Unit,true,PANTOCID IV 40MG INJECTION 40GM,2026-07-14T07:55:10.883Z,general,others,1002314,1002314,
ABOTT,Unit,,12,,,3004,268.32,,1,1,191.66,Unit,true,THYRONORM 200 100,2026-07-14T07:54:48.503Z,general,others,1002317,1002317,
DUREX,Unit,durex invisible condom 3,0,DUREX,false,BLANK,181,,1,1,150,Unit,true,DUREX INVISIBLE CONDOM 3,2026-07-15T10:02:08.408605Z,general,others,1002319,1002319,
DUREX,Unit,,0,,,BLANK,174,,1,1,145,Unit,true,DUREX MUTUAL CLIMAX 3,2026-07-14T07:54:59.078Z,general,others,1002321,1002321,
KAMASUTRA,Unit,,0,,,BLANK,30,,1,1,15,Unit,true,KAMASUTRA  BANANA CONDM 3,2026-07-14T07:55:03.022Z,general,others,1002323,1002323,
SKORE,Unit,,0,,,BLANK,40,,1,1,20,Unit,true,SKORE CHOCOLATE 3,2026-07-14T07:55:06.900Z,general,others,1002325,1002325,
SKORE,Unit,,0,,,BLANK,40,,1,1,20,Unit,true,SKORE BANANA CONDM 3,2026-07-14T07:55:06.900Z,general,others,1002326,1002326,
SKORE,Unit,,0,,,BLANK,120,,1,1,60,Unit,true,SKORE 120 10,2026-07-14T07:55:06.900Z,general,others,1002327,1002327,
SKORE,Unit,,0,,,BLANK,40,,1,1,20,Unit,true,SKORE STRAWBERRY 3,2026-07-14T07:55:06.900Z,general,others,1002328,1002328,
MANFORCE,Unit,,0,,,BLANK,99,,1,1,50,Unit,true,MANFORCE SUNNY 99 10,2026-07-14T07:55:06.900Z,general,others,1002330,1002330,
FDC,Unit,,5,,,3002,23,,1,1,17.56,Unit,true,ELECTRAL POWDER ORANGE 21.80 GM,2026-07-14T07:54:59.078Z,general,others,1002332,1002332,
ALKEM,Strip,a to z ns plus tablet 15,5,ALKEM,false,3002,170.85,,1,15,130.17,Tablet,true,A TO Z NS PLUS TABLET 15,2026-07-14T08:27:59.676Z,general,tablet,1002334,1002334,
GLENMARK,Unit,,5,,,3002,106,,1,1,75.71,Unit,true,CANDIBIOTIC PLUS EAR DROP 5ML,2026-07-14T07:54:59.078Z,general,others,1002335,1002335,
CIPLA,Strip,pantosec lc tablet 10,12,CIPLA,false,3004,209.34,,1,10,47.85,Tablet,true,PANTOSEC LC TABLET 10,2026-07-15T03:51:39.209Z,general,tablet,1002339,1002339,
MARTIN MHL,Unit,,5,,,3002,99,,1,1,79.2,Unit,true,SAFFOLA HONEY 250GM,2026-07-14T07:55:06.900Z,general,others,1002340,1002340,
FDC,Strip,zifi o 200mg,12,FDC,false,3004,189.38,,1,10,144.29,Tablet,true,ZIFI O 200MG,2026-07-15T16:06:04.977Z,general,tablet,1002341,1002341,
-BLANK-,Unit,,12,,,3004,28.13,,1,1,22.14,Unit,true,B TEX CREAM 14GM,2026-07-14T07:54:40.148Z,general,others,1002343,1002343,
MACLEODS,Strip,omnacortil 2.5mg,12,MACLEODS,false,3004,10.05,,1,10,7.18,Tablet,true,OMNACORTIL 2.5MG,2026-07-15T12:56:33.274Z,general,tablet,1002345,1002345,
VOLINI,Unit,,12,,,3004,133.13,,1,1,99.91,Unit,true,VOLINI GEL 30+10GM,2026-07-14T07:55:10.883Z,general,others,1002347,1002347,
CIPLA,Unit,,5,,,3002,195.55,,1,1,139.9,Unit,true,FORACORT 200MG 30,2026-07-14T07:54:54.580Z,general,others,1002349,1002349,
CIPLA,Strip,amlopres 5mg 30,12,CIPLA,false,3004,78.75,Amlodipine,1,30,60,Tablet,true,AMLOPRES 5MG 30,2026-07-15T02:09:58.182721Z,general,tablet,1002351,1002351,
CIPLA,Strip,azee 250 mg,5,CIPLA,false,3002,124.63,Azithromycin,1,10,94.95,Tablet,true,AZEE 250 MG,2026-07-15T02:29:41.067990Z,general,tablet,1002353,1002353,
CIPLA,Strip,azee 500mg,5,CIPLA,false,3002,125.88,Azithromycin,1,5,95.91,Tablet,true,AZEE 500MG,2026-07-15T02:32:24.606582Z,general,tablet,1002356,1002356,
CIPLA,Strip,pantosec d tablet 10,12,CIPLA,false,3004,153.66,,1,10,22.32,Capsule,true,PANTOSEC D TABLET 10,2026-07-15T13:41:44.057Z,general,capsule,1002358,1002358,
VOLINI,Unit,,12,,,3004,224.06,,1,1,170.71,Unit,true,VOLINI MAXX SPRAY 55GM,2026-07-14T07:55:10.883Z,general,others,1002359,1002359,
FDC,Strip,zifi o dt 100mg tablet 10,12,FDC,false,3004,143.7,,1,10,93.35,Tablet,true,ZIFI O DT 100MG TABLET 10,2026-07-15T04:40:54.536Z,general,tablet,1002360,1002360,
GLAXOSMITHKLIN,Strip,augmentin 375,5,GLAXOSMITHKLIN,false,3002,276.95,Amoxicillin + Potassium Clavuanate,1,10,197.82,Tablet,true,AUGMENTIN 375,2026-07-15T02:25:02.172604Z,general,tablet,1002362,1002362,
CIPLA,Unit,,12,,,3004,92.81,,1,1,21.5,Unit,true,COFSILS SF SYRUP 100ML,2026-07-14T07:54:54.580Z,general,others,1002366,1002366,
MANKIND,Unit,electrokem lemon 200ml 200ml,12,MANKIND,false,3004,42.19,,1,1,32.14,Unit,true,ELECTROKEM LEMON 200ML 200ML,2026-07-15T10:13:03.536961Z,general,others,1002369,1002369,
ZYDUS,Unit,,5,,,3002,99,,1,1,85,Unit,true,GLUCON D ORANGE 200GM,2026-07-14T07:55:10.883Z,general,others,1002371,1002371,
ARISTRO,Unit,,5,,,3002,195,,1,1,139.28,Unit,true,PANTOP D 15,2026-07-14T07:54:54.580Z,general,others,1002372,1002372,
USV,Strip,glycomet sr 500 20,12,USV,false,3004,44.77,,1,15,31.43,Tablet,true,GLYCOMET SR 500 20,2026-07-15T10:46:04.067613Z,general,tablet,1002374,1002374,
ABOTT,Unit,,12,,,3004,24.89,,1,1,18.96,Unit,true,DIGENE MIXED FRUIT 15,2026-07-14T07:54:48.503Z,general,others,1002376,1002376,
ABOTT,Unit,,12,,,3004,242.16,,1,1,196.8,Unit,true,DUPHALAC FIBBER SOLUTION 200ML 200ML,2026-07-14T07:54:48.503Z,general,others,1002378,1002378,
ALKEM,Strip,omee d,5,ALKEM,false,3002,230,,1,20,28,Capsule,true,OMEE D,2026-07-15T12:55:30.776Z,general,capsule,1002380,1002380,
CIPLA,Unit,,12,,,3004,55.69,,1,1,25.5,Unit,true,OMNIGEL 10GM 10GM,2026-07-14T07:54:54.580Z,general,others,1002381,1002381,
CIPLA,Unit,,5,,,3002,118.03,,1,1,89.93,Unit,true,OMNIGEL 20GM 20GM,2026-07-14T07:54:54.580Z,general,others,1002382,1002382,
SUN PHARMA,Strip,pantocid d,5,SUN PHARMA,false,3002,131,,1,10,93.57,Capsule,true,PANTOCID D,2026-07-15T13:22:23.714Z,general,capsule,1002384,1002384,
SUN PHARMA,Unit,,5,,,3002,163.9,,1,1,22.32,Unit,true,PANTOSEC D 10,2026-07-14T07:55:10.883Z,general,others,1002385,1002385,
FDC,Unit,,12,,,3004,96,,1,1,75,Unit,true,VITCOFOL INJECTION 10ML,2026-07-14T07:54:59.078Z,general,others,1002387,1002387,
MANKIND,Unit,nurokind fast strip 1,12,MANKIND,false,3004,20.61,,1,1,15.7,Unit,true,NUROKIND FAST STRIP 1,2026-07-15T12:39:02.384Z,general,others,1002388,1002388,
-BLANK-,Strip,mbsone sl 10,12,-BLANK-,false,3004,43.4,,1,10,32,Tablet,true,MBSONE SL 10,2026-07-15T11:38:11.348Z,general,tablet,1002394,1002394,
CIPLA,Unit,,5,,,3002,135.6,,1,1,96.84,Unit,true,BUDECORT .5MG 2ML RESPULES 5,2026-07-14T07:54:54.580Z,general,others,1002397,1002397,
CIPLA,Unit,,5,,,3002,113.9,,1,1,81.36,Unit,true,BUDECORT 200MCG 30 ROTACAPS,2026-07-14T07:54:54.580Z,general,others,1002398,1002398,
MANKIND,Strip,gynaset 5mg,12,MANKIND,false,3004,56.59,,1,10,43.11,Tablet,true,GYNASET 5MG,2026-07-15T11:05:11.003347Z,general,tablet,1002399,1002399,
LEEFORD,Unit,,12,,,3004,140.63,,1,1,48.88,Unit,true,LULIFORD 1/. 10GM,2026-07-14T07:55:03.022Z,general,others,1002401,1002401,
LEEFORD,Unit,,12,,,3004,234.38,,1,1,50,Unit,true,LULIFORD 1/. 30GM,2026-07-14T07:55:03.022Z,general,others,1002402,1002402,
CIPLA,Strip,flexura d tab,5,CIPLA,false,3002,219,,1,10,156.43,Tablet,true,FLEXURA D TAB,2026-07-15T10:28:57.411892Z,general,tablet,1002404,1002404,
INTAS,Strip,intagesic mr,5,INTAS,false,3002,124,,1,10,16,Tablet,true,INTAGESIC MR,2026-07-15T11:11:11.832497Z,general,tablet,1002405,1002405,
LIVEASY,Unit,,12,,,3004,64.69,,1,1,96.68,Unit,true,ITCH PROTECT PLUS CREAM 20,2026-07-14T07:55:03.022Z,general,others,1002407,1002407,
LEEFORD,Strip,minodes 10,12,LEEFORD,false,3004,140.63,,1,10,29.4,Tablet,true,MINODES 10,2026-07-15T11:46:05.163Z,general,tablet,1002409,1002409,
KEPLER,Unit,,18,,,3009,282.08,,1,1,215,Unit,true,GLAMBAK GEL 20GM,2026-07-14T07:55:03.022Z,general,others,1002413,1002413,
CENTAUR,Unit,,12,,,3004,156.63,,1,1,111.88,Unit,true,SINAREST AF SYRUP 75,2026-07-14T07:54:54.580Z,general,others,1002417,1002417,
-BLANK-,Unit,,0,,,BLANK,55,,1,1,18,Unit,true,SANITIZER SPRAY 100ML,2026-07-14T07:54:44.690Z,general,others,1002419,1002419,
CENTAUR,Unit,,5,,,3002,92.68,,1,1,66.2,Unit,true,SINAREST AF DROP 15ML,2026-07-14T07:54:54.580Z,general,others,1002423,1002423,
SYSTOPICS,Unit,,5,,,3002,140,,1,1,106.67,Unit,true,TOPISAL 6% OINTMENT 30GM,2026-07-14T07:55:10.883Z,general,others,1002425,1002425,
CADILA,Strip,aten 25 14,12,CADILA,false,3004,30.65,Atenolol,1,14,21.89,Tablet,true,ATEN 25 14,2026-07-15T02:20:56.278096Z,general,tablet,1002428,1002428,
CADILA,Strip,aten 50 mg 14,12,CADILA,false,3004,35.2,Atenolol,1,14,26.82,Tablet,true,ATEN 50 MG 14,2026-07-15T02:21:57.411184Z,general,tablet,1002429,1002429,
-BLANK-,Strip,sitcon tab 7,12,-BLANK-,false,3004,386.65,,1,7,276.18,Tablet,true,SITCON TAB 7,2026-07-15T04:29:23.072Z,general,tablet,1002430,1002430,
-BLANK-,Strip,sn 15  tab 10,12,-BLANK-,false,3004,109.69,,1,10,83.66,Tablet,true,SN 15  TAB 10,2026-07-15T04:29:35.196Z,general,tablet,1002431,1002431,
DR. REDDY'S,Strip,rozat ez 20 tab,12,DR. REDDY'S,false,3004,310,,1,10,221.43,Tablet,true,ROZAT EZ 20 TAB,2026-07-15T14:34:01.622Z,general,tablet,1002432,1002432,
AJANTA,Strip,priux nt tab 10,12,AJANTA,false,3004,179.53,,1,10,30,Tablet,true,PRIUX NT TAB 10,2026-07-15T03:53:40.883Z,general,tablet,1002434,1002434,
MANKIND,Strip,clonafit plus tablet 10,12,MANKIND,false,3004,154.69,,1,10,117.86,Tablet,true,CLONAFIT PLUS TABLET 10,2026-07-14T11:15:45.912Z,general,tablet,1002435,1002435,
ZANDU,Unit,,5,,,3002,334,,1,1,264.98,Unit,true,ZANDU SATAVAREX POWDER 210GM,2026-07-14T07:55:10.883Z,general,others,1002436,1002436,
-BLANK-,Unit,,0,,,BLANK,65,,1,1,58,Unit,true,FAIR & LOVELY CREAM 50GM,2026-07-14T07:54:40.148Z,general,others,1002439,1002439,
MACLEODS,Unit,,5,,,3002,211,,1,1,160.97,Unit,true,THYROX 88MG 120,2026-07-14T07:55:03.022Z,general,others,1002441,1002441,
-BLANK-,Unit,,12,,,3004,124.88,,1,1,62.5,Unit,true,BUDURE 0.5MG 2ML 5,2026-07-14T07:54:40.148Z,general,others,1002443,1002443,
-BLANK-,Unit,,5,,,3002,129,,1,1,97.95,Unit,true,DUOLIN 3MG 3ML 5,2026-07-14T07:54:40.148Z,general,others,1002444,1002444,
ABOTT,Unit,,5,,,3002,188,,1,1,143.12,Unit,true,THYRONORM 37.5MG 120,2026-07-14T07:54:48.503Z,general,others,1002445,1002445,
-BLANK-,Unit,,5,,,3002,1942,,1,1,1560.51,Unit,true,TRISIBA INJ 1,2026-07-14T07:54:48.503Z,general,others,1002449,1002449,
BLUE CROSE,Strip,meftal forte 10,12,BLUE CROSE,false,3004,46,,1,10,32.86,Tablet,true,MEFTAL FORTE 10,2026-07-15T11:38:49.607Z,general,tablet,1002450,1002450,
ACCU CHEK,Unit,,0,,,BLANK,1190,,1,1,750,Unit,true,ACCU CHEK ACTIVE TEST STRIPS 50,2026-07-14T07:54:48.503Z,general,others,1002453,1002453,
-BLANK-,Unit,,5,,,3002,142,,1,1,57.14,Unit,true,THERMOMETER .,2026-07-14T07:54:48.503Z,general,others,1002455,1002455,
-BLANK-,Unit,,18,,,3009,315.89,,1,1,67.8,Unit,true,BOMBAY DEO 150ML,2026-07-14T07:54:40.148Z,general,others,1002457,1002457,
ABOTT,Strip,almox 500 tab 15,5,ABOTT,false,3002,117.85,Amoxicillin,1,15,40.45,Tablet,true,ALMOX 500 TAB 15,2026-07-15T02:03:00.513906Z,general,tablet,1002458,1002458,
CIPLA,Unit,,12,,,3004,110.47,,1,1,64,Unit,true,OMNI SPRAY 20GM,2026-07-14T07:54:54.580Z,general,others,1002459,1002459,
CIPLA,Unit,,5,,,3002,158.84,,1,1,72.5,Unit,true,OMNI SPRAY 35GM,2026-07-14T07:54:54.580Z,general,others,1002460,1002460,
-BLANK-,Unit,,12,,,3004,85,,1,1,68.76,Unit,true,SUTHOL SPRAY 100ML,2026-07-14T07:54:48.503Z,general,others,1002462,1002462,
MANKIND,Unit,,12,,,3004,43.8,,1,1,31.31,Unit,true,D3 MUST DROP 15ML,2026-07-14T07:55:06.900Z,general,others,1002464,1002464,
LEEFORD,Unit,,12,,,3004,103.13,,1,1,30,Unit,true,ITROMED OC CREAM 15GM,2026-07-14T07:55:03.022Z,general,others,1002466,1002466,
LEEFORD,Unit,,12,,,3004,79.69,,1,1,20,Unit,true,KETOSCALP CREAM 15GM,2026-07-14T07:55:03.022Z,general,others,1002467,1002467,
HIMALAYA,Unit,,0,,,BLANK,2.5,,1,1,1.52,Unit,true,KOFLET LOZENGES 1,2026-07-14T07:55:03.022Z,general,others,1002471,1002471,
INTAS,Unit,ecotears e/d 10ml,12,INTAS,false,3004,82.31,,1,1,62.72,Unit,true,ECOTEARS E/D 10ML,2026-07-15T10:11:16.518631Z,general,others,1002473,1002473,
TORRENT,Strip,esperal 250mg,12,TORRENT,false,3004,44.89,,1,10,34.14,Tablet,true,ESPERAL 250MG,2026-07-15T10:19:55.841820Z,general,tablet,1002475,1002475,
ABOTT,Unit,,12,,,3004,382.5,,1,1,304.41,Unit,true,DUPHALC BULK SYRUP 160ML,2026-07-14T07:54:48.503Z,general,others,1002477,1002477,
-BLANK-,Unit,,0,,,BLANK,54,,1,1,49,Unit,true,VESELINE CREAM 20GM,2026-07-14T07:54:48.503Z,general,others,1002483,1002483,
-BLANK-,Unit,,0,,,BLANK,10,,1,1,8.25,Unit,true,VASELINE 12GM 12GM,2026-07-14T07:54:48.503Z,general,others,1002484,1002484,
-BLANK-,Unit,,0,,,BLANK,30,,1,1,17,Unit,true,MANFORCE STRABERRY 3,2026-07-14T07:54:44.690Z,general,others,1002486,1002486,
-BLANK-,Unit,,0,,,BLANK,181,,1,1,113.12,Unit,true,DUREX REAL FEEL CONDOM 1*3,2026-07-14T07:54:40.148Z,general,others,1002488,1002488,
-BLANK-,Unit,,12,,,3004,148.13,,1,1,112.87,Unit,true,SENSODENT KF 125GM,2026-07-14T07:54:48.503Z,general,others,1002490,1002490,
-BLANK-,Unit,,12,,,3004,150,,1,1,114.3,Unit,true,SENSODENT K 120GM,2026-07-14T07:54:48.503Z,general,others,1002492,1002492,
-BLANK-,Unit,,5,,,3002,51,,1,1,14.71,Unit,true,DERMI 5 CREAM 15GM,2026-07-14T07:54:40.148Z,general,others,1002494,1002494,
-BLANK-,Strip,calbris xt 10tb,18,-BLANK-,false,3009,177.08,,1,10,134.91,Tablet,true,CALBRIS XT 10TB,2026-07-15T03:11:42.123849Z,general,tablet,1002496,1002496,
-BLANK-,Strip,horcoxia 90,12,-BLANK-,false,3004,112.5,,1,10,85.71,Tablet,true,HORCOXIA 90,2026-07-15T11:09:23.142946Z,general,tablet,1002500,1002500,
-BLANK-,Unit,,0,,,BLANK,900,,1,1,320,Unit,true,ALL CARES 1,2026-07-14T07:54:40.148Z,general,others,1002502,1002502,
GSK,Unit,,5,,,3002,48.25,,1,1,34.46,Unit,true,BETNOVATE S OINT 20GM 20GM,2026-07-14T07:54:59.078Z,general,others,1002506,1002506,
TORRENT,Strip,regertrone cr 10mg,5,TORRENT,false,3002,253.75,,1,10,193.33,Tablet,true,REGERTRONE CR 10MG,2026-07-15T14:20:32.204Z,general,tablet,1002507,1002507,
TORRENT,Strip,regestrone cr 15 mg,12,TORRENT,false,3004,144,,1,5,93.64,Tablet,true,REGESTRONE CR 15 MG,2026-07-15T14:20:55.667Z,general,tablet,1002508,1002508,
INTAS,Strip,amtas 5mg tablet 30,12,INTAS,false,3004,84,,1,30,60,Tablet,true,AMTAS 5MG TABLET 30,2026-07-14T09:17:41.176Z,general,tablet,1002515,1002515,
CIPLA,Unit,,12,,,3004,7.77,,1,1,5.55,Unit,true,ASTHALIN 2.5 AMPOULE RESPULES 2.5ML,2026-07-14T07:54:54.580Z,general,others,1002518,1002518,
CIPLA,Unit,,12,,,3004,6.94,,1,1,5.03,Unit,true,IPRAVENT AMPOULE 2ML RESPULES 2ML,2026-07-14T07:54:54.580Z,general,others,1002520,1002520,
TORRENT,Unit,,5,,,3002,149.06,,1,1,57.14,Unit,true,MEDISALIC OINTMENT 20GM,2026-07-14T07:55:10.883Z,general,others,1002522,1002522,
-BLANK-,Unit,,12,,,3004,138,,1,1,98.57,Unit,true,PULMOCLEAR SYRUP 100ML,2026-07-14T07:54:44.690Z,general,others,1002523,1002523,
DR. REDDY'S,Strip,voveran d tablet 10,5,DR. REDDY'S,false,3002,21.74,,1,10,16.56,Tablet,true,VOVERAN D TABLET 10,2026-07-15T04:39:11.833Z,general,tablet,1002524,1002524,
ZYDUS,Unit,,12,,,3004,35.59,,1,1,27.11,Unit,true,XYLOCAINE 2% JELLY 30GM,2026-07-14T07:55:10.883Z,general,others,1002527,1002527,
CIPLA,Strip,tofajak tablet,12,CIPLA,false,3004,187.5,,1,10,142.86,Tablet,true,TOFAJAK TABLET,2026-07-15T15:43:26.530Z,general,tablet,1002529,1002529,
RAPTABRET,Unit,zytee l mouth gel 10ml,12,RAPTABRET,false,3004,114.38,,1,1,87.14,Unit,true,ZYTEE L MOUTH GEL 10ML,2026-07-15T04:41:14.567Z,general,others,1002532,1002532,
RAPTABRET,Unit,,12,,,3004,110.63,,1,1,84.29,Unit,true,ZYTEE RB MOUTH GEL 10ML,2026-07-14T07:55:06.900Z,general,others,1002533,1002533,
ABOTT,Unit,,12,,,3004,309.38,,1,1,235.71,Unit,true,FIDONAL CREAM 30GM,2026-07-14T07:54:48.503Z,general,others,1002535,1002535,
SUN PHARMA,Unit,,5,,,3002,203,,1,1,145,Unit,true,FENTIN CAPSULES 1,2026-07-14T07:55:10.883Z,general,others,1002536,1002536,
-BLANK-,Unit,,12,,,3004,187.5,,1,1,142.86,Unit,true,ESAVASONE LOTION 50ML,2026-07-14T07:54:40.148Z,general,others,1002537,1002537,
-BLANK-,Unit,,12,,,3004,35,,1,1,8,Unit,true,ELBIOVIT INJECTION 2ML,2026-07-14T07:54:40.148Z,general,others,1002539,1002539,
-BLANK-,Strip,napaspeed 250mg 10,12,-BLANK-,false,3004,73.13,,1,10,20.95,Tablet,true,NAPASPEED 250MG 10,2026-07-15T11:52:52.458Z,general,tablet,1002540,1002540,
-BLANK-,Strip,napaspeed 500mg 10,12,-BLANK-,false,3004,93.75,,1,10,38.6,Tablet,true,NAPASPEED 500MG 10,2026-07-15T11:53:07.320Z,general,tablet,1002541,1002541,
MACLEODS,Strip,it mac 100,5,MACLEODS,false,3002,141.11,,1,10,107.51,Capsule,true,IT MAC 100,2026-07-15T11:13:03.479964Z,general,capsule,1002547,1002547,
-BLANK-,Unit,,12,,,3004,140.63,,1,1,107.26,Unit,true,SUCRAL MU CREAM 5GM,2026-07-14T07:54:48.503Z,general,others,1002548,1002548,
McW HEALTHCARE,Strip,oraflora tablet,5,McW HEALTHCARE,false,3002,47.6,,1,10,34,Tablet,true,ORAFLORA TABLET,2026-07-15T13:02:40.580Z,general,tablet,1002549,1002549,
PIRAMAL,Unit,,12,,,3004,60,,1,1,42.91,Unit,true,I-CAN 1,2026-07-14T07:55:06.900Z,general,others,1002551,1002551,
ARISTRO,Unit,,5,,,3002,136,,1,1,103.57,Unit,true,MEGAHEAL CREAM 15GM,2026-07-14T07:54:54.580Z,general,others,1002554,1002554,
GLENMARK,Strip,candid v3 tablet 3,12,GLENMARK,false,3004,79.69,,1,3,60,Capsule,true,CANDID V3 TABLET 3,2026-07-14T09:30:35.957Z,general,capsule,1002556,1002556,
-BLANK-,Unit,,0,,,BLANK,490,,1,1,390,Unit,true,VASELINE LOTION 400ML,2026-07-14T07:54:48.503Z,general,others,1002558,1002558,
-BLANK-,Unit,,0,,,BLANK,260,,1,1,230,Unit,true,PERASHUT OIL COCONUT 400ML,2026-07-14T07:54:44.690Z,general,others,1002559,1002559,
MANFORCE,Unit,,0,,,BLANK,99,,1,1,50,Unit,true,MANFORCE CHOCOLATE CONDOM 99 10*1,2026-07-14T07:55:06.900Z,general,others,1002562,1002562,
ABOTT,Unit,,12,,,3004,219.36,,1,1,167.13,Unit,true,LOBATE S OINMEN 30GM,2026-07-14T07:54:48.503Z,general,others,1002571,1002571,
CENTAUR,Strip,sprintas 100mg tablet 5,5,CENTAUR,false,3002,541.34,,1,5,412.45,Tablet,true,SPRINTAS 100MG TABLET 5,2026-07-15T15:02:35.095Z,general,tablet,1002573,1002573,
-BLANK-,Unit,,12,,,3004,230,,1,1,164.29,Unit,true,ZITCARE S 1% GEL 20GM,2026-07-14T07:54:48.503Z,general,others,1002574,1002574,
-BLANK-,Unit,,12,,,3004,149,,1,1,99.28,Unit,true,ARITOP0.025% GEL 20GM,2026-07-14T07:54:40.148Z,general,others,1002576,1002576,
-BLANK-,Unit,,12,,,3004,107.81,,1,1,90,Unit,true,CUTICARE CREAM 15GM,2026-07-14T07:54:40.148Z,general,others,1002578,1002578,
ALEMBIC,Unit,,12,,,3004,839.06,,1,1,810,Unit,true,ORYZA SKIN MOISTURISER 50GM,2026-07-14T07:54:48.503Z,general,others,1002579,1002579,
ERIS,Unit,,12,,,3004,54.03,,1,1,38.9,Unit,true,MAXFORMIN 750 15,2026-07-14T07:54:59.078Z,general,others,1002581,1002581,
-BLANK-,Unit,,0,,,BLANK,65,,1,1,50,Unit,true,JURI TAP 1,2026-07-14T07:54:44.690Z,general,others,1002583,1002583,
-BLANK-,Unit,,18,,,3009,685.17,,1,1,593.81,Unit,true,PEDIASURE VANILA 400GM,2026-07-14T07:54:44.690Z,general,others,1002586,1002586,
-BLANK-,Unit,,18,,,3009,8.9,,1,1,7.62,Unit,true,VESELINE LOTION 20ML,2026-07-14T07:54:48.503Z,general,others,1002587,1002587,
-BLANK-,Unit,,18,,,3009,600,,1,1,462.71,Unit,true,SIMILAC 3STAGE 400GM,2026-07-14T07:54:48.503Z,general,others,1002588,1002588,
-BLANK-,Unit,,12,,,3004,510,,1,1,0,Unit,true,DR VEDAS NERVINE SYRUP 450ML,2026-07-14T07:54:40.148Z,general,others,1002590,1002590,
-BLANK-,Unit,,12,,,3004,0,,1,1,0,Unit,true,SCITICA CAPSUL 30,2026-07-14T07:54:44.690Z,general,others,1002591,1002591,
-BLANK-,Strip,nervine capsul 30,12,-BLANK-,false,3004,0,,1,30,0,Capsule,true,NERVINE CAPSUL 30,2026-07-15T11:59:28.834Z,general,capsule,1002592,1002592,
-BLANK-,Unit,,12,,,3004,0,,1,1,0,Unit,true,REHUMA GOLD 200GM,2026-07-14T07:54:44.690Z,general,others,1002593,1002593,
-BLANK-,Unit,,12,,,3004,0,,1,1,0,Unit,true,SCITICA MALT 400,2026-07-14T07:54:44.690Z,general,others,1002594,1002594,
-BLANK-,Unit,,12,,,3004,0,,1,1,0,Unit,true,AG 3 CAP 1,2026-07-14T07:54:40.148Z,general,others,1002595,1002595,
-BLANK-,Unit,,12,,,3004,356.25,,1,1,0,Unit,true,SCLATICA 120ML,2026-07-14T07:54:44.690Z,general,others,1002596,1002596,
GLAXOSMITHKLIN,Unit,,5,,,3002,183.32,,1,1,139.67,Unit,true,ELTROXIN 75MCG 120,2026-07-14T07:54:59.078Z,general,others,1002598,1002598,
ABOTT,Unit,,12,,,3004,581.48,,1,1,443.04,Unit,true,NEO MARCAZOLE 1OMG 130,2026-07-14T07:54:48.503Z,general,others,1002600,1002600,
ABOTT,Unit,,12,,,3004,298.43,,1,1,227.38,Unit,true,NEO MARCAZOLE 5MG 130,2026-07-14T07:54:48.503Z,general,others,1002601,1002601,
LUPIN LIFE,Strip,lipocut 120mg 10,12,LUPIN LIFE,false,3004,828.42,,1,10,595.4,Tablet,true,LIPOCUT 120MG 10,2026-07-15T11:20:15.614679Z,general,tablet,1002605,1002605,
-BLANK-,Unit,,12,,,3004,32.81,,1,1,19.65,Unit,true,COFSILS DROP 10,2026-07-14T07:54:40.148Z,general,others,1002607,1002607,
DR. MOREPEN,Strip,tls-ct,12,DR. MOREPEN,false,3004,124.69,,1,10,16,Tablet,true,TLS-CT,2026-07-15T15:43:12.512Z,general,tablet,1002608,1002608,
-BLANK-,Unit,,0,,,BLANK,250,,1,1,60,Unit,true,MEDIGRIP BANDAGE 100,2026-07-14T07:54:44.690Z,general,others,1002610,1002610,
-BLANK-,Unit,,0,,,BLANK,10,,1,1,7.5,Unit,true,MAMY POKO PANTS S SINGLE 1,2026-07-14T07:54:44.690Z,general,others,1002612,1002612,
-BLANK-,Unit,,0,,,BLANK,14,,1,1,9.97,Unit,true,MAMY POKO PANTS L SINGLE 1,2026-07-14T07:54:44.690Z,general,others,1002613,1002613,
-BLANK-,Unit,,5,,,3002,236,,1,1,180,Unit,true,THROMBOPHOB 20GM,2026-07-14T07:54:48.503Z,general,others,1002621,1002621,
-BLANK-,Strip,cefate o tablet 10,12,-BLANK-,false,3004,162,,1,10,65,Tablet,true,CEFATE O TABLET 10,2026-07-14T09:31:13.995Z,general,tablet,1002624,1002624,
-BLANK-,Unit,,12,,,3004,215.63,,1,1,83,Unit,true,SUMO SPRAY 75 GM 75GM,2026-07-14T07:54:48.503Z,general,others,1002627,1002627,
-BLANK-,Unit,,5,,,3002,129.7,,1,1,98.82,Unit,true,AEROCORT 60,2026-07-14T07:54:40.148Z,general,others,1002629,1002629,
-BLANK-,Unit,,5,,,3002,130.59,,1,1,99.5,Unit,true,AEROCORT FORTE ROTACAP 30,2026-07-14T07:54:40.148Z,general,others,1002630,1002630,
USV,Strip,doxy 1 ldr,5,USV,false,3002,113.2,,1,10,86.25,Tablet,true,DOXY 1 LDR,2026-07-15T09:56:03.310990Z,general,tablet,1002632,1002632,
-BLANK-,Unit,,5,,,3002,206.34,,1,1,157.21,Unit,true,CEFTUM 250 4,2026-07-14T07:54:40.148Z,general,others,1002634,1002634,
-BLANK-,Unit,,5,,,3002,109.69,,1,1,83.57,Unit,true,ASCORIL D JUNIOR SYRUP 60ML,2026-07-14T07:54:40.148Z,general,others,1002636,1002636,
-BLANK-,Strip,tus q dx dt,5,-BLANK-,false,3002,56.25,,1,10,42.86,Tablet,true,TUS Q DX DT,2026-07-15T15:48:35.090Z,general,tablet,1002638,1002638,
-BLANK-,Unit,,12,,,3004,75.11,,1,1,57.23,Unit,true,FORACORT 0.5 RESPULES 5,2026-07-14T07:54:40.148Z,general,others,1002640,1002640,
ABOTT,Strip,calaptin 40,12,ABOTT,false,3004,27.08,,1,30,20.66,Tablet,true,CALAPTIN 40,2026-07-15T03:11:23.532405Z,general,tablet,1002642,1002642,
ALKEM,Strip,swich 200 dt,12,ALKEM,false,3004,220,,1,10,157.16,Tablet,true,SWICH 200 DT,2026-07-15T15:24:29.414Z,general,tablet,1002644,1002644,
GLAXOSMITHKLIN,Unit,,12,,,3004,29.53,,1,1,22.51,Unit,true,CETZINE 15,2026-07-14T07:54:59.078Z,general,others,1002646,1002646,
MACLEODS,Strip,macpred 16 10,12,MACLEODS,false,3004,103.93,,1,10,79.27,Tablet,true,MACPRED 16 10,2026-07-15T11:35:30.372Z,general,tablet,1002648,1002648,
MANKIND,Strip,hicope 25,12,MANKIND,false,3004,74.67,,1,15,59.9,Tablet,true,HICOPE 25,2026-07-15T11:07:28.272758Z,general,tablet,1002650,1002650,
TROIKAA,Strip,xykaa mr 4,5,TROIKAA,false,3002,226.77,,1,10,172.78,Tablet,true,XYKAA MR 4,2026-07-15T16:02:39.335Z,general,tablet,1002651,1002651,
TROIKAA,Unit,,0,,,BLANK,3.5,,1,1,0,Unit,true,LANCETS 1,2026-07-14T07:55:10.883Z,general,others,1002653,1002653,
TROIKAA,Unit,,0,,,BLANK,271.88,,1,1,207.14,Unit,true,LACTIFIBER GRANULES 90 GM,2026-07-14T07:55:10.883Z,general,others,1002655,1002655,
-BLANK-,Strip,pan 40,12,-BLANK-,false,3004,159.38,,1,15,121.43,Tablet,true,PAN 40,2026-07-15T13:20:53.467Z,general,tablet,1002657,1002657,
INTAS,Unit,,5,,,3002,333.5,,1,1,285.72,Unit,true,MILDY AHF SHAMPOO 100ML,2026-07-14T07:55:03.022Z,general,others,1002660,1002660,
-BLANK-,Unit,,0,,,BLANK,30,,1,1,15,Unit,true,SKORE BLUES 3,2026-07-14T07:54:48.503Z,general,others,1002663,1002663,
FDC,Unit,,12,,,3004,80.81,,1,1,61.57,Unit,true,ZIFI DROP 10ML,2026-07-14T07:54:59.078Z,general,others,1002667,1002667,
-BLANK-,Strip,zinconiv tablet 10,5,-BLANK-,false,3002,107.67,,1,10,82.03,Tablet,true,ZINCONIV TABLET 10,2026-07-15T04:41:04.819Z,general,tablet,1002670,1002670,
-BLANK-,Strip,lomocare table 10,12,-BLANK-,false,3004,21.38,,1,10,2,Tablet,true,LOMOCARE TABLE 10,2026-07-14T11:53:59.159Z,general,tablet,1002672,1002672,
-BLANK-,Unit,,0,,,BLANK,115,,1,1,98.7,Unit,true,WHISPER REGULAR 115 16,2026-07-14T07:54:48.503Z,general,others,1002674,1002674,
-BLANK-,Unit,,0,,,BLANK,70,,1,1,63,Unit,true,PATNJALI SANUDARYA F.W 60ML,2026-07-14T07:54:44.690Z,general,others,1002676,1002676,
-BLANK-,Unit,,0,,,BLANK,45,,1,1,35.76,Unit,true,VICKSRUB 10ML,2026-07-14T07:54:48.503Z,general,others,1002679,1002679,
BAYER,Strip,xarelto 20mg tablet,12,BAYER,false,3004,2055,,1,14,782.9,Tablet,true,XARELTO 20MG TABLET,2026-07-15T16:01:57.794Z,general,tablet,1002681,1002681,
IPCA,Strip,flovas 20mg tablet,12,IPCA,false,3004,396.75,,1,14,302.29,Tablet,true,FLOVAS 20MG TABLET,2026-07-15T10:30:22.053978Z,general,tablet,1002683,1002683,
TORRENT,Strip,veloz fast 20mg,12,TORRENT,false,3004,136.41,,1,10,103.93,Capsule,true,VELOZ FAST 20MG,2026-07-15T15:54:41.658Z,general,capsule,1002684,1002684,
-BLANK-,Strip,gluconorm pg 2,12,-BLANK-,false,3004,344.06,,1,15,350,Tablet,true,GLUCONORM PG 2,2026-07-15T10:44:22.559791Z,general,tablet,1002686,1002686,
-BLANK-,Unit,,12,,,3004,143.24,,1,1,108.52,Unit,true,HERPIKIND OINTMENT 10GM,2026-07-14T07:54:44.690Z,general,others,1002688,1002688,
-BLANK-,Unit,,12,,,3004,108.75,,1,1,12.5,Unit,true,KUFFDRYL SYRUP 100ML,2026-07-14T07:54:44.690Z,general,others,1002691,1002691,
-BLANK-,Unit,,12,,,3004,112.5,,1,1,18,Unit,true,CODODEX SYRUP 100ML,2026-07-14T07:54:40.148Z,general,others,1002692,1002692,
-BLANK-,Unit,,0,,,BLANK,240,,1,1,60,Unit,true,QRARA MENS CHARCOAL FACEWASH,2026-07-14T07:54:44.690Z,general,others,1002696,1002696,
SUN PHARMA,Strip,pramipex 0.25,12,SUN PHARMA,false,3004,103.68,,1,10,74.06,Tablet,true,PRAMIPEX 0.25,2026-07-15T14:02:30.864Z,general,tablet,1002700,1002700,
USV,Strip,jalra od 100,12,USV,false,3004,232.25,,1,10,165.9,Tablet,true,JALRA OD 100,2026-07-15T11:14:19.913813Z,general,tablet,1002702,1002702,
LEEFORD,Unit,,12,,,3004,65.63,,1,1,22,Unit,true,RECOPRESS 500 610,2026-07-14T07:55:03.022Z,general,others,1002706,1002706,
ABOTT,Strip,calaptin sr 120,5,ABOTT,false,3002,95.8,,1,15,73.04,Tablet,true,CALAPTIN SR 120,2026-07-15T03:11:30.426603Z,general,tablet,1002708,1002708,
CIPLA,Strip,eplerite 25,12,CIPLA,false,3004,198,,1,10,141.43,Tablet,true,EPLERITE 25,2026-07-15T10:17:38.804020Z,general,tablet,1002710,1002710,
EMCURE PHARMA,Strip,metpure xl 25 10,5,EMCURE PHARMA,false,3002,152.15,,1,10,115.92,Tablet,true,METPURE XL 25 10,2026-07-15T11:44:27.795Z,general,tablet,1002711,1002711,
TYNOR,Unit,,0,,,BLANK,2155,,1,1,1290,Unit,true,TYNOR MEDICAL COMPRESSION L 1,2026-07-14T07:55:10.883Z,general,others,1002713,1002713,
JOHNSON'S BABY,Unit,,0,,,BLANK,70,,1,1,62,Unit,true,JOHNSON BABY SHAMPOO 50ML,2026-07-14T07:55:03.022Z,general,others,1002715,1002715,
ZYDUS,Unit,,5,,,3002,72.98,,1,1,55.6,Unit,true,NASOCLEAR 20ML,2026-07-14T07:55:10.883Z,general,others,1002717,1002717,
-BLANK-,Unit,,12,,,3004,199,,1,1,142.16,Unit,true,VICK VPORUB 50ML,2026-07-14T07:54:48.503Z,general,others,1002719,1002719,
MANFORCE,Unit,,0,,,BLANK,80,,1,1,64,Unit,true,MANFORCE EPIC CONDOM 99 3,2026-07-14T07:55:06.900Z,general,others,1002722,1002722,
-BLANK-,Unit,,0,,,BLANK,40,,1,1,32,Unit,true,MANFORCE OVERTIME 3,2026-07-14T07:54:44.690Z,general,others,1002724,1002724,
ZYDUS,Unit,,12,,,3004,64.28,,1,1,45.91,Unit,true,OCID 20CAP 20,2026-07-14T07:55:10.883Z,general,others,1002726,1002726,
LEEFORD,Unit,,5,,,3002,150,,1,1,32.38,Unit,true,ELOSONE HT CREAM 15GM,2026-07-14T07:55:03.022Z,general,others,1002728,1002728,
-BLANK-,Strip,trapic mf tablet 10,12,-BLANK-,false,3004,417.19,,1,10,317.9,Tablet,true,TRAPIC MF TABLET 10,2026-07-15T04:32:52.714Z,general,tablet,1002730,1002730,
-BLANK-,Unit,,0,,,BLANK,37,,1,1,23.33,Unit,true,PARUSH JIVAN 10,2026-07-14T07:54:44.690Z,general,others,1002732,1002732,
-BLANK-,Unit,,0,,,BLANK,32,,1,1,23.33,Unit,true,PERFECT CAPSULE 10,2026-07-14T07:54:44.690Z,general,others,1002733,1002733,
CIPLA,Strip,rabesec dsr,5,CIPLA,false,3002,177.15,,1,10,25,Capsule,true,RABESEC DSR,2026-07-15T14:14:54.951Z,general,capsule,1002735,1002735,
ERIS,Strip,laxorelax,12,ERIS,false,3004,11.25,,1,10,6,Tablet,true,LAXORELAX,2026-07-15T11:16:36.005128Z,general,tablet,1002736,1002736,
PFIZER,Strip,ovral g 20,12,PFIZER,false,3004,322.12,,1,20,245.42,Tablet,true,OVRAL G 20,2026-07-15T13:12:11.920Z,general,tablet,1002738,1002738,
-BLANK-,Unit,,12,,,3004,79.69,,1,1,34,Unit,true,OMNI GEL 15GM,2026-07-14T07:54:44.690Z,general,others,1002740,1002740,
ABOTT,Strip,cremaffin fresh tablet 10,12,ABOTT,false,3004,13,,1,10,9.32,Tablet,true,CREMAFFIN FRESH TABLET 10,2026-07-14T11:17:20.900Z,general,tablet,1002742,1002742,
EMCURE PHARMA,Unit,,5,,,3002,705.41,,1,1,543.16,Unit,true,LOMOH 0.6ML INJECTION 1,2026-07-14T07:54:59.078Z,general,others,1002746,1002746,
MANKIND,Strip,nobel spas tab 10,12,MANKIND,false,3004,80.95,,1,10,61.99,Tablet,true,NOBEL SPAS TAB 10,2026-07-14T11:57:23.083Z,general,tablet,1002748,1002748,
MANKIND,Strip,dydroboon,12,MANKIND,false,3004,608.44,,1,10,463.6,Tablet,true,DYDROBOON,2026-07-15T10:04:31.262661Z,general,tablet,1002750,1002750,
ABOTT,Strip,tresmox lb d,12,ABOTT,false,3004,174.46,,1,10,132.92,Tablet,true,TRESMOX LB D,2026-07-15T15:46:39.980Z,general,tablet,1002752,1002752,
COLGATE,Unit,,0,,,BLANK,10,,1,1,8.75,Unit,true,COLGATE 10GM,2026-07-14T07:54:54.580Z,general,others,1002756,1002756,
COLGATE,Unit,,0,,,BLANK,20,,1,1,17.5,Unit,true,COLGATE 20GM,2026-07-14T07:54:54.580Z,general,others,1002757,1002757,
-BLANK-,Unit,,0,,,BLANK,10,,1,1,7.2,Unit,true,BRUSH CHILD 1,2026-07-14T07:54:40.148Z,general,others,1002759,1002759,
-BLANK-,Unit,,0,,,BLANK,123,,1,1,109.82,Unit,true,STAYFREE XL 18,2026-07-14T07:54:48.503Z,general,others,1002761,1002761,
SUN PHARMA,Unit,,5,,,3002,151,,1,1,106.43,Unit,true,CANSOFT CL 3,2026-07-14T07:55:10.883Z,general,others,1002765,1002765,
MANKIND,Unit,,12,,,3004,232.22,,1,1,176.93,Unit,true,CANDIFORCE 200MG 10,2026-07-14T07:55:06.900Z,general,others,1002767,1002767,
GLAXOSMITHKLIN,Unit,,5,,,3002,131.6,,1,1,93.58,Unit,true,NEOSPORIN OINT 10GM,2026-07-14T07:54:59.078Z,general,others,1002769,1002769,
GLAXOSMITHKLIN,Unit,,12,,,3004,97.45,,1,1,74.26,Unit,true,NEOSPORIN POWDER 20GM,2026-07-14T07:54:59.078Z,general,others,1002770,1002770,
HIMALAYA,Strip,partysmart 5,12,HIMALAYA,false,3004,112,,1,5,76,Tablet,true,PARTYSMART 5,2026-07-15T13:55:35.239Z,general,tablet,1002772,1002772,
-BLANK-,Unit,,12,,,3004,246.56,,1,1,0,Unit,true,NO SCAR 20,2026-07-14T07:54:44.690Z,general,others,1002775,1002775,
MANKIND,Strip,doxykind lb,12,MANKIND,false,3004,107.77,,1,10,45,Tablet,true,DOXYKIND LB,2026-07-15T09:56:33.619856Z,general,tablet,1002777,1002777,
ERIS,Unit,,18,,,3009,57.97,,1,1,44.17,Unit,true,G 75 SACHET 81.5GM,2026-07-14T07:54:59.078Z,general,others,1002779,1002779,
KLM,Unit,,12,,,3004,194.06,,1,1,147.86,Unit,true,MFSUDIF CREAM 10GM,2026-07-14T07:55:03.022Z,general,others,1002781,1002781,
RANBAXY,Unit,,12,,,3004,98.44,,1,1,70.32,Unit,true,NIFTRAN 100MG 1,2026-07-14T07:55:06.900Z,general,others,1002783,1002783,
MANKIND,Strip,urikind 200mg tablet 10,5,MANKIND,false,3002,246.11,,1,10,159.81,Tablet,true,URIKIND 200MG TABLET 10,2026-07-15T04:37:47.328Z,general,tablet,1002784,1002784,
LUPIN LIFE,Unit,,12,,,3004,163.08,,1,1,124.25,Unit,true,LUPIRTIN P 10,2026-07-14T07:55:03.022Z,general,others,1002786,1002786,
-BLANK-,Strip,methylcobal 500 15,12,-BLANK-,false,3004,146.8,,1,15,104.86,Tablet,true,METHYLCOBAL 500 15,2026-07-15T11:43:59.014Z,general,tablet,1002788,1002788,
DR. REDDY'S,Unit,,12,,,3004,191.95,,1,1,146.25,Unit,true,ORDENT 10,2026-07-14T07:54:59.078Z,general,others,1002790,1002790,
CIPLA,Unit,,12,,,3004,84.4,,1,1,21,Unit,true,CIPLADIN POWDER 10GM,2026-07-14T07:54:54.580Z,general,others,1002793,1002793,
DR. REDDY'S,Unit,,12,,,3004,89.3,,1,1,68.05,Unit,true,METROHEX + GEL 10GM,2026-07-14T07:54:59.078Z,general,others,1002795,1002795,
ERIS,Strip,tayo total,5,ERIS,false,3002,247.27,,1,15,176.62,Tablet,true,TAYO TOTAL,2026-07-15T15:31:40.895Z,general,tablet,1002799,1002799,
LUPIN LIFE,Strip,solicept 5mg,12,LUPIN LIFE,false,3004,728.44,,1,15,555,Tablet,true,SOLICEPT 5MG,2026-07-15T14:57:33.133Z,general,tablet,1002803,1002803,
MANKIND,Strip,olmetime h 40 tab 10,12,MANKIND,false,3004,147.47,,1,10,112.36,Tablet,true,OLMETIME H 40 TAB 10,2026-07-14T11:57:59.587Z,general,tablet,1002806,1002806,
-BLANK-,Unit,,0,,,BLANK,145,,1,1,0,Unit,true,SCRUB CHARCOL 1,2026-07-14T07:54:44.690Z,general,others,1002808,1002808,
CIPLA,Strip,ciplox 0z,5,CIPLA,false,3002,140.81,,1,10,100.58,Tablet,true,CIPLOX 0Z,2026-07-15T09:25:46.036393Z,general,tablet,1002810,1002810,
MICROLABS,Unit,,12,,,3004,59.06,,1,1,45,Unit,true,DOLO MF 60,2026-07-14T07:55:06.900Z,general,others,1002812,1002812,
CIPLA,Strip,oflox oz,5,CIPLA,false,3002,200,,1,10,142.96,Tablet,true,OFLOX OZ,2026-07-15T12:49:12.373830Z,general,tablet,1002816,1002816,
GLAXOSMITHKLIN,Strip,betnesol forte,5,GLAXOSMITHKLIN,false,3002,28,Betamethasone,1,2,20.18,Tablet,true,BETNESOL FORTE,2026-07-15T03:00:52.249748Z,general,tablet,1002818,1002818,
GLAXOSMITHKLIN,Unit,,5,,,3002,45.7,,1,1,32.16,Unit,true,CALPOL 250 SUSPENSION 60ML,2026-07-14T07:54:59.078Z,general,others,1002820,1002820,
RECKITT,Unit,,5,,,3002,56,,1,1,44.44,Unit,true,MOOV COOL OINTMENT 10GM,2026-07-14T07:55:06.900Z,general,others,1002822,1002822,
GLENMARK,Unit,,5,,,3002,88.13,,1,1,67.14,Unit,true,ASCORIL LS DROP 15ML,2026-07-14T07:54:59.078Z,general,others,1002824,1002824,
RANBAXY,Unit,,12,,,3004,135,,1,1,102.86,Unit,true,KEFLOR DROP 10ML,2026-07-14T07:55:06.900Z,general,others,1002825,1002825,
-BLANK-,Unit,,5,,,3002,463,,1,1,352.76,Unit,true,TREHALUBE E/D 10ML,2026-07-14T07:54:48.503Z,general,others,1002826,1002826,
-BLANK-,Unit,,12,,,3004,298.69,,1,1,227.55,Unit,true,HYDROEYES-HS 0.1% 3ML,2026-07-14T07:54:44.690Z,general,others,1002827,1002827,
-BLANK-,Unit,,0,,,BLANK,48,,1,1,0,Unit,true,HAYEDROGEN 10ML,2026-07-14T07:54:44.690Z,general,others,1002832,1002832,
ABOTT,Unit,,12,,,3004,393.19,,1,1,299.57,Unit,true,ARACHITOL NANO 60K 5ML*4,2026-07-14T07:54:48.503Z,general,others,1002834,1002834,
HIMALAYA,Strip,himalaya ashwagandha tab 1,5,HIMALAYA,false,3002,260,,1,60,198.1,Tablet,true,HIMALAYA ASHWAGANDHA TAB 1,2026-07-14T11:47:39.314Z,general,tablet,1002835,1002835,
MANKIND,Strip,nurokind od 20,12,MANKIND,false,3004,205.7,,1,20,146.93,Tablet,true,NUROKIND OD 20,2026-07-15T12:43:11.765Z,general,tablet,1002837,1002837,
MANKIND,Strip,supracal tablet 15,5,MANKIND,false,3002,215,,1,15,153.57,Tablet,true,SUPRACAL TABLET 15,2026-07-15T04:31:13.117Z,general,tablet,1002839,1002839,
-BLANK-,Unit,,12,,,3004,22.35,,1,1,11,Unit,true,FEBRINIL INJECTION 3ML,2026-07-14T07:54:40.148Z,general,others,1002841,1002841,
SUN PHARMA,Unit,,12,,,3004,193.13,,1,1,147.14,Unit,true,LOTPRED E/D 5ML,2026-07-14T07:55:10.883Z,general,others,1002846,1002846,
SUN PHARMA,Unit,,12,,,3004,304.69,,1,1,232.14,Unit,true,SOHA EYE DROP 5ML,2026-07-14T07:55:10.883Z,general,others,1002847,1002847,
BOROPLUS,Unit,,0,,,BLANK,330,,1,1,119,Unit,true,BOROPLUS SOFT CREAM 200ML,2026-07-14T07:54:54.580Z,general,others,1002851,1002851,
HIMALAYA,Unit,,5,,,3002,220,,1,1,156.96,Unit,true,LIV 52 DS SYRUP 100ML,2026-07-14T07:55:03.022Z,general,others,1002853,1002853,
-BLANK-,Unit,,5,,,BLANK,85,,1,1,65,Unit,true,ISABGOL 50GM,2026-07-14T07:54:44.690Z,general,others,1002855,1002855,
FDC,Unit,,5,,,3002,71.5,,1,1,48.46,Unit,true,ENERZAL POWDER 100G,2026-07-14T07:54:59.078Z,general,others,1002857,1002857,
DETTOL,Unit,,0,,,BLANK,93,,1,1,82,Unit,true,DETTOL SHAVING CREAM,2026-07-14T07:54:59.078Z,general,others,1002860,1002860,
COLGATE,Unit,,0,,,BLANK,20,,1,1,11.66,Unit,true,COLGATE BRUSH 12,2026-07-14T07:54:54.580Z,general,others,1002862,1002862,
-BLANK-,Unit,,0,,,BLANK,180,,1,1,139.13,Unit,true,MOOV SPRAY 35GM,2026-07-14T07:54:44.690Z,general,others,1002868,1002868,
HIMALAYA,Unit,,0,,,BLANK,675,,1,1,405,Unit,true,HIMALAYA BABY KIT 1,2026-07-14T07:55:03.022Z,general,others,1002870,1002870,
HIMALAYA,Unit,,0,,,BLANK,140,,1,1,105,Unit,true,HIMALAYA OIL 100M,2026-07-14T07:55:03.022Z,general,others,1002877,1002877,
-BLANK-,Unit,,5,,,3002,42,,1,1,19.2,Unit,true,GLUCOSE C ORANGE 75+25 GM,2026-07-14T07:54:40.148Z,general,others,1002879,1002879,
-BLANK-,Unit,,5,,,3002,35,,1,1,16.75,Unit,true,GLUCOSE D PLAIN 75+25,2026-07-14T07:54:40.148Z,general,others,1002880,1002880,
NIVEA,Unit,,0,,,BLANK,495,,1,1,247.5,Unit,true,NIVEA BODY MILK LOTION 400ML,2026-07-14T07:55:06.900Z,general,others,1002883,1002883,
-BLANK-,Unit,,0,,,BLANK,290,,1,1,145,Unit,true,JOY BODY LOTION 300ML,2026-07-14T07:54:44.690Z,general,others,1002885,1002885,
GLAXOSMITHKLIN,Unit,,12,,,3004,196.91,,1,1,138.26,Unit,true,ELTROXIN 25 120,2026-07-14T07:54:59.078Z,general,others,1002887,1002887,
MACLEODS,Strip,trenexa mf tab 10,12,MACLEODS,false,3004,585.6,,1,10,380.29,Tablet,true,TRENEXA MF TAB 10,2026-07-15T04:33:04.441Z,general,tablet,1002891,1002891,
MEYER,Unit,,5,,,3002,65.5,,1,1,49.9,Unit,true,COLICAID DROP 15ML,2026-07-14T07:55:06.900Z,general,others,1002893,1002893,
-BLANK-,Unit,ors powder,5,-BLANK-,false,3002,20,,1,1,5,Unit,true,ORS POWDER,2026-07-15T13:09:17.501Z,general,others,1002895,1002895,
-BLANK-,Strip,isotroin 20mg,5,-BLANK-,false,3002,554,,1,10,395.92,Tablet,true,ISOTROIN 20MG,2026-07-15T11:12:06.627591Z,general,tablet,1002897,1002897,
-BLANK-,Strip,isotroin 5mg,12,-BLANK-,false,3004,130.65,,1,10,99.54,Tablet,true,ISOTROIN 5MG,2026-07-15T11:12:16.292597Z,general,tablet,1002898,1002898,
MANKIND,Unit,,18,,,3009,115.68,,1,1,88.14,Unit,true,CALAPURE LOTION 50ML,2026-07-14T07:55:06.900Z,general,others,1002900,1002900,
MANKIND,Unit,,12,,,3004,349.59,,1,1,266.37,Unit,true,CEFAKIND CV 10,2026-07-14T07:55:06.900Z,general,others,1002902,1002902,
ALKEM,Strip,taxim o 200,5,ALKEM,false,3002,111,,1,10,79.57,Tablet,true,TAXIM O 200,2026-07-15T15:31:09.845Z,general,tablet,1002904,1002904,
-BLANK-,Unit,,18,,,3009,430,,1,1,291.53,Unit,true,XEROLENE CREAM 50GM,2026-07-14T07:54:48.503Z,general,others,1002907,1002907,
-BLANK-,Unit,,0,,,BLANK,150,,1,1,150,Unit,true,SKYWORM SUSPENSTION 1,2026-07-14T07:54:48.503Z,general,others,1002909,1002909,
-BLANK-,Unit,,12,,,3004,128.44,,1,1,97.86,Unit,true,CATAGON EYE DROP 5ML,2026-07-14T07:54:40.148Z,general,others,1002911,1002911,
LIVEASY,Unit,,18,,,3009,79,,1,1,42,Unit,true,LIVEASY BABY WIPES 20UNIT,2026-07-14T07:55:03.022Z,general,others,1002913,1002913,
-BLANK-,Strip,rozalet 20 tab,12,-BLANK-,false,3004,231.56,,1,10,176.44,Tablet,true,ROZALET 20 TAB,2026-07-15T14:33:52.552Z,general,tablet,1002916,1002916,
-BLANK-,Strip,zolfresh 10mg,12,-BLANK-,false,3004,142.96,,1,15,102.11,Tablet,true,ZOLFRESH 10MG,2026-07-15T16:08:39.480Z,general,tablet,1002918,1002918,
-BLANK-,Strip,gabapin nt400 tab,12,-BLANK-,false,3004,500,,1,15,357.16,Tablet,true,GABAPIN NT400 TAB,2026-07-15T10:37:58.881995Z,general,tablet,1002920,1002920,
-BLANK-,Strip,vyson m 50/1000,12,-BLANK-,false,3004,187.17,,1,15,142.62,Tablet,true,VYSON M 50/1000,2026-07-15T16:01:22.872Z,general,tablet,1002924,1002924,
-BLANK-,Strip,voglistar gm 1,12,-BLANK-,false,3004,206.72,,1,15,159.66,Tablet,true,VOGLISTAR GM 1,2026-07-15T15:59:03.787Z,general,tablet,1002927,1002927,
USV,Strip,roseday a 10,5,USV,false,3002,98.06,,1,10,74.72,Tablet,true,ROSEDAY A 10,2026-07-15T14:30:53.645Z,general,tablet,1002932,1002932,
-BLANK-,Strip,sitaedge dm 500,12,-BLANK-,false,3004,178.13,,1,10,135.71,Tablet,true,SITAEDGE DM 500,2026-07-15T14:56:10.845Z,general,tablet,1002934,1002934,
DABUR,Unit,,5,,,3002,260,,1,1,174.1,Unit,true,AMLA JUICE 1L,2026-07-14T07:54:54.580Z,general,others,1002936,1002936,
BELLAVITA,Unit,,0,,,BLANK,150,,1,1,130,Unit,true,BELLVITA 1,2026-07-14T07:54:54.580Z,general,others,1002938,1002938,
TRIPADA,Strip,mbtron tablet 10,5,TRIPADA,false,3004,140.63,,1,10,107.14,Tablet,true,MBTRON TABLET 10,2026-07-15T11:38:22.494Z,general,tablet,1002940,1002940,
-BLANK-,Strip,cefosante 200 tablet 10,12,-BLANK-,false,3004,166.88,,1,10,129.41,Tablet,true,CEFOSANTE 200 TABLET 10,2026-07-14T09:38:10.354Z,general,tablet,1002942,1002942,
DR. REDDY'S,Strip,cetzine cold tab 10,5,DR. REDDY'S,false,3002,45,,1,10,34.16,Tablet,true,CETZINE COLD TAB 10,2026-07-14T09:42:32.498Z,general,tablet,1002945,1002945,
-BLANK-,Unit,,0,,,BLANK,20,,1,1,7.5,Unit,true,HYDROGEN 3% 100ML,2026-07-14T07:54:44.690Z,general,others,1002950,1002950,
CIPLA,Strip,dytor plus 5,12,CIPLA,false,3004,89.66,,1,15,68.32,Tablet,true,DYTOR PLUS 5,2026-07-15T10:06:30.126225Z,general,tablet,1002952,1002952,
LUPIN LIFE,Strip,tonact asp 75,12,LUPIN LIFE,false,3004,57.05,,1,15,42.78,Tablet,true,TONACT ASP 75,2026-07-15T15:44:15.454Z,general,tablet,1002953,1002953,
IPCA,Strip,ctd t 6.25/20 tab,12,IPCA,false,3004,199.25,,1,15,142.33,Tablet,true,CTD T 6.25/20 TAB,2026-07-15T09:47:56.388692Z,general,tablet,1002955,1002955,
ZYDUS,Unit,,12,,,3004,1401.56,,1,1,1067.86,Unit,true,KERENDIA 20MG 14,2026-07-14T07:55:10.883Z,general,others,1002958,1002958,
ERIS,Strip,tayo 60k 8,12,ERIS,false,3004,189,,1,8,144,Capsule,true,TAYO 60K 8,2026-07-15T15:31:23.835Z,general,capsule,1002961,1002961,
IPCA,Strip,zerodol th8,5,IPCA,false,3002,386.44,,1,10,294.43,Tablet,true,ZERODOL TH8,2026-07-15T16:05:25.679Z,general,tablet,1002962,1002962,
-BLANK-,Unit,,5,,,3002,296.09,,1,1,225,Unit,true,VITAL Z POWDER 560GM,2026-07-14T07:54:48.503Z,general,others,1002964,1002964,
-BLANK-,Unit,,0,,,BLANK,130,,1,1,120,Unit,true,ORGANIC INDIA APPLE VINEGAR 500ML,2026-07-14T07:54:44.690Z,general,others,1002966,1002966,
USV,Unit,,5,,,3002,131.54,,1,1,100.22,Unit,true,D RISE 60K 1,2026-07-14T07:55:10.883Z,general,others,1002968,1002968,
AJANTA,Strip,prixain d 75/20,12,AJANTA,false,3004,237,,1,10,169.29,Tablet,true,PRIXAIN D 75/20,2026-07-15T14:05:12.862Z,general,tablet,1002970,1002970,
SUN PHARMA,Strip,sompraz it tab,12,SUN PHARMA,false,3004,260,,1,10,185.71,Tablet,true,SOMPRAZ IT TAB,2026-07-15T14:58:17.048Z,general,tablet,1002972,1002972,
-BLANK-,Strip,telmibite 40/50,12,-BLANK-,false,3004,136.78,,1,10,104.21,Tablet,true,TELMIBITE 40/50,2026-07-15T15:35:28.832Z,general,tablet,1002973,1002973,
-BLANK-,Unit,,12,,,3004,121.88,,1,1,105,Unit,true,KALRECH FORTE 10,2026-07-14T07:54:44.690Z,general,others,1002975,1002975,
-BLANK-,Unit,,0,,,BLANK,40,,1,1,20,Unit,true,SKORE CONDOM 40 3,2026-07-14T07:54:48.503Z,general,others,1002977,1002977,
MEYER,Unit,,18,,,3009,169.07,,1,1,135.71,Unit,true,ULTRA MAGNESIUM 200MG 15,2026-07-14T07:55:06.900Z,general,others,1002980,1002980,
SUN PHARMA,Strip,rifagut 200 tab 10,5,SUN PHARMA,false,3002,250,,1,10,178.58,Tablet,true,RIFAGUT 200 TAB 10,2026-07-15T04:26:24.563Z,general,tablet,1002982,1002982,
-BLANK-,Unit,,12,,,3004,271.88,,1,1,57.59,Unit,true,PREGAPOWER DEPOT 500MG INJ 2ML,2026-07-14T07:54:44.690Z,general,others,1002985,1002985,
NUTRICIA,Unit,,5,,,3002,960,,1,1,874.46,Unit,true,APTAMIL GOLD STAGE 3 400G,2026-07-14T07:55:06.900Z,general,others,1002987,1002987,
DR. REDDY'S,Unit,,5,,,3002,193,,1,1,132.08,Unit,true,BRO ZEDEX LS RASPBERRY 100ML,2026-07-14T07:54:59.078Z,general,others,1002993,1002993,
SUN PHARMA,Strip,volix 0.2 tablet 15,5,SUN PHARMA,false,3002,190.31,,1,15,145,Tablet,true,VOLIX 0.2 TABLET 15,2026-07-15T04:38:38.061Z,general,tablet,1002995,1002995,
SUN PHARMA,Strip,betacap tr 40mg,12,SUN PHARMA,false,3004,47.4,,1,10,33.91,Tablet,true,BETACAP TR 40MG,2026-07-15T02:58:15.910876Z,general,tablet,1002997,1002997,
SUN PHARMA,Strip,revocon,12,SUN PHARMA,false,3004,451,,1,10,322.19,Tablet,true,REVOCON,2026-07-15T14:25:04.878Z,general,tablet,1003001,1003001,
SUN PHARMA,Strip,pacitane,12,SUN PHARMA,false,3004,45.5,,1,30,35.09,Tablet,true,PACITANE,2026-07-15T13:20:34.186Z,general,tablet,1003003,1003003,
GLAXOSMITHKLIN,Unit,eno fruit salt 5gm,5,GLAXOSMITHKLIN,false,3004,10,,1,1,7.14,Unit,true,ENO FRUIT SALT 5GM,2026-07-18T08:26:14.307Z,general,others,1003007,1003007,
GLAXOSMITHKLIN,Unit,,12,,,3004,164.06,,1,1,130.21,Unit,true,ENO FRUIT SALT 100GM,2026-07-14T07:54:59.078Z,general,others,1003010,1003010,
ABOTT,Unit,,5,,,3002,180.74,,1,1,137.71,Unit,true,DIGINE GEL ORANGE 200ML,2026-07-14T07:54:48.503Z,general,others,1003013,1003013,
ABOTT,Unit,,0,,,3002,292.81,,1,1,209.16,Unit,true,DIGERAFT SUSP. 150ML,2026-07-14T07:54:48.503Z,general,others,1003015,1003015,
ARISTRO,Strip,telvas am,0,ARISTRO,false,3002,145.26,,1,15,110.68,Tablet,true,TELVAS AM,2026-07-15T15:38:47.560Z,general,tablet,1003017,1003017,
-BLANK-,Unit,,0,,,3002,93,,1,1,32,Unit,true,TERALAB CAP 10,2026-07-14T07:54:48.503Z,general,others,1003019,1003019,
-BLANK-,Unit,,0,,,BLANK,49,,1,1,44,Unit,true,VASELINE LIP BALM 5GM,2026-07-14T07:54:48.503Z,general,others,1003021,1003021,
-BLANK-,Unit,,12,,,3004,283.67,,1,1,215.97,Unit,true,HALOVATE CREAM 30GM,2026-07-14T07:54:44.690Z,general,others,1003023,1003023,
-BLANK-,Unit,,5,,,3002,245,,1,1,175,Unit,true,KZ CREAM 30GM,2026-07-14T07:54:44.690Z,general,others,1003025,1003025,
ABOTT,Strip,depran  tab 10,12,ABOTT,false,3004,297.5,,1,10,212.51,Tablet,true,DEPRAN  TAB 10,2026-07-14T11:19:26.036Z,general,tablet,1003029,1003029,
CIPLA,Strip,dytor plus 10,12,CIPLA,false,3002,108.05,,1,15,84.89,Tablet,true,DYTOR PLUS 10,2026-07-15T10:06:10.790124Z,general,tablet,1003033,1003033,
-BLANK-,Unit,,0,,,3002,82.22,,1,1,64.6,Unit,true,ARACHITOL INJECTION 1,2026-07-14T07:54:40.148Z,general,others,1003036,1003036,
-BLANK-,Unit,,12,,,3004,24.17,,1,1,0,Unit,true,NEUROKIND 500 INJECTION 1,2026-07-14T07:54:44.690Z,general,others,1003037,1003037,
TORRENT,Strip,xilingio 25/5,5,TORRENT,false,3002,203,,1,10,154.64,Tablet,true,XILINGIO 25/5,2026-07-15T16:02:07.693Z,general,tablet,1003039,1003039,
-BLANK-,Strip,silocrest d,5,-BLANK-,false,3002,339.38,,1,10,258.57,Tablet,true,SILOCREST D,2026-07-15T14:55:32.036Z,general,tablet,1003041,1003041,
GLENMARK,Unit,,0,,,3002,107.7,,1,1,76.22,Unit,true,MACBERRY JUNIOR 60ML,2026-07-14T07:54:59.078Z,general,others,1003047,1003047,
ABOTT,Unit,,12,,,3004,166,,1,1,118.58,Unit,true,QUADRIDERM RF 10GM,2026-07-14T07:54:48.503Z,general,others,1003049,1003049,
ABOTT,Strip,empaglyde l10  tab 10,5,ABOTT,false,3002,82.37,,1,10,62.76,Tablet,true,EMPAGLYDE L10  TAB 10,2026-07-14T11:23:02.731Z,general,tablet,1003051,1003051,
ABSORBIA,Strip,pcoxib tab 10,12,ABSORBIA,false,3004,158.44,,1,10,121,Tablet,true,PCOXIB TAB 10,2026-07-15T03:51:49.823Z,general,tablet,1003055,1003055,
AJANTA,Strip,hilin 50 tab,12,AJANTA,false,3004,188.25,,1,10,134.86,Tablet,true,HILIN 50 TAB,2026-07-15T11:07:37.126148Z,general,tablet,1003057,1003057,
INTAS,Strip,oflotas oz,5,INTAS,false,3002,145.31,,1,10,20.95,Tablet,true,OFLOTAS OZ,2026-07-15T12:47:23.260Z,general,tablet,1003059,1003059,
-BLANK-,Unit,,12,,,3004,137,,1,1,108,Unit,true,SATROGYL O SYRUP 100ML,2026-07-14T07:54:44.690Z,general,others,1003061,1003061,
SUN PHARMA,Strip,prolomet am 25mg tab 10,12,SUN PHARMA,false,3004,120,,1,10,91.43,Tablet,true,PROLOMET AM 25MG TAB 10,2026-07-15T03:53:55.643Z,general,tablet,1003063,1003063,
SUN PHARMA,Unit,,5,,,3002,230.63,,1,1,175.66,Unit,true,EYEMIST EYE DROP 10ML,2026-07-14T07:55:10.883Z,general,others,1003067,1003067,
SUN PHARMA,Strip,keraglo eva tab 10,18,SUN PHARMA,false,3009,375,,1,10,169.49,Tablet,true,KERAGLO EVA TAB 10,2026-07-14T11:49:20.247Z,general,tablet,1003069,1003069,
HIMALAYA,Strip,liv.52 ds tab 60,5,HIMALAYA,false,3002,281,,1,60,214.1,Tablet,true,LIV.52 DS TAB 60,2026-07-14T11:51:51.918Z,general,tablet,1003071,1003071,
ABOTT,Strip,udiliv 150 tab 15,5,ABOTT,false,3002,495.2,,1,15,377.28,Tablet,true,UDILIV 150 TAB 15,2026-07-15T04:33:14.368Z,general,tablet,1003073,1003073,
AJANTA,Unit,,12,,,3004,343.13,,1,1,261.43,Unit,true,MAXMOIST EYE DROP 10ML,2026-07-14T07:54:48.503Z,general,others,1003075,1003075,
MANFORCE,Unit,,0,,,BLANK,99,,1,1,55,Unit,true,MANFORCE VANILLA COCKTAIL 99 10,2026-07-14T07:55:06.900Z,general,others,1003078,1003078,
-BLANK-,Strip,losarnte 10 tab 10,12,-BLANK-,false,3004,75,,1,10,58.16,Tablet,true,LOSARNTE 10 TAB 10,2026-07-14T11:54:50.036Z,general,tablet,1003080,1003080,
TORRENT,Strip,xilingio m 25/5/1000,12,TORRENT,false,3004,209.9,,1,10,149.29,Tablet,true,XILINGIO M 25/5/1000,2026-07-15T16:02:19.856Z,general,tablet,1003082,1003082,
-BLANK-,Unit,,12,,,3004,107.81,,1,1,87,Unit,true,CLOBNENO CREAM 30GM,2026-07-14T07:54:40.148Z,general,others,1003084,1003084,
SANOFI,Strip,amaryl 1 30,12,SANOFI,false,3004,124.32,,1,30,88.8,Tablet,true,AMARYL 1 30,2026-07-15T02:04:54.515967Z,general,tablet,1003086,1003086,
PFIZER,Strip,naxpro rd 40 10,12,PFIZER,false,3004,182.81,,1,10,139.29,Tablet,true,NAXPRO RD 40 10,2026-07-15T11:57:43.519Z,general,tablet,1003087,1003087,
ARISTRO,Strip,darolac tablet 10,5,ARISTRO,false,3002,145,,1,10,96.43,Tablet,true,DAROLAC TABLET 10,2026-07-15T01:33:48.553205Z,general,tablet,1003089,1003089,
AMIL,Strip,neeri tab 30,5,AMIL,false,3002,206,,1,30,147.15,Tablet,true,NEERI TAB 30,2026-07-14T11:56:28.951Z,general,tablet,1003094,1003094,
-BLANK-,Unit,,0,,,BLANK,249,,1,1,72,Unit,true,BOLDCARE VARIETY CONDOM 10,2026-07-14T07:54:40.148Z,general,others,1003096,1003096,
ARISTRO,Unit,,5,,,3002,71,,1,1,16,Unit,true,AQUAGERMINA SUS 5ML,2026-07-14T07:54:54.580Z,general,others,1003098,1003098,
RANBAXY,Unit,,5,,,3002,31.13,,1,1,13.25,Unit,true,RANBAXY ORS APPLE 200ML,2026-07-14T07:55:06.900Z,general,others,1003100,1003100,
RANBAXY,Unit,,5,,,3002,31.13,,1,1,11.43,Unit,true,RANBAXY ORS ORANGE 200ML,2026-07-14T07:55:06.900Z,general,others,1003101,1003101,
RANBAXY,Unit,,5,,,3002,31,,1,1,13.85,Unit,true,RANBAXY ORS NIMBU 200ML,2026-07-14T07:55:06.900Z,general,others,1003102,1003102,
RANBAXY,Unit,,0,,,BLANK,17,,1,1,11,Unit,true,MAMY POKO PANTS SINGLE XL 1,2026-07-14T07:55:06.900Z,general,others,1003105,1003105,
ARISTRO,Strip,telvas h 40,5,ARISTRO,false,3002,92.81,,1,10,70.71,Tablet,true,TELVAS H 40,2026-07-15T15:39:10.841Z,general,tablet,1003107,1003107,
CIPLA,Strip,seroflo250 rc 30,12,CIPLA,false,3004,537.98,,1,30,409.95,Capsule,true,SEROFLO250 RC 30,2026-07-15T14:53:48.677Z,general,capsule,1003108,1003108,
CIPLA,Unit,,12,,,3004,337.36,,1,1,257.04,Unit,true,TIOVA RC 15,2026-07-14T07:54:54.580Z,general,others,1003109,1003109,
ZYDUS,Strip,deriphyllin m,12,ZYDUS,false,3004,188.77,,1,10,143.82,Tablet,true,DERIPHYLLIN M,2026-07-15T09:35:40.396752Z,general,tablet,1003110,1003110,
HIMALAYA,Strip,gokshura tab 60,5,HIMALAYA,false,3002,275,,1,60,209.52,Tablet,true,GOKSHURA TAB 60,2026-07-14T11:29:23.380Z,general,tablet,1003112,1003112,
-BLANK-,Unit,,0,,,BLANK,10,,1,1,6.87,Unit,true,JOY LOTION 20ML,2026-07-14T07:54:44.690Z,general,others,1003116,1003116,
-BLANK-,Unit,,0,,,BLANK,65,,1,1,55.19,Unit,true,WHISPER HEAVY FLOW 6,2026-07-14T07:54:48.503Z,general,others,1003118,1003118,
-BLANK-,Unit,,5,,,3002,2,,1,1,1.9,Unit,true,HEAD N SHOULDER SHAMPOO 2ML,2026-07-14T07:54:44.690Z,general,others,1003120,1003120,
-BLANK-,Unit,,0,,,BLANK,105,,1,1,85,Unit,true,HEAD N SHAMPOO 72ML,2026-07-14T07:54:44.690Z,general,others,1003122,1003122,
-BLANK-,Unit,,0,,,BLANK,45,,1,1,0,Unit,true,GLUCON D ORANGE 100,2026-07-14T07:54:40.148Z,general,others,1003124,1003124,
ABOTT,Strip,udiliv 300,5,ABOTT,false,3002,923.95,,1,15,703.96,Tablet,true,UDILIV 300,2026-07-15T15:49:27.598Z,general,tablet,1003126,1003126,
MICROLABS,Strip,ebast dc,12,MICROLABS,false,3004,133,,1,10,95,Tablet,true,EBAST DC,2026-07-15T10:08:06.198137Z,general,tablet,1003128,1003128,
GLENMARK,Unit,,18,,,3009,244.7,,1,1,86.1,Unit,true,SKINCHARM SUNSCREEN 50SPF 100ML,2026-07-14T07:54:59.078Z,general,others,1003130,1003130,
GLENMARK,Unit,,18,,,3009,258.05,,1,1,145,Unit,true,DENVER DEO 200ML,2026-07-14T07:54:59.078Z,general,others,1003132,1003132,
GLENMARK,Unit,,0,,,BLANK,185,,1,1,140,Unit,true,CLEAN AND CLEAR 100,2026-07-14T07:54:59.078Z,general,others,1003134,1003134,
GLENMARK,Unit,,0,,,BLANK,390,,1,1,195,Unit,true,AXE DEO 200,2026-07-14T07:54:59.078Z,general,others,1003136,1003136,
DABUR,Unit,,0,,,BLANK,92,,1,1,78,Unit,true,GULABARI LIQUID 250ML,2026-07-14T07:54:59.078Z,general,others,1003138,1003138,
GLENMARK,Strip,contimega q10,5,GLENMARK,false,3002,351,,1,10,71.5,Tablet,true,CONTIMEGA Q10,2026-07-15T09:43:26.501484Z,general,tablet,1003140,1003140,
GLENMARK,Unit,,0,,,BLANK,10,,1,1,0.9,Unit,true,BLUE MASK 100,2026-07-14T07:54:59.078Z,general,others,1003142,1003142,
CURELIFE,Unit,,5,,,3002,710,,1,1,164.29,Unit,true,ABDOMINAL SUPPORT BELT M 1,2026-07-14T07:54:54.580Z,general,others,1003144,1003144,
CURELIFE,Unit,,0,,,BLANK,429,,1,1,80,Unit,true,KNEE CAP XL 1,2026-07-14T07:54:54.580Z,general,others,1003147,1003147,
CURELIFE,Unit,,0,,,BLANK,2990,,1,1,450,Unit,true,BREAST PUMP 1,2026-07-14T07:54:54.580Z,general,others,1003149,1003149,
MACLEODS,Strip,bio d3 max,12,MACLEODS,false,3004,402.19,,1,15,306.43,Tablet,true,BIO D3 MAX,2026-07-15T03:05:06.955113Z,general,tablet,1003152,1003152,
AJANTA,Unit,,12,,,3004,262.5,,1,1,200,Unit,true,CILAMET XL 10/25 20,2026-07-14T07:54:48.503Z,general,others,1003153,1003153,
AJANTA,Strip,evion lc,5,AJANTA,false,3002,68.84,,1,10,49.17,Tablet,true,EVION LC,2026-07-15T10:24:09.809787Z,general,tablet,1003154,1003154,
AJANTA,Strip,solhike d3 60k 4,12,AJANTA,false,3004,92.81,,1,4,70.71,Capsule,true,SOLHIKE D3 60K 4,2026-07-15T14:57:09.203Z,general,capsule,1003155,1003155,
MANKIND,Unit,,12,,,3004,32.6,,1,1,23.29,Unit,true,NUROKIND GOLD AMPOULE 2ML,2026-07-14T07:55:06.900Z,general,others,1003159,1003159,
MANKIND,Unit,,5,,,3002,127.76,,1,1,91.28,Unit,true,NUROKIND FORTE 2ML*4,2026-07-14T07:55:06.900Z,general,others,1003161,1003161,
MANKIND,Unit,,5,,,3002,125.72,,1,1,89.8,Unit,true,NUROKIND PLUS NF 2ML*4,2026-07-14T07:55:06.900Z,general,others,1003163,1003163,
ZZZZZZ 286,Strip,dp gesic,5,ZZZZZZ 286,false,3002,33.1,,1,10,6.18,Tablet,true,DP GESIC,2026-07-15T09:57:16.314900Z,general,tablet,1003166,1003166,
SAIBOON,Strip,ubiboost lc forte,18,SAIBOON,false,3009,999.99,,1,10,677.89,Tablet,true,UBIBOOST LC FORTE,2026-07-15T15:49:06.042Z,general,tablet,1003169,1003169,
TORRENT,Strip,unistar 5/75,12,TORRENT,false,3004,60.85,,1,10,43.46,Tablet,true,UNISTAR 5/75,2026-07-15T15:49:55.713Z,general,tablet,1003172,1003172,
TORRENT,Strip,tazlive ch 10/40/12.5,12,TORRENT,false,3004,186.56,,1,10,142.14,Tablet,true,TAZLIVE CH 10/40/12.5,2026-07-15T15:31:56.344Z,general,tablet,1003173,1003173,
TORRENT,Unit,,18,,,3009,44.49,,1,1,18,Unit,true,TUS Q FORTE 10,2026-07-14T07:55:10.883Z,general,others,1003175,1003175,
MANKIND,Strip,lipikind f 10,5,MANKIND,false,3002,108.77,,1,10,77.68,Tablet,true,LIPIKIND F 10,2026-07-15T11:20:08.340070Z,general,tablet,1003177,1003177,
IPCA,Strip,hcqs 200,5,IPCA,false,3002,108.7,,1,15,76.33,Tablet,true,HCQS 200,2026-07-15T11:06:32.760208Z,general,tablet,1003181,1003181,
TORRENT,Strip,nexpro rd 40mg,5,TORRENT,false,3002,195,,1,10,139.29,Tablet,true,NEXPRO RD 40MG,2026-07-15T12:22:15.276Z,general,tablet,1003183,1003183,
AVEN,Unit,,5,,,3002,205,,1,1,95,Unit,true,LIVEASY PRO ORTHO ELBOW S 1,2026-07-14T07:54:54.580Z,general,others,1003187,1003187,
-BLANK-,Unit,,0,,,BLANK,49,,1,1,44,Unit,true,TIGER PAIN BALM 8GM,2026-07-14T07:54:48.503Z,general,others,1003189,1003189,
INTAS,Strip,gabapin nt 200,12,INTAS,false,3004,286.5,,1,15,204.76,Tablet,true,GABAPIN NT 200,2026-07-15T10:37:51.200825Z,general,tablet,1003191,1003191,
MANKIND,Strip,rabekind 20,12,MANKIND,false,3004,74.25,,1,15,56.58,Tablet,true,RABEKIND 20,2026-07-15T14:13:42.773Z,general,tablet,1003193,1003193,
MANKIND,Unit,,12,,,3004,538.13,,1,1,410,Unit,true,CEQUA OPTHLAMIC SOLUTION 10,2026-07-14T07:55:06.900Z,general,others,1003195,1003195,
ALKEM,Strip,tolkem d,12,ALKEM,false,3004,215,,1,10,153.57,Tablet,true,TOLKEM D,2026-07-15T15:43:54.544Z,general,tablet,1003197,1003197,
-BLANK-,Unit,,0,,,BLANK,350,,1,1,100,Unit,true,ANKLE SUPPORT 1,2026-07-14T07:54:40.148Z,general,others,1003199,1003199,
USV,Strip,ecosprin gold 10,5,USV,false,3002,129.19,,1,15,103.35,Tablet,true,ECOSPRIN GOLD 10,2026-07-15T10:10:32.320564Z,general,tablet,1003201,1003201,
USV,Strip,ecosprin gold 40,12,USV,false,3004,250.4,,1,15,187.8,Tablet,true,ECOSPRIN GOLD 40,2026-07-15T10:11:04.562144Z,general,tablet,1003203,1003203,
INTAS,Strip,napra d 250 10,5,INTAS,false,3002,87.66,,1,10,66.79,Tablet,true,NAPRA D 250 10,2026-07-15T11:53:19.566Z,general,tablet,1003205,1003205,
INTAS,Strip,napra d 500 10,5,INTAS,false,3002,120.94,,1,10,92.14,Tablet,true,NAPRA D 500 10,2026-07-15T11:53:34.046Z,general,tablet,1003206,1003206,
INTAS,Unit,,12,,,3004,50,,1,1,41.08,Unit,true,SUTHOL LIQUID 100ML,2026-07-14T07:55:03.022Z,general,others,1003208,1003208,
INTAS,Unit,,12,,,3004,50,,1,1,39.29,Unit,true,SUTHOL LIQUID NEEM 100ML,2026-07-14T07:55:03.022Z,general,others,1003209,1003209,
INTAS,Strip,nicip 100mg 10,12,INTAS,false,3004,43,,1,10,5.5,Tablet,true,NICIP 100MG 10,2026-07-15T12:23:02.459Z,general,tablet,1003211,1003211,
Galderma,Unit,cetaphil gentle cleanser 1,18,Galderma,false,3009,381.74,,1,1,318,Unit,true,CETAPHIL GENTLE CLEANSER 1,2026-07-15T09:20:30.230631Z,general,others,1003213,1003213,
INTAS,Unit,lipzlite cream 1,18,INTAS,false,3009,239.36,,1,1,182.37,Unit,true,LIPZLITE CREAM 1,2026-07-15T11:20:32.146750Z,general,others,1003214,1003214,
INTAS,Unit,,18,,,3009,629.11,,1,1,479.32,Unit,true,FACE GUARD SUNSCREEN GEL 1,2026-07-14T07:55:03.022Z,general,others,1003216,1003216,
INTAS,Unit,,12,,,3004,58,,1,1,47.56,Unit,true,KAYAM CHURAN 1,2026-07-14T07:55:03.022Z,general,others,1003218,1003218,
INTAS,Unit,,18,,,3009,69,,1,1,38,Unit,true,LIVEASY ALOE VERA WIPES 1,2026-07-14T07:55:03.022Z,general,others,1003220,1003220,
TORRENT,Unit,,18,,,3009,275,,1,1,186.44,Unit,true,TEDIBAR B4 75GRAM,2026-07-14T07:55:10.883Z,general,others,1003225,1003225,
CIPLA,Unit,,12,,,3004,271.88,,1,1,82,Unit,true,KETOCIP 1% SHAMPOO 100ML,2026-07-14T07:54:54.580Z,general,others,1003227,1003227,
DUREX,Unit,,0,,,BLANK,181,,1,1,150.83,Unit,true,DUREX CLOSEFIT 3,2026-07-14T07:54:59.078Z,general,others,1003232,1003232,
-BLANK-,Unit,,5,,,3002,169,,1,1,47.62,Unit,true,STUD 5000 SPRAY 1,2026-07-14T07:54:48.503Z,general,others,1003234,1003234,
ERIS,Strip,gluxit 10,12,ERIS,false,3004,152.72,,1,15,116.36,Tablet,true,GLUXIT 10,2026-07-15T10:44:40.924300Z,general,tablet,1003236,1003236,
-BLANK-,Strip,bilatex m 20/10,12,-BLANK-,false,3004,249,Bilastin + Montelukast,1,10,177.86,Tablet,true,BILATEX M 20/10,2026-07-15T03:03:45.566325Z,general,tablet,1003238,1003238,
-BLANK-,Unit,,12,,,3004,162.8,,1,1,116.29,Unit,true,VITCOFOL SYRUP 200ML,2026-07-14T07:54:48.503Z,general,others,1003240,1003240,
COLGATE,Unit,,0,,,BLANK,198,,1,1,128,Unit,true,COLGATE PURPLE 120GM,2026-07-14T07:54:54.580Z,general,others,1003243,1003243,
COLGATE,Unit,,0,,,BLANK,60,,1,1,30,Unit,true,CLEANPLUS TISSUE 100,2026-07-14T07:54:54.580Z,general,others,1003245,1003245,
GARNIER,Unit,,0,,,BLANK,115,,1,1,65,Unit,true,GARNIER SERUM FACE MASK 115 1,2026-07-14T07:54:59.078Z,general,others,1003247,1003247,
MACLEODS,Strip,mylamin gold,12,MACLEODS,false,3004,306.28,,1,10,233.35,Tablet,true,MYLAMIN GOLD,2026-07-15T13:34:52.660Z,general,tablet,1003249,1003249,
INDOCO,Unit,,5,,,3002,92.62,,1,1,70.57,Unit,true,RENOLEN E/D 1,2026-07-14T07:55:03.022Z,general,others,1003251,1003251,
ALKEM,Unit,,18,,,3009,540,,1,1,89.5,Unit,true,EVAMORE SUNSCREEN 1,2026-07-14T07:54:48.503Z,general,others,1003255,1003255,
ALKEM,Unit,,5,,,3002,125,,1,1,36.67,Unit,true,OROGUARD MOUTHWASH 100ML,2026-07-14T07:54:48.503Z,general,others,1003257,1003257,
CIPLA,Unit,,12,,,3004,230.4,,1,1,65,Unit,true,CEFASYN 500 4,2026-07-14T07:54:54.580Z,general,others,1003259,1003259,
AJANTA,Strip,sentum 250,12,AJANTA,false,3004,527,,1,10,98.21,Tablet,true,SENTUM 250,2026-07-15T14:53:36.035Z,general,tablet,1003261,1003261,
AJANTA,Unit,,18,,,3009,10,,1,1,6.77,Unit,true,DROOL CHICKEN EGG PUPPY 50GM,2026-07-14T07:54:48.503Z,general,others,1003263,1003263,
-BLANK-,Unit,,18,,,3009,88.09,,1,1,74.85,Unit,true,DROOLS CHICKEN EGG ADULT 400GM,2026-07-14T07:54:40.148Z,general,others,1003265,1003265,
-BLANK-,Unit,,18,,,3009,109,,1,1,78.85,Unit,true,DROOLS CHICKEN EGG PUPPY 400GM,2026-07-14T07:54:40.148Z,general,others,1003267,1003267,
-BLANK-,Unit,,18,,,3009,260,,1,1,188.34,Unit,true,DROOL CHICKEN EGG ADULT 1.2KG,2026-07-14T07:54:40.148Z,general,others,1003269,1003269,
-BLANK-,Unit,,18,,,3009,249.15,,1,1,208.65,Unit,true,DROOL CHICKEN EGG PUPPY 1.2KG,2026-07-14T07:54:40.148Z,general,others,1003271,1003271,
-BLANK-,Unit,,18,,,3009,578.39,,1,1,467.76,Unit,true,DROOLS CHICKEN EGG ADULT 3KG,2026-07-14T07:54:40.148Z,general,others,1003273,1003273,
-BLANK-,Unit,,18,,,3009,680,,1,1,461.05,Unit,true,DROOLS CHICKCEN EGG PUPPY 3KG,2026-07-14T07:54:40.148Z,general,others,1003275,1003275,
-BLANK-,Unit,,18,,,3009,345,,1,1,233.9,Unit,true,DROOLS 100% VEG 1.2KG,2026-07-14T07:54:40.148Z,general,others,1003277,1003277,
-BLANK-,Unit,,18,,,3009,20,,1,1,13.55,Unit,true,DROOLS CHICKEN EGG ADULT 80GM,2026-07-14T07:54:40.148Z,general,others,1003279,1003279,
CIPLA,Unit,,5,,,3002,101.8,,1,1,72.7,Unit,true,DUOLIN LD 2.5 RESPULE 5,2026-07-14T07:54:54.580Z,general,others,1003281,1003281,
WIN MEDICARE,Unit,,18,,,3009,595,,1,1,427.09,Unit,true,MEDERMA STRETCH MARK 25G,2026-07-14T07:55:10.883Z,general,others,1003283,1003283,
ALKEM,Strip,gemcal xt tab 15,5,ALKEM,false,3002,247.5,,1,15,176.79,Tablet,true,GEMCAL XT TAB 15,2026-07-14T11:27:50.226Z,general,tablet,1003289,1003289,
IPCA,Strip,glycinorm m 80,12,IPCA,false,3004,239.58,,1,15,182.55,Tablet,true,GLYCINORM M 80,2026-07-15T10:45:08.787555Z,general,tablet,1003291,1003291,
SUN PHARMA,Strip,oxra s 10/100,12,SUN PHARMA,false,3004,300.94,,1,10,229.3,Tablet,true,OXRA S 10/100,2026-07-15T13:14:35.890Z,general,tablet,1003293,1003293,
FDC,Unit,,12,,,3004,41.25,,1,1,31.43,Unit,true,VITCOFOL DROPS 15ML,2026-07-14T07:54:59.078Z,general,others,1003295,1003295,
RANBAXY,Unit,,12,,,3004,248.44,,1,1,189.29,Unit,true,VOLINI GEL 75GM,2026-07-14T07:55:06.900Z,general,others,1003297,1003297,
-BLANK-,Unit,,5,,,3002,140,,1,1,119.05,Unit,true,VITHOBA PASTE 150GM,2026-07-14T07:54:48.503Z,general,others,1003299,1003299,
-BLANK-,Unit,,12,,,3004,30,,1,1,24.1,Unit,true,HAJMOLA ANARDANA BOTTLE 30,2026-07-14T07:54:44.690Z,general,others,1003301,1003301,
-BLANK-,Unit,,0,,,BLANK,140,,1,1,84,Unit,true,HARA MALHAM 100GM,2026-07-14T07:54:44.690Z,general,others,1003303,1003303,
-BLANK-,Unit,,0,,,BLANK,50,,1,1,30,Unit,true,HARA MALHAM 25GM,2026-07-14T07:54:44.690Z,general,others,1003305,1003305,
DABUR,Unit,,12,,,3004,290.63,,1,1,205.36,Unit,true,SHILAJEET GOLD 10,2026-07-14T07:54:59.078Z,general,others,1003307,1003307,
DABUR,Unit,,5,,,3002,280,,1,1,187.5,Unit,true,GILOY JUICE 1L,2026-07-14T07:54:59.078Z,general,others,1003309,1003309,
DABUR,Unit,,5,,,3002,315,,1,1,250,Unit,true,JAMUN NEEM KERELA 1L,2026-07-14T07:54:59.078Z,general,others,1003311,1003311,
DABUR,Unit,,5,,,3002,125,,1,1,100,Unit,true,DABUR HONEY 250GM,2026-07-14T07:54:59.078Z,general,others,1003313,1003313,
DABUR,Unit,,0,,,BLANK,250,,1,1,205,Unit,true,DABUR HONEY 500GM,2026-07-14T07:54:59.078Z,general,others,1003315,1003315,
DABUR,Unit,,5,,,3002,66,,1,1,53.42,Unit,true,AMRUTANJAL ROLL ON 5ML,2026-07-14T07:54:54.580Z,general,others,1003317,1003317,
MAKSON HEALTHCARE,Strip,crocin lozenges,5,MAKSON HEALTHCARE,false,3002,35,,1,10,23,Tablet,true,CROCIN LOZENGES,2026-07-15T09:47:06.669787Z,general,tablet,1003319,1003319,
SENSODYNE,Unit,,5,,,3002,240,,1,1,176.86,Unit,true,SENSO COMPLTE MOUTHWASH 250ML,2026-07-14T07:55:06.900Z,general,others,1003322,1003322,
SENSODYNE,Unit,,18,,,3009,120,,1,1,104.35,Unit,true,SENSO RAPID RELIEF PASTE 40GM,2026-07-14T07:55:06.900Z,general,others,1003324,1003324,
SENSODYNE,Unit,,18,,,3009,124.58,,1,1,103.7,Unit,true,SENSODYNE BRUSH GENTLE CARE 1+1,2026-07-14T07:55:06.900Z,general,others,1003325,1003325,
COLGATE,Unit,,0,,,BLANK,310,,1,1,189.64,Unit,true,COLGATE VISIBLE WHITE O2 180GM,2026-07-14T07:54:54.580Z,general,others,1003327,1003327,
MANKIND,Unit,manforce choco hazelnut 99 10,0,MANKIND,false,BLANK,99,,1,1,72,Unit,true,MANFORCE CHOCO HAZELNUT 99 10,2026-07-20T05:16:03.585Z,general,others,1003331,1003331,
MANFORCE,Unit,,0,,,BLANK,400,,1,1,180,Unit,true,MANFORCE EPIC LITCHI LUBE 60ML,2026-07-14T07:55:06.900Z,general,others,1003333,1003333,
MANFORCE,Unit,,0,,,BLANK,400,,1,1,180,Unit,true,MANFORCE EPIC STRAWBERRY LUBE 60ML,2026-07-14T07:55:06.900Z,general,others,1003335,1003335,
INTAS,Strip,calcitus d3 cap,5,INTAS,false,3002,131.54,,1,4,17.08,Capsule,true,CALCITUS D3 CAP,2026-07-15T03:14:29.850627Z,general,capsule,1003338,1003338,
-BLANK-,Unit,,12,,,3004,143.4,,1,1,102.43,Unit,true,NERVUP 500MCG INJECTION 1MM,2026-07-14T07:54:44.690Z,general,others,1003340,1003340,
INTAS,Strip,vb7 tab biotin 5mg 10,5,INTAS,false,3002,65.63,,1,10,50,Tablet,true,VB7 TAB BIOTIN 5MG 10,2026-07-15T04:37:58.525Z,general,tablet,1003342,1003342,
-BLANK-,Unit,solhike d3 solution 5ml 4,12,-BLANK-,false,3004,260,,1,1,185.72,Unit,true,SOLHIKE D3 SOLUTION 5ML 4,2026-07-15T14:57:19.523Z,general,others,1003344,1003344,
-BLANK-,Unit,,0,,,BLANK,20,,1,1,7.5,Unit,true,WATER BOTTLE 1LTR 1L,2026-07-14T07:54:48.503Z,general,others,1003346,1003346,
-BLANK-,Unit,,0,,,BLANK,10,,1,1,5,Unit,true,WATER BOTTLE 500ML,2026-07-14T07:54:48.503Z,general,others,1003348,1003348,
-BLANK-,Unit,,0,,,BLANK,20,,1,1,18,Unit,true,CLOSE UP TOOTHPASTE 40GRAM,2026-07-14T07:54:40.148Z,general,others,1003350,1003350,
-BLANK-,Unit,,0,,,BLANK,70,,1,1,63,Unit,true,CLOSE UP TOOTHPASTE 80GM,2026-07-14T07:54:40.148Z,general,others,1003352,1003352,
-BLANK-,Unit,,0,,,BLANK,410,,1,1,120,Unit,true,CERVICAL COLLAR,2026-07-14T07:54:40.148Z,general,others,1003354,1003354,
-BLANK-,Unit,,0,,,BLANK,439,,1,1,120,Unit,true,ARM SLIM POUCH,2026-07-14T07:54:40.148Z,general,others,1003356,1003356,
-BLANK-,Unit,,0,,,BLANK,197,,1,1,12,Unit,true,CANNULA NO 24 1,2026-07-14T07:54:40.148Z,general,others,1003358,1003358,
-BLANK-,Unit,,0,,,BLANK,200,,1,1,70,Unit,true,CANNULA NO 26 1,2026-07-14T07:54:40.148Z,general,others,1003360,1003360,
-BLANK-,Unit,,0,,,BLANK,550,,1,1,210,Unit,true,ADULT PULLUPS M SIZE 10,2026-07-14T07:54:40.148Z,general,others,1003362,1003362,
-BLANK-,Unit,,0,,,BLANK,700,,1,1,220,Unit,true,ADULT PULLUPS L SIZE 10,2026-07-14T07:54:40.148Z,general,others,1003366,1003366,
-BLANK-,Unit,,0,,,BLANK,600,,1,1,230,Unit,true,ADULT PULLUPS XL SIZE 10,2026-07-14T07:54:40.148Z,general,others,1003368,1003368,
-BLANK-,Unit,,0,,,BLANK,999,,1,1,650,Unit,true,DR.TRUST HEATING PAD 1,2026-07-14T07:54:40.148Z,general,others,1003370,1003370,
-BLANK-,Unit,,0,,,BLANK,56,,1,1,25,Unit,true,N95 MASK 1,2026-07-14T07:54:44.690Z,general,others,1003372,1003372,
-BLANK-,Unit,,0,,,BLANK,123,,1,1,110,Unit,true,LIZOL FLOOR CLEANER 500ML,2026-07-14T07:54:44.690Z,general,others,1003374,1003374,
-BLANK-,Unit,,18,,,3009,79,,1,1,60.86,Unit,true,COLIN CLEANING SPRAY 250ML,2026-07-14T07:54:40.148Z,general,others,1003376,1003376,
-BLANK-,Unit,,18,,,3009,120,,1,1,92.45,Unit,true,COLIN CLEANING SPRAY 500ML,2026-07-14T07:54:40.148Z,general,others,1003378,1003378,
-BLANK-,Unit,,0,,,BLANK,120,,1,1,109,Unit,true,EZEE LIQUID 500ML,2026-07-14T07:54:40.148Z,general,others,1003380,1003380,
-BLANK-,Unit,,0,,,BLANK,60,,1,1,53,Unit,true,BOROLIN ULTRA SMOOTH 25,2026-07-14T07:54:40.148Z,general,others,1003382,1003382,
-BLANK-,Unit,,0,,,BLANK,65,,1,1,28,Unit,true,NAIL CLIPPER 1,2026-07-14T07:54:44.690Z,general,others,1003384,1003384,
-BLANK-,Unit,,0,,,BLANK,35,,1,1,14,Unit,true,TOOTHPICK 100,2026-07-14T07:54:48.503Z,general,others,1003386,1003386,
-BLANK-,Unit,,0,,,BLANK,60,,1,1,21,Unit,true,PAPER SOAP FLAKES 1,2026-07-14T07:54:44.690Z,general,others,1003388,1003388,
-BLANK-,Unit,,0,,,BLANK,20,,1,1,6.5,Unit,true,COPPER TONGUE CLEANER 1,2026-07-14T07:54:40.148Z,general,others,1003390,1003390,
GARNIER,Unit,,18,,,3009,45,,1,1,34.05,Unit,true,GARNIER ORGINAL BLACK 2.0 20ML,2026-07-14T07:54:59.078Z,general,others,1003392,1003392,
GARNIER,Unit,,18,,,3009,35,,1,1,34.05,Unit,true,GARNIER BROWN BLACK 3.0 20ML,2026-07-14T07:54:59.078Z,general,others,1003394,1003394,
-BLANK-,Unit,,0,,,BLANK,35,,1,1,25,Unit,true,SENSODYNE DAILYCARE TOOTHBRUSH 1,2026-07-14T07:54:48.503Z,general,others,1003398,1003398,
-BLANK-,Unit,,0,,,BLANK,13,,1,1,9.16,Unit,true,PAMPERS DIAPER M SINGLE 1,2026-07-14T07:54:44.690Z,general,others,1003402,1003402,
-BLANK-,Unit,,0,,,BLANK,15,,1,1,12.5,Unit,true,PAMPERS DIAPER L SINGLE 1,2026-07-14T07:54:44.690Z,general,others,1003406,1003406,
-BLANK-,Unit,,0,,,BLANK,10,,1,1,8.5,Unit,true,GODREJ HANDWASH MIX 9GM,2026-07-14T07:54:40.148Z,general,others,1003408,1003408,
-BLANK-,Unit,,0,,,BLANK,99,,1,1,25,Unit,true,FACIAL WET WIPES 25,2026-07-14T07:54:40.148Z,general,others,1003410,1003410,
-BLANK-,Unit,,0,,,BLANK,599,,1,1,390,Unit,true,MAMY POKO PANTS S SIZE 60,2026-07-14T07:54:44.690Z,general,others,1003412,1003412,
-BLANK-,Unit,,0,,,BLANK,599,,1,1,390,Unit,true,MAMY POKO PANTS M SIZE 48,2026-07-14T07:54:44.690Z,general,others,1003414,1003414,
-BLANK-,Unit,,0,,,BLANK,599,,1,1,390,Unit,true,MAMY POKO PANTS L SIZE 44,2026-07-14T07:54:44.690Z,general,others,1003416,1003416,
-BLANK-,Unit,,0,,,BLANK,599,,1,1,390,Unit,true,MAMY POKO PANTS XL SIZE 36,2026-07-14T07:54:44.690Z,general,others,1003418,1003418,
-BLANK-,Unit,,0,,,BLANK,60,,1,1,17,Unit,true,SCISSOR,2026-07-14T07:54:44.690Z,general,others,1003420,1003420,
-BLANK-,Unit,,0,,,BLANK,60,,1,1,12.41,Unit,true,ORAL B CRISSCROSS TOOTHBRUSH 1,2026-07-14T07:54:44.690Z,general,others,1003423,1003423,
-BLANK-,Unit,,0,,,BLANK,30,,1,1,12.41,Unit,true,ORAL B BACTERIA FIGHTER 1,2026-07-14T07:54:44.690Z,general,others,1003425,1003425,
-BLANK-,Unit,,0,,,BLANK,30,,1,1,12.41,Unit,true,ORAL B SENSITIVE GUM TOOTHBRUS 1,2026-07-14T07:54:44.690Z,general,others,1003427,1003427,
-BLANK-,Unit,,0,,,BLANK,20,,1,1,12.41,Unit,true,ORAL B FRESH TOOTHBRUSH 1,2026-07-14T07:54:44.690Z,general,others,1003429,1003429,
-BLANK-,Unit,,0,,,BLANK,18,,1,1,12.41,Unit,true,ORAL B SHINY CLEAN TOOTHBRUSH 1,2026-07-14T07:54:44.690Z,general,others,1003431,1003431,
-BLANK-,Unit,,18,,,3009,185,,1,1,99.15,Unit,true,KOZICARE CREAM 15 GM,2026-07-14T07:54:44.690Z,general,others,1003435,1003435,
BAKSON'S,Unit,,0,,,BLANK,120,,1,1,72,Unit,true,GASTRO AID 115ML,2026-07-14T07:54:54.580Z,general,others,1003437,1003437,
BAKSON'S,Unit,,0,,,BLANK,110,,1,1,66,Unit,true,KOF AID 115ML,2026-07-14T07:54:54.580Z,general,others,1003438,1003438,
BAKSON'S,Unit,,0,,,BLANK,120,,1,1,72,Unit,true,SARSA AID 100ML,2026-07-14T07:54:54.580Z,general,others,1003439,1003439,
BAKSON'S,Unit,,0,,,BLANK,120,,1,1,72,Unit,true,BAKUNIL 115ML,2026-07-14T07:54:54.580Z,general,others,1003440,1003440,
BAKSON'S,Unit,,0,,,BLANK,120,,1,1,72,Unit,true,HOMOEOVIT 115,2026-07-14T07:54:54.580Z,general,others,1003441,1003441,
BAKSON'S,Unit,,0,,,BLANK,120,,1,1,72,Unit,true,DIGE AID SYRUP 115,2026-07-14T07:54:54.580Z,general,others,1003442,1003442,
BAKSON'S,Unit,,0,,,BLANK,130,,1,1,78,Unit,true,ALFALFA TONIC 115ML,2026-07-14T07:54:54.580Z,general,others,1003443,1003443,
BAKSON'S,Unit,,0,,,BLANK,130,,1,1,78,Unit,true,ASTHA AID 115ML,2026-07-14T07:54:54.580Z,general,others,1003444,1003444,
BAKSON'S,Unit,,0,,,BLANK,120,,1,1,72,Unit,true,JONDILA SYRUP 100ML,2026-07-14T07:54:54.580Z,general,others,1003445,1003445,
BAKSON'S,Strip,gastro aid tabs 75,0,BAKSON'S,false,BLANK,215,,1,75,129,Tablet,true,GASTRO AID TABS 75,2026-07-14T11:27:21.395Z,general,tablet,1003446,1003446,
BAKSON'S,Unit,,0,,,BLANK,215,,1,1,129,Unit,true,ALLER AID TAB 75,2026-07-14T07:54:54.580Z,general,others,1003447,1003447,
BAKSON'S,Strip,throat aid tab 75,0,BAKSON'S,false,BLANK,215,,1,75,129,Tablet,true,THROAT AID TAB 75,2026-07-15T04:32:20.023Z,general,tablet,1003448,1003448,
BAKSON'S,Unit,,0,,,BLANK,215,,1,1,129,Unit,true,ACNE AID 75,2026-07-14T07:54:54.580Z,general,others,1003449,1003449,
BAKSON'S,Strip,tonsil aid tab 75,0,BAKSON'S,false,BLANK,215,,1,75,129,Tablet,true,TONSIL AID TAB 75,2026-07-15T04:32:41.669Z,general,tablet,1003450,1003450,
BAKSON'S,Unit,,0,,,BLANK,215,,1,1,129,Unit,true,AC 9 TAB 75,2026-07-14T07:54:54.580Z,general,others,1003451,1003451,
BAKSON'S,Strip,formula d tab 75,0,BAKSON'S,false,BLANK,215,,1,75,129,Tablet,true,FORMULA D TAB 75,2026-07-14T11:25:58.021Z,general,tablet,1003452,1003452,
BAKSON'S,Strip,rheum aid tab 75,0,BAKSON'S,false,BLANK,215,,1,75,129,Tablet,true,RHEUM AID TAB 75,2026-07-15T04:26:13.733Z,general,tablet,1003453,1003453,
BAKSON'S,Strip,pilgo tab 75,0,BAKSON'S,false,BLANK,215,,1,75,129,Tablet,true,PILGO TAB 75,2026-07-15T03:53:19.060Z,general,tablet,1003454,1003454,
BAKSON'S,Strip,mig aid tab 75,0,BAKSON'S,false,BLANK,215,,1,75,129,Tablet,true,MIG AID TAB 75,2026-07-14T11:55:26.957Z,general,tablet,1003455,1003455,
BAKSON'S,Strip,y lax tab 75,0,BAKSON'S,false,BLANK,215,,1,75,129,Tablet,true,Y LAX TAB 75,2026-07-15T04:39:43.647Z,general,tablet,1003456,1003456,
BAKSON'S,Strip,kof aid tab 75,0,BAKSON'S,false,BLANK,215,,1,75,129,Tablet,true,KOF AID TAB 75,2026-07-14T11:49:33.356Z,general,tablet,1003457,1003457,
BAKSON'S,Strip,withania cosgulans tab 75,0,BAKSON'S,false,BLANK,210,,1,75,147,Tablet,true,WITHANIA COSGULANS TAB 75,2026-07-15T04:39:21.910Z,general,tablet,1003458,1003458,
BAKSON'S,Unit,,0,,,BLANK,170,,1,1,119,Unit,true,VITAMIN D PLUS 30,2026-07-14T07:54:54.580Z,general,others,1003459,1003459,
BAKSON'S,Strip,calci care tab 30,0,BAKSON'S,false,BLANK,165,,1,30,115,Tablet,true,CALCI CARE TAB 30,2026-07-14T11:14:27.274Z,general,tablet,1003460,1003460,
BAKSON'S,Unit,,0,,,BLANK,220,,1,1,154,Unit,true,FERRUM PLUS CAPSULE 30,2026-07-14T07:54:54.580Z,general,others,1003461,1003461,
BAKSON'S,Unit,,0,,,BLANK,385,,1,1,269,Unit,true,FLEXICARE CAPSULE 30,2026-07-14T07:54:54.580Z,general,others,1003462,1003462,
BAKSON'S,Unit,,0,,,BLANK,185,,1,1,111,Unit,true,BEEPEE AID DROP 30ML,2026-07-14T07:54:54.580Z,general,others,1003463,1003463,
BAKSON'S,Unit,,0,,,BLANK,185,,1,1,111,Unit,true,URIC AID 30ML,2026-07-14T07:54:54.580Z,general,others,1003464,1003464,
BAKSON'S,Unit,,0,,,BLANK,185,,1,1,111,Unit,true,SPONDY AID 30ML,2026-07-14T07:54:54.580Z,general,others,1003465,1003465,
BAKSON'S,Unit,,0,,,BLANK,205,,1,1,123,Unit,true,CARD AID DROP 30ML,2026-07-14T07:54:54.580Z,general,others,1003466,1003466,
BAKSON'S,Unit,,0,,,BLANK,150,,1,1,90,Unit,true,GO TEX 30ML,2026-07-14T07:54:54.580Z,general,others,1003467,1003467,
BAKSON'S,Unit,,0,,,BLANK,185,,1,1,111,Unit,true,LIPOMA AID 30ML,2026-07-14T07:54:54.580Z,general,others,1003468,1003468,
BAKSON'S,Unit,,0,,,BLANK,185,,1,1,111,Unit,true,PROSTATE AID 30ML,2026-07-14T07:54:54.580Z,general,others,1003470,1003470,
BAKSON'S,Unit,,0,,,BLANK,160,,1,1,96,Unit,true,STONE REMEDY DROP 30ML,2026-07-14T07:54:54.580Z,general,others,1003471,1003471,
BAKSON'S,Unit,,0,,,BLANK,185,,1,1,111,Unit,true,DIAB AID 30ML,2026-07-14T07:54:54.580Z,general,others,1003472,1003472,
BAKSON'S,Unit,,0,,,BLANK,270,,1,1,202.5,Unit,true,SUN CARE CREAM 100GM,2026-07-14T07:54:54.580Z,general,others,1003473,1003473,
BAKSON'S,Unit,,0,,,BLANK,155,,1,1,116,Unit,true,FACE WASH GEL 125GM,2026-07-14T07:54:54.580Z,general,others,1003474,1003474,
BAKSON'S,Unit,,0,,,BLANK,165,,1,1,123.5,Unit,true,FACE WASH 125GM,2026-07-14T07:54:54.580Z,general,others,1003476,1003476,
BAKSON'S,Unit,,0,,,BLANK,150,,1,1,112.5,Unit,true,FAIRNESS CREAM FOR WOMEN 100GM,2026-07-14T07:54:54.580Z,general,others,1003478,1003478,
BAKSON'S,Unit,,0,,,BLANK,160,,1,1,120,Unit,true,FAIRNESS CREAM FOR MEN 125GM,2026-07-14T07:54:54.580Z,general,others,1003479,1003479,
BAKSON'S,Unit,,0,,,BLANK,150,,1,1,112.5,Unit,true,APRICOT SCRUB 100GM,2026-07-14T07:54:54.580Z,general,others,1003480,1003480,
BAKSON'S,Unit,,0,,,BLANK,140,,1,1,105,Unit,true,FACE SCRUB 100GM,2026-07-14T07:54:54.580Z,general,others,1003481,1003481,
BAKSON'S,Unit,,0,,,BLANK,135,,1,1,101.25,Unit,true,MOSTURISING LOTION WITH ROSE 100ML,2026-07-14T07:54:54.580Z,general,others,1003482,1003482,
BAKSON'S,Unit,,0,,,BLANK,135,,1,1,101.25,Unit,true,DEEP CLEANSING MILK 100ML,2026-07-14T07:54:54.580Z,general,others,1003483,1003483,
BAKSON'S,Unit,,0,,,BLANK,135,,1,1,101.25,Unit,true,MOSTURISING LOTION WITH ALOVER 100ML,2026-07-14T07:54:54.580Z,general,others,1003484,1003484,
BAKSON'S,Unit,,0,,,BLANK,60,,1,1,45,Unit,true,AKNE AID SOAP 75GM,2026-07-14T07:54:54.580Z,general,others,1003485,1003485,
BAKSON'S,Unit,,0,,,BLANK,55,,1,1,41.25,Unit,true,TURMERIC SOAP 75GM,2026-07-14T07:54:54.580Z,general,others,1003486,1003486,
BAKSON'S,Unit,,0,,,BLANK,60,,1,1,45,Unit,true,NEEM TULSI SOAP 75GM,2026-07-14T07:54:54.580Z,general,others,1003487,1003487,
BAKSON'S,Unit,,0,,,BLANK,60,,1,1,45,Unit,true,DERM AID SOAP 75GM,2026-07-14T07:54:54.580Z,general,others,1003488,1003488,
BAKSON'S,Unit,,0,,,BLANK,70,,1,1,52.5,Unit,true,BABY CARE SOAP 75GM,2026-07-14T07:54:54.580Z,general,others,1003489,1003489,
BAKSON'S,Unit,,0,,,BLANK,65,,1,1,48.75,Unit,true,ALOVERA CALENDULA SOAP 75,2026-07-14T07:54:54.580Z,general,others,1003490,1003490,
BAKSON'S,Unit,,0,,,BLANK,265,,1,1,159,Unit,true,ALFAVENA MALT 300GM,2026-07-14T07:54:54.580Z,general,others,1003491,1003491,
BAKSON'S,Unit,,0,,,BLANK,170,,1,1,127.5,Unit,true,ALOVERA CREAM 125GM,2026-07-14T07:54:54.580Z,general,others,1003492,1003492,
BAKSON'S,Unit,,0,,,BLANK,215,,1,1,161.25,Unit,true,ARNICA SHAMPOO 250ML,2026-07-14T07:54:54.580Z,general,others,1003493,1003493,
BAKSON'S,Unit,,0,,,BLANK,165,,1,1,123.75,Unit,true,ARNICA SHAMPOO 150ML,2026-07-14T07:54:54.580Z,general,others,1003494,1003494,
BAKSON'S,Unit,,0,,,BLANK,115,,1,1,69,Unit,true,BIO COMBINATION 20 25GM,2026-07-14T07:54:54.580Z,general,others,1003495,1003495,
BAKSON'S,Unit,,0,,,BLANK,115,,1,1,69,Unit,true,BIO COMBINATION 25 25GM,2026-07-14T07:54:54.580Z,general,others,1003496,1003496,
BAKSON'S,Unit,,0,,,BLANK,200,,1,1,120,Unit,true,B DROP 30ML,2026-07-14T07:54:54.580Z,general,others,1003497,1003497,
BAKSON'S,Unit,pentaphos tab 25gm,0,BAKSON'S,false,BLANK,105,,1,1,63,Unit,true,PENTAPHOS TAB 25GM,2026-07-15T03:52:02.398Z,general,others,1003498,1003498,
BAKSON'S,Unit,,0,,,BLANK,95,,1,1,57,Unit,true,BIOCHEMIC 25GM,2026-07-14T07:54:54.580Z,general,others,1003499,1003499,
BAKSON'S,Unit,,0,,,BLANK,120,,1,1,63,Unit,true,BIOCHEMICS 25GM,2026-07-14T07:54:54.580Z,general,others,1003500,1003500,
BAKSON'S,Unit,,0,,,BLANK,185,,1,1,138.75,Unit,true,ARNICA HAIR OIL 150ML,2026-07-14T07:54:54.580Z,general,others,1003502,1003502,
BAKSON'S,Unit,,0,,,BLANK,255,,1,1,191.25,Unit,true,ARNICA HAIR OIL 250ML,2026-07-14T07:54:54.580Z,general,others,1003503,1003503,
BAKSON'S,Unit,,0,,,BLANK,75,,1,1,56.25,Unit,true,BAKSODENT TOOTHPASTE 100GM,2026-07-14T07:54:54.580Z,general,others,1003504,1003504,
BAKSON'S,Unit,,0,,,BLANK,75,,1,1,56.25,Unit,true,BAKSODENT GEL TOOTHPASTE 100GM,2026-07-14T07:54:54.580Z,general,others,1003505,1003505,
BAKSON'S,Unit,,0,,,BLANK,260,,1,1,195,Unit,true,ANTI AGING LOTION 80ML,2026-07-14T07:54:54.580Z,general,others,1003506,1003506,
BAKSON'S,Unit,,0,,,BLANK,145,,1,1,108.75,Unit,true,ANTI DANDRUFF SHAMPOO 150ML,2026-07-14T07:54:54.580Z,general,others,1003507,1003507,
BAKSON'S,Unit,,0,,,BLANK,140,,1,1,105,Unit,true,ANTI DANDRUFF SHAMPOO 150,2026-07-14T07:54:54.580Z,general,others,1003508,1003508,
BAKSON'S,Unit,,0,,,BLANK,180,,1,1,135,Unit,true,HAIR GROWTH 200ML,2026-07-14T07:54:54.580Z,general,others,1003509,1003509,
BAKSON'S,Unit,,0,,,BLANK,75,,1,1,45,Unit,true,CALENDULA OINT. 25,2026-07-14T07:54:54.580Z,general,others,1003510,1003510,
BAKSON'S,Unit,,0,,,BLANK,95,,1,1,57,Unit,true,S-CURE CREAM 30GM,2026-07-14T07:54:54.580Z,general,others,1003511,1003511,
BAKSON'S,Unit,,0,,,BLANK,95,,1,1,57,Unit,true,ACNE AID 30GM,2026-07-14T07:54:54.580Z,general,others,1003513,1003513,
BAKSON'S,Unit,,0,,,BLANK,75,,1,1,45,Unit,true,BAKSOINT 9 CREAM 25GM,2026-07-14T07:54:54.580Z,general,others,1003515,1003515,
BAKSON'S,Unit,,0,,,BLANK,100,,1,1,75,Unit,true,LORDENT TOOTHPASTE 100GM,2026-07-14T07:54:54.580Z,general,others,1003518,1003518,
BAKSON'S,Unit,,0,,,BLANK,125,,1,1,75,Unit,true,FERRUM PLUS TONIC 115ML,2026-07-14T07:54:54.580Z,general,others,1003521,1003521,
BAKSON'S,Unit,,18,,,3009,499,,1,1,299.4,Unit,true,HAIR REVIVER 100ML,2026-07-14T07:54:54.580Z,general,others,1003522,1003522,
BAKSON'S,Unit,,0,,,BLANK,120,,1,1,72,Unit,true,GLOW CARE CREAM 25GM,2026-07-14T07:54:54.580Z,general,others,1003524,1003524,
BAKSON'S,Unit,,0,,,BLANK,110,,1,1,66,Unit,true,AQUI PLUS CREAM 25GM,2026-07-14T07:54:54.580Z,general,others,1003526,1003526,
BAKSON'S,Unit,,0,,,BLANK,100,,1,1,60,Unit,true,WITCH HAZEL CREAM 25GM,2026-07-14T07:54:54.580Z,general,others,1003528,1003528,
BAKSON'S,Unit,,0,,,BLANK,115,,1,1,69,Unit,true,SOUNDARYA CREAM 30GM,2026-07-14T07:54:54.580Z,general,others,1003531,1003531,
BAKSON'S,Unit,b12 plus tablets 30,0,BAKSON'S,false,BLANK,450,,1,1,315,Unit,true,B12 PLUS TABLETS 30,2026-07-14T09:26:18.642Z,general,others,1003533,1003533,
BAKSON'S,Unit,,0,,,BLANK,190,,1,1,114,Unit,true,ESSENTIA AURIA 30ML,2026-07-14T07:54:54.580Z,general,others,1003535,1003535,
BAKSON'S,Unit,,0,,,BLANK,170,,1,1,102,Unit,true,CLEARSTONE DROP 30ML,2026-07-14T07:54:54.580Z,general,others,1003537,1003537,
BAKSON'S,Unit,,0,,,BLANK,165,,1,1,99,Unit,true,RITE HEIGHT 25GM,2026-07-14T07:54:54.580Z,general,others,1003539,1003539,
BAKSON'S,Unit,scalptone tab 25gm,0,BAKSON'S,false,BLANK,165,,1,1,99,Unit,true,SCALPTONE TAB 25GM,2026-07-15T04:28:16.427Z,general,others,1003541,1003541,
BAKSON'S,Unit,,0,,,BLANK,205,,1,1,123,Unit,true,TONICARD DROP 30ML,2026-07-14T07:54:54.580Z,general,others,1003543,1003543,
BAKSON'S,Unit,,0,,,BLANK,215,,1,1,129,Unit,true,B TRIM 30ML,2026-07-14T07:54:54.580Z,general,others,1003546,1003546,
BAKSON'S,Unit,,0,,,BLANK,115,,1,1,69,Unit,true,B C 21 25GM,2026-07-14T07:54:54.580Z,general,others,1003548,1003548,
-BLANK-,Unit,,0,,,BLANK,249,,1,1,162,Unit,true,DOT & KEY FACEWASH 100ML,2026-07-14T07:54:40.148Z,general,others,1003550,1003550,
-BLANK-,Unit,,18,,,3009,269,,1,1,161,Unit,true,MAMA EARTH FACEWASH 100ML,2026-07-14T07:54:44.690Z,general,others,1003552,1003552,
-BLANK-,Unit,,0,,,BLANK,205,,1,1,130,Unit,true,EVERYUTH FACEWASH 150ML,2026-07-14T07:54:40.148Z,general,others,1003554,1003554,
-BLANK-,Unit,,0,,,BLANK,99,,1,1,79,Unit,true,EVERYUTH SCRUB 50ML,2026-07-14T07:54:40.148Z,general,others,1003556,1003556,
-BLANK-,Unit,,5,,,3002,99,,1,1,79,Unit,true,EVERYUTH GOLDEN PEELOFF 50ML,2026-07-14T07:54:40.148Z,general,others,1003558,1003558,
-BLANK-,Unit,,0,,,BLANK,399,,1,1,240,Unit,true,MAMA EARTH SUNCREEN HYDRAGEL 50ML,2026-07-14T07:54:44.690Z,general,others,1003560,1003560,
-BLANK-,Unit,,18,,,3009,349,,1,1,210,Unit,true,MAMA EARTH SUNSCREEN VIT. C 50ML,2026-07-14T07:54:44.690Z,general,others,1003562,1003562,
-BLANK-,Unit,,0,,,BLANK,85,,1,1,74,Unit,true,HIMALAYA NEEM FACE PACK 50ML,2026-07-14T07:54:44.690Z,general,others,1003564,1003564,
-BLANK-,Unit,,0,,,BLANK,95,,1,1,82,Unit,true,HIMALAYA KESAR FACE PACK 50ML,2026-07-14T07:54:44.690Z,general,others,1003566,1003566,
-BLANK-,Unit,,0,,,BLANK,110,,1,1,94,Unit,true,HIMALAYA TURMERIC FACE PACK 50ML,2026-07-14T07:54:44.690Z,general,others,1003568,1003568,
-BLANK-,Unit,,0,,,BLANK,95,,1,1,81,Unit,true,HIMALAYA SCRUBS 50ML,2026-07-14T07:54:44.690Z,general,others,1003570,1003570,
-BLANK-,Unit,,0,,,BLANK,110,,1,1,95,Unit,true,HIMALAYA TURMERIC SCRUB 50ML,2026-07-14T07:54:44.690Z,general,others,1003572,1003572,
-BLANK-,Unit,,0,,,BLANK,180,,1,1,153,Unit,true,HIMALAYA ORANGE PEELOFF MASK 100ML,2026-07-14T07:54:44.690Z,general,others,1003575,1003575,
-BLANK-,Unit,,0,,,BLANK,90,,1,1,76,Unit,true,HIMALAYA KESAR FACEWWASH 50ML,2026-07-14T07:54:44.690Z,general,others,1003578,1003578,
-BLANK-,Unit,,0,,,BLANK,90,,1,1,76,Unit,true,HIMALAYA ROSE FACEWASH 50ML,2026-07-14T07:54:44.690Z,general,others,1003580,1003580,
-BLANK-,Unit,,0,,,BLANK,179,,1,1,152,Unit,true,HIMALAYA NEEM FACEWASH 100ML,2026-07-14T07:54:44.690Z,general,others,1003582,1003582,
-BLANK-,Unit,,0,,,BLANK,170,,1,1,144,Unit,true,HIMALAYA OIL CLEAR LEMON F/W 100ML,2026-07-14T07:54:44.690Z,general,others,1003584,1003584,
-BLANK-,Unit,,0,,,BLANK,170,,1,1,144,Unit,true,HIMALAYA ALOEVERA FACEWASH 100ML,2026-07-14T07:54:44.690Z,general,others,1003585,1003585,
-BLANK-,Unit,,0,,,BLANK,180,,1,1,153,Unit,true,HIMALAYA TAN REMOVAL FACEWASH 100ML,2026-07-14T07:54:44.690Z,general,others,1003588,1003588,
-BLANK-,Unit,,0,,,BLANK,210,,1,1,178,Unit,true,HIMALAYA POLLUTION DETOX 100ML,2026-07-14T07:54:44.690Z,general,others,1003590,1003590,
-BLANK-,Unit,,0,,,BLANK,220,,1,1,187,Unit,true,HIMALAYA BRIGHTENING VIT.C F/W 100ML,2026-07-14T07:54:44.690Z,general,others,1003592,1003592,
-BLANK-,Unit,,0,,,BLANK,100,,1,1,85,Unit,true,PATANJALI ALOEVERA GEL 100ML,2026-07-14T07:54:44.690Z,general,others,1003594,1003594,
-BLANK-,Unit,,0,,,BLANK,119,,1,1,92,Unit,true,GARNIER OIL CLEAR 50ML,2026-07-14T07:54:40.148Z,general,others,1003597,1003597,
-BLANK-,Unit,,0,,,BLANK,135,,1,1,105,Unit,true,GARNIER TURBOBRIGHT DUO 50ML,2026-07-14T07:54:40.148Z,general,others,1003599,1003599,
-BLANK-,Unit,,0,,,BLANK,239,,1,1,167,Unit,true,GARNIER TURBOBRIGHT 100ML,2026-07-14T07:54:40.148Z,general,others,1003601,1003601,
-BLANK-,Unit,,0,,,BLANK,249,,1,1,174,Unit,true,GARNIER ACNOFIGHT 100ML,2026-07-14T07:54:40.148Z,general,others,1003603,1003603,
-BLANK-,Unit,,0,,,BLANK,279,,1,1,195,Unit,true,GARNIER OIL CLEAR 100ML,2026-07-14T07:54:40.148Z,general,others,1003605,1003605,
-BLANK-,Unit,,0,,,BLANK,149,,1,1,105,Unit,true,STREAX PROFESSIONAL SERUM 45ML,2026-07-14T07:54:48.503Z,general,others,1003607,1003607,
-BLANK-,Unit,,0,,,BLANK,130,,1,1,100,Unit,true,STREAX SERUM 45ML,2026-07-14T07:54:48.503Z,general,others,1003609,1003609,
-BLANK-,Unit,,0,,,BLANK,119,,1,1,65,Unit,true,SWISS LIP BALM 10ML,2026-07-14T07:54:48.503Z,general,others,1003611,1003611,
-BLANK-,Unit,,0,,,BLANK,170,,1,1,136,Unit,true,HIMALAYA NOURSHING BODY LOTION 200ML,2026-07-14T07:54:44.690Z,general,others,1003613,1003613,
-BLANK-,Unit,,0,,,BLANK,175,,1,1,140,Unit,true,HIMALAYA TEA TREE SHAMPOO 180ML,2026-07-14T07:54:44.690Z,general,others,1003615,1003615,
-BLANK-,Unit,,0,,,BLANK,165,,1,1,132,Unit,true,HIMALAYA SHAMPOO 180ML,2026-07-14T07:54:44.690Z,general,others,1003619,1003619,
-BLANK-,Unit,,0,,,BLANK,199,,1,1,130,Unit,true,BEAR SHAMPOO 180 ML,2026-07-14T07:54:40.148Z,general,others,1003621,1003621,
-BLANK-,Unit,,0,,,BLANK,219,,1,1,176,Unit,true,LOREAL'S SHAMPOO 180 ML,2026-07-14T07:54:44.690Z,general,others,1003623,1003623,
-BLANK-,Unit,,0,,,BLANK,209,,1,1,167,Unit,true,LOREAL'S TOTAL REPAIR 180ML,2026-07-14T07:54:44.690Z,general,others,1003625,1003625,
-BLANK-,Unit,,0,,,BLANK,229,,1,1,185,Unit,true,LOREAL'S HYALURON MOISTURE 180ML,2026-07-14T07:54:44.690Z,general,others,1003627,1003627,
-BLANK-,Unit,,0,,,BLANK,249,,1,1,150,Unit,true,MAMA EARTH BABY SHAMPOO 200ML,2026-07-14T07:54:44.690Z,general,others,1003629,1003629,
-BLANK-,Unit,,0,,,BLANK,199,,1,1,120,Unit,true,MAMA EARTH BABY CREAM 60GM,2026-07-14T07:54:44.690Z,general,others,1003631,1003631,
-BLANK-,Unit,,0,,,BLANK,35,,1,1,29,Unit,true,GATSBY WATERGLOSS 30GM,2026-07-14T07:54:40.148Z,general,others,1003633,1003633,
-BLANK-,Unit,,0,,,BLANK,125,,1,1,90,Unit,true,NIVEA ROLL 25 ML,2026-07-14T07:54:44.690Z,general,others,1003635,1003635,
-BLANK-,Unit,,0,,,BLANK,599,,1,1,507.63,Unit,true,DERMA CO NIACINAMIDE 10% SERUM 30ML,2026-07-14T07:54:40.148Z,general,others,1003637,1003637,
-BLANK-,Unit,,18,,,3009,499,,1,1,422.89,Unit,true,DERMA CO NIACINAMIDE 5% SERUM 30 ML,2026-07-14T07:54:40.148Z,general,others,1003640,1003640,
-BLANK-,Unit,,18,,,3009,499,,1,1,300,Unit,true,DERMA CO SALICYCLIC ACID SERUM 30 ML,2026-07-14T07:54:40.148Z,general,others,1003642,1003642,
-BLANK-,Unit,,0,,,BLANK,499,,1,1,300,Unit,true,DERMA CO 2% KOJI ACID SERUM 30 ML,2026-07-14T07:54:40.148Z,general,others,1003644,1003644,
-BLANK-,Unit,,0,,,BLANK,299,,1,1,253.39,Unit,true,DERMACO 2% SALICYCLIC ACID F/W 100ML,2026-07-14T07:54:40.148Z,general,others,1003646,1003646,
-BLANK-,Unit,,0,,,BLANK,349,,1,1,210,Unit,true,DERMA CO 2% CICA GLOW F/W 100ML,2026-07-14T07:54:40.148Z,general,others,1003648,1003648,
-BLANK-,Unit,,0,,,BLANK,249,,1,1,211.02,Unit,true,DERMA CO SALI CINAMIDE F/W 80ML,2026-07-14T07:54:40.148Z,general,others,1003650,1003650,
-BLANK-,Unit,,0,,,BLANK,149,,1,1,90,Unit,true,DERMA CO CLEANSER 30 ML,2026-07-14T07:54:40.148Z,general,others,1003652,1003652,
-BLANK-,Unit,,0,,,BLANK,149,,1,1,90,Unit,true,DERMA CO CERAMIDE MOISTURIZER 25 ML,2026-07-14T07:54:40.148Z,general,others,1003654,1003654,
Galderma,Unit,cetaphil dam cream 30 gm,18,Galderma,false,3009,279,,1,1,206,Unit,true,CETAPHIL DAM CREAM 30 GM,2026-07-15T09:20:09.882274Z,general,others,1003656,1003656,
Galderma,Unit,cetaphil moisturizing lotion 100 ml,0,Galderma,false,BLANK,575,,1,1,425,Unit,true,CETAPHIL MOISTURIZING LOTION 100 ML,2026-07-15T09:22:33.152639Z,general,others,1003658,1003658,
Galderma,Unit,cetaphil gentle cleanser 250ml,18,Galderma,false,3009,769,,1,1,240,Unit,true,CETAPHIL GENTLE CLEANSER 250ML,2026-07-15T09:20:43.665289Z,general,others,1003660,1003660,
-BLANK-,Unit,,0,,,BLANK,199,,1,1,150,Unit,true,GARNIER VIT.C SERUM 15 ML,2026-07-14T07:54:40.148Z,general,others,1003662,1003662,
-BLANK-,Unit,,0,,,BLANK,445,,1,1,290,Unit,true,DOT & KEY SUNSCREEN SPF 50 50GM,2026-07-14T07:54:40.148Z,general,others,1003664,1003664,
-BLANK-,Unit,,0,,,BLANK,120,,1,1,85,Unit,true,STREAX VITARICH SHAMPOO 100 ML,2026-07-14T07:54:48.503Z,general,others,1003666,1003666,
-BLANK-,Unit,,0,,,BLANK,90,,1,1,76,Unit,true,VASELINE DEEP MOISTURE LOTION 90ML,2026-07-14T07:54:48.503Z,general,others,1003668,1003668,
-BLANK-,Unit,,0,,,BLANK,115,,1,1,108,Unit,true,VASELINE DAILY BRIGHTENING 90ML,2026-07-14T07:54:48.503Z,general,others,1003670,1003670,
-BLANK-,Unit,,0,,,BLANK,125,,1,1,100,Unit,true,VASELINE ALOE FRESH LOTION 90 ML,2026-07-14T07:54:48.503Z,general,others,1003672,1003672,
-BLANK-,Unit,,0,,,BLANK,435,,1,1,218,Unit,true,VASELINE DEEP MOISTURE LOTION 400ML,2026-07-14T07:54:48.503Z,general,others,1003674,1003674,
-BLANK-,Unit,,0,,,BLANK,500,,1,1,250,Unit,true,VASELINE DAILY BRIGHTENING 400ML,2026-07-14T07:54:48.503Z,general,others,1003676,1003676,
-BLANK-,Unit,,0,,,BLANK,515,,1,1,260,Unit,true,VASELINE COCOA GLOW LOTION 400ML,2026-07-14T07:54:48.503Z,general,others,1003678,1003678,
-BLANK-,Unit,,0,,,BLANK,199,,1,1,130,Unit,true,BELLA VITA SHOWER GEL 250 ML,2026-07-14T07:54:40.148Z,general,others,1003680,1003680,
-BLANK-,Unit,,0,,,BLANK,140,,1,1,95,Unit,true,PEARS BODY WASH 250 ML,2026-07-14T07:54:44.690Z,general,others,1003682,1003682,
-BLANK-,Unit,,0,,,BLANK,230,,1,1,193,Unit,true,GATSBY SIDE BLOW HAIR WAX 75 GM,2026-07-14T07:54:40.148Z,general,others,1003684,1003684,
-BLANK-,Unit,,0,,,BLANK,90,,1,1,75,Unit,true,GATSBY SOLID MOHAWK HAIR WAX 25 GM,2026-07-14T07:54:40.148Z,general,others,1003688,1003688,
-BLANK-,Unit,,0,,,BLANK,100,,1,1,87,Unit,true,GATSBY HAIR WAX 100 25 GM,2026-07-14T07:54:40.148Z,general,others,1003690,1003690,
-BLANK-,Unit,,0,,,BLANK,125,,1,1,105,Unit,true,GATSBY HIGH VOLUME HAIR WAX 25 GM,2026-07-14T07:54:40.148Z,general,others,1003692,1003692,
-BLANK-,Unit,,0,,,BLANK,80,,1,1,67,Unit,true,GATSBY WATER GLOSS HAIR GEL 75 GM,2026-07-14T07:54:40.148Z,general,others,1003694,1003694,
-BLANK-,Unit,,0,,,BLANK,132,,1,1,85,Unit,true,VLCC FACIAL KIT 25 GM,2026-07-14T07:54:48.503Z,general,others,1003696,1003696,
-BLANK-,Unit,,0,,,BLANK,30,,1,1,6.66,Unit,true,MAX WOMEN RAZOR 6,2026-07-14T07:54:44.690Z,general,others,1003698,1003698,
-BLANK-,Unit,,0,,,BLANK,280,,1,1,80,Unit,true,HAIR BRUSH 1`,2026-07-14T07:54:40.148Z,general,others,1003700,1003700,
-BLANK-,Unit,,0,,,BLANK,75,,1,1,25,Unit,true,DR.RASHEL SHEET MASK 1,2026-07-14T07:54:40.148Z,general,others,1003702,1003702,
-BLANK-,Unit,,0,,,BLANK,14,,1,1,7.5,Unit,true,DR.RASHEL NOSE STRIP 10,2026-07-14T07:54:40.148Z,general,others,1003704,1003704,
-BLANK-,Unit,,0,,,BLANK,199,,1,1,120,Unit,true,DR.RASHEL ACNE PATCH 1,2026-07-14T07:54:40.148Z,general,others,1003706,1003706,
-BLANK-,Unit,,0,,,BLANK,60,,1,1,18.33,Unit,true,CLAMY GEL EYE PATCHS 6*2,2026-07-14T07:54:40.148Z,general,others,1003708,1003708,
-BLANK-,Unit,,0,,,BLANK,110,,1,1,94,Unit,true,DENVER TALCUM 100GM,2026-07-14T07:54:40.148Z,general,others,1003710,1003710,
-BLANK-,Unit,,0,,,BLANK,249,,1,1,106,Unit,true,DENVER TALCUM 300GM,2026-07-14T07:54:40.148Z,general,others,1003712,1003712,
-BLANK-,Unit,,0,,,BLANK,99,,1,1,85,Unit,true,DENVER BLACK CODE TALCUM 100GM,2026-07-14T07:54:40.148Z,general,others,1003714,1003714,
-BLANK-,Unit,,0,,,BLANK,220,,1,1,93,Unit,true,DENVER BLACK CODE TALCUM 300GM,2026-07-14T07:54:40.148Z,general,others,1003716,1003716,
-BLANK-,Unit,,0,,,BLANK,415,,1,1,290,Unit,true,PONDS DREAMFLOWERS TALCUM 400GM,2026-07-14T07:54:44.690Z,general,others,1003718,1003718,
-BLANK-,Unit,,0,,,BLANK,77,,1,1,65,Unit,true,PONDS TALCUM 77 50GM,2026-07-14T07:54:44.690Z,general,others,1003721,1003721,
-BLANK-,Unit,,0,,,BLANK,75,,1,1,64,Unit,true,PONDS DREAMFLOWER 50GM,2026-07-14T07:54:44.690Z,general,others,1003723,1003723,
-BLANK-,Unit,,0,,,BLANK,330,,1,1,150,Unit,true,WILDSTONE FRAGNANT TALC 400GM,2026-07-14T07:54:48.503Z,general,others,1003725,1003725,
-BLANK-,Unit,,0,,,BLANK,220,,1,1,140,Unit,true,WILDSTONE ACTIV 300GM,2026-07-14T07:54:48.503Z,general,others,1003727,1003727,
-BLANK-,Unit,,0,,,BLANK,49,,1,1,39,Unit,true,WILDSTONE TALCUM 50GM,2026-07-14T07:54:48.503Z,general,others,1003729,1003729,
-BLANK-,Unit,,5,,,3002,32.67,,1,1,8.5,Unit,true,ELDERVIT INJ 2,2026-07-14T07:54:40.148Z,general,others,1003731,1003731,
-BLANK-,Unit,,18,,,3009,250,,1,1,169.85,Unit,true,DROOLS ADULT CHICKEN GRAVY 60GM 10+2,2026-07-14T07:54:40.148Z,general,others,1003733,1003733,
-BLANK-,Unit,,18,,,3009,177.08,,1,1,84.32,Unit,true,DROOLS BONES BISCUIT 1KG,2026-07-14T07:54:40.148Z,general,others,1003735,1003735,
-BLANK-,Unit,,18,,,3009,101,,1,1,72.14,Unit,true,SOLINE'S EYE DROP 10ML,2026-07-14T07:54:48.503Z,general,others,1003737,1003737,
IPCA,Unit,,18,,,3009,744.79,,1,1,567.46,Unit,true,ACNE UV CREAM SPF 30 60 GM,2026-07-14T07:55:03.022Z,general,others,1003739,1003739,
-BLANK-,Unit,,5,,,3002,69,,1,1,49.29,Unit,true,ITONE EYE DROP 10ML,2026-07-14T07:54:44.690Z,general,others,1003741,1003741,
-BLANK-,Unit,,12,,,3004,360,,1,1,274.29,Unit,true,KERAGLO AD SHAMPOO 75 ML,2026-07-14T07:54:44.690Z,general,others,1003743,1003743,
CIPLA,Unit,,5,,,3002,17.47,,1,1,12.24,Unit,true,ASTHALIN RESPIRATOR SOLUTION 15ML,2026-07-14T07:54:54.580Z,general,others,1003746,1003746,
CIPLA,Unit,,12,,,3004,397.82,,1,1,284.17,Unit,true,FORACORT 200 INHALER WITH DC 1,2026-07-14T07:54:54.580Z,general,others,1003748,1003748,
DENVER,Unit,,0,,,BLANK,230,,1,1,135,Unit,true,DENVER HAMILTON DEO 165 ML,2026-07-14T07:54:59.078Z,general,others,1003750,1003750,
DENVER,Unit,,0,,,BLANK,220,,1,1,130,Unit,true,DENVER HAMILTON INTIGRITY DEO 165 ML,2026-07-14T07:54:59.078Z,general,others,1003752,1003752,
DENVER,Unit,,0,,,BLANK,290,,1,1,140,Unit,true,DENVER ORIGINAL BLACK CODE DEO 200ML,2026-07-14T07:54:59.078Z,general,others,1003754,1003754,
DENVER,Unit,,0,,,BLANK,290,,1,1,140,Unit,true,DENVER HAMILTON GREEN DEO 200ML,2026-07-14T07:54:59.078Z,general,others,1003756,1003756,
-BLANK-,Unit,,0,,,BLANK,299,,1,1,180,Unit,true,ENVY PERFUME 60ML,2026-07-14T07:54:40.148Z,general,others,1003758,1003758,
-BLANK-,Unit,,0,,,BLANK,225,,1,1,160,Unit,true,FOGG WOMEN'S PERFUME 120ML,2026-07-14T07:54:40.148Z,general,others,1003760,1003760,
-BLANK-,Unit,,0,,,BLANK,89,,1,1,71,Unit,true,AXE SHAVING CREAM 78GM,2026-07-14T07:54:40.148Z,general,others,1003762,1003762,
-BLANK-,Unit,,0,,,BLANK,220,,1,1,185,Unit,true,DOVE NUTRIVITIVE SHAMPOO 175 ML,2026-07-14T07:54:40.148Z,general,others,1003764,1003764,
-BLANK-,Unit,,0,,,BLANK,224,,1,1,189,Unit,true,DOVE INTENSVE REPAIR SHAMPOO 175 ML,2026-07-14T07:54:40.148Z,general,others,1003766,1003766,
-BLANK-,Unit,,0,,,BLANK,285,,1,1,145,Unit,true,NIVEA DEO MEN'S DEO 150ML,2026-07-14T07:54:44.690Z,general,others,1003768,1003768,
-BLANK-,Unit,,0,,,BLANK,285,,1,1,145,Unit,true,NIVEA WOMEN'S DEO 150 ML,2026-07-14T07:54:44.690Z,general,others,1003770,1003770,
-BLANK-,Unit,,0,,,BLANK,209,,1,1,175,Unit,true,TRESEMME KERATIN SMOOTH 185 ML,2026-07-14T07:54:48.503Z,general,others,1003773,1003773,
-BLANK-,Unit,,0,,,BLANK,200,,1,1,168,Unit,true,TRESEMME SMOOTH & SHINE 185ML,2026-07-14T07:54:48.503Z,general,others,1003775,1003775,
-BLANK-,Unit,,0,,,BLANK,249,,1,1,150,Unit,true,BELLAVITA MEN'S PERFUME 150ML,2026-07-14T07:54:40.148Z,general,others,1003777,1003777,
-BLANK-,Unit,,0,,,BLANK,249,,1,1,150,Unit,true,BELLAVITA WOMEN'S PERFUME 150ML,2026-07-14T07:54:40.148Z,general,others,1003779,1003779,
-BLANK-,Unit,,0,,,BLANK,99,,1,1,79,Unit,true,GARNIER HAIR COLOR 35ML,2026-07-14T07:54:40.148Z,general,others,1003781,1003781,
-BLANK-,Unit,,0,,,BLANK,265,,1,1,135,Unit,true,SETWET DEODRANTS 150 ML,2026-07-14T07:54:48.503Z,general,others,1003784,1003784,
-BLANK-,Unit,,0,,,BLANK,250,,1,1,125,Unit,true,SETWET SWAG DEODRANT 150 ML,2026-07-14T07:54:48.503Z,general,others,1003786,1003786,
-BLANK-,Unit,,0,,,BLANK,225,,1,1,130,Unit,true,PARK AVENUE ORIGINAL DEO 150ML,2026-07-14T07:54:44.690Z,general,others,1003788,1003788,
-BLANK-,Unit,,0,,,BLANK,160,,1,1,136,Unit,true,HIMALAYA ROSE FACE WASH 100ML,2026-07-14T07:54:44.690Z,general,others,1003790,1003790,
-BLANK-,Unit,,0,,,BLANK,140,,1,1,118,Unit,true,GATSBY ULTRA HARD HAIR SPRAY 66 ML,2026-07-14T07:54:40.148Z,general,others,1003794,1003794,
-BLANK-,Unit,,0,,,BLANK,120,,1,1,102,Unit,true,GATSBY SUPER HARD HAIR SPRAY 66 ML,2026-07-14T07:54:40.148Z,general,others,1003795,1003795,
-BLANK-,Unit,,0,,,BLANK,499,,1,1,88.33,Unit,true,GHAR SOAP 50 GM,2026-07-14T07:54:40.148Z,general,others,1003797,1003797,
-BLANK-,Unit,,0,,,BLANK,130,,1,1,115,Unit,true,GLOW & LOVELY 50GM,2026-07-14T07:54:40.148Z,general,others,1003799,1003799,
-BLANK-,Unit,,0,,,BLANK,99,,1,1,79,Unit,true,PONDS BB CREAM 9 GM,2026-07-14T07:54:44.690Z,general,others,1003801,1003801,
-BLANK-,Unit,,0,,,BLANK,59,,1,1,48,Unit,true,PONDS BB CREAM 3 GM,2026-07-14T07:54:44.690Z,general,others,1003803,1003803,
-BLANK-,Unit,,0,,,BLANK,219,,1,1,155,Unit,true,GARNIER VIT. CREAM 65 GM,2026-07-14T07:54:40.148Z,general,others,1003805,1003805,
-BLANK-,Unit,,0,,,BLANK,90,,1,1,76,Unit,true,HIMALAYA FACE GEL 100 ML,2026-07-14T07:54:44.690Z,general,others,1003807,1003807,
-BLANK-,Unit,,0,,,BLANK,60,,1,1,35,Unit,true,RAAGA DETAN SACHET 25ML,2026-07-14T07:54:44.690Z,general,others,1003809,1003809,
-BLANK-,Unit,,0,,,BLANK,65,,1,1,54,Unit,true,WHITE TONE TALCUM 50GM,2026-07-14T07:54:48.503Z,general,others,1003811,1003811,
-BLANK-,Unit,,0,,,BLANK,85,,1,1,75,Unit,true,WHITE TONE TALCUM 1OO GM,2026-07-14T07:54:48.503Z,general,others,1003813,1003813,
-BLANK-,Unit,,0,,,BLANK,90,,1,1,68,Unit,true,JOY LOTION 100 ML,2026-07-14T07:54:44.690Z,general,others,1003815,1003815,
-BLANK-,Unit,,0,,,BLANK,140,,1,1,84,Unit,true,JOY SUN LOTION 100 ML,2026-07-14T07:54:44.690Z,general,others,1003817,1003817,
-BLANK-,Unit,,0,,,BLANK,85,,1,1,60,Unit,true,NIVEA BODY LOTION 75 ML,2026-07-14T07:54:44.690Z,general,others,1003819,1003819,
-BLANK-,Unit,,0,,,BLANK,60.51,,1,1,51,Unit,true,HIMALAYA GENTLE BABY SOAP 75GM,2026-07-14T07:54:44.690Z,general,others,1003823,1003823,
-BLANK-,Unit,,0,,,BLANK,186.86,,1,1,168,Unit,true,HIMALAYA BABY POWDER 200GM,2026-07-14T07:54:44.690Z,general,others,1003825,1003825,
-BLANK-,Unit,,0,,,BLANK,105,,1,1,76,Unit,true,HIMALAYA BABY CREAM 50ML,2026-07-14T07:54:44.690Z,general,others,1003827,1003827,
-BLANK-,Unit,,18,,,3009,93.43,,1,1,80.5,Unit,true,MARGO SOAP SET 75GM,2026-07-14T07:54:44.690Z,general,others,1003829,1003829,
-BLANK-,Unit,,0,,,BLANK,30,,1,1,10.2,Unit,true,TILISMI MOTI 1,2026-07-14T07:54:48.503Z,general,others,1003831,1003831,
DABUR,Unit,,18,,,BLANK,54,,1,1,47.52,Unit,true,GULABARI 120ML,2026-07-14T07:54:59.078Z,general,others,1003833,1003833,
DABUR,Unit,,18,,,3009,16,,1,1,14,Unit,true,GULABARI 30ML,2026-07-14T07:54:59.078Z,general,others,1003835,1003835,
NESTLE,Unit,,18,,,3009,450,,1,1,340.5,Unit,true,NANO PRO 1 TIN 200,2026-07-14T07:55:06.900Z,general,others,1003837,1003837,
NESTLE,Unit,,18,,,3009,845,,1,1,656.97,Unit,true,NAN PRO 3 400GM,2026-07-14T07:55:06.900Z,general,others,1003840,1003840,
NESTLE,Unit,,5,,,3002,420,,1,1,363.64,Unit,true,KITKAT MINI 11.9 GM * 42,2026-07-14T07:55:06.900Z,general,others,1003842,1003842,
NESTLE,Unit,,5,,,3002,10,,1,1,8.54,Unit,true,MILKYBAR CHOCOLATE 1*12.5GM,2026-07-14T07:55:06.900Z,general,others,1003847,1003847,
NESTLE,Unit,,0,,,BLANK,10,,1,1,8.96,Unit,true,MUNCH TWIN 1* 17.4 GM,2026-07-14T07:55:06.900Z,general,others,1003849,1003849,
NESTLE,Unit,,0,,,BLANK,8.9,,1,1,9,Unit,true,HAPPY DENT 1,2026-07-14T07:55:06.900Z,general,others,1003852,1003852,
NESTLE,Unit,,5,,,3002,5,,1,1,4.18,Unit,true,POLO MINT 1,2026-07-14T07:55:06.900Z,general,others,1003856,1003856,
-BLANK-,Unit,,0,,,BLANK,125,,1,1,55,Unit,true,HAIR COMB NEEM 1,2026-07-14T07:54:44.690Z,general,others,1003858,1003858,
-BLANK-,Unit,,0,,,BLANK,29,,1,1,16,Unit,true,HAIR COMB FIBRE 1,2026-07-14T07:54:40.148Z,general,others,1003860,1003860,
-BLANK-,Unit,,0,,,BLANK,40,,1,1,20,Unit,true,NAPTHLENE BALLS 50GM*1,2026-07-14T07:54:44.690Z,general,others,1003862,1003862,
-BLANK-,Unit,,0,,,BLANK,130,,1,1,108.33,Unit,true,SOFY XL BODYFIT 18,2026-07-14T07:54:48.503Z,general,others,1003864,1003864,
-BLANK-,Unit,,0,,,BLANK,149,,1,1,133.04,Unit,true,STAYFREE NIGHT XXL 18,2026-07-14T07:54:48.503Z,general,others,1003866,1003866,
-BLANK-,Unit,,0,,,BLANK,170,,1,1,148,Unit,true,PARACHUTE ADV COCONUT OIL 225 ML,2026-07-14T07:54:44.690Z,general,others,1003868,1003868,
-BLANK-,Unit,,0,,,BLANK,98,,1,1,89,Unit,true,PARACHUTE COCONUT OIL 175 ML,2026-07-14T07:54:44.690Z,general,others,1003870,1003870,
-BLANK-,Unit,,0,,,BLANK,20,,1,1,18,Unit,true,PARACHUTE COCONUT OIL SMALL 40 ML,2026-07-14T07:54:44.690Z,general,others,1003872,1003872,
-BLANK-,Unit,,0,,,BLANK,10,,1,1,8,Unit,true,SHANTI NIHAR AMLA OIL 28 ML,2026-07-14T07:54:48.503Z,general,others,1003874,1003874,
-BLANK-,Unit,,0,,,BLANK,20,,1,1,19.8,Unit,true,SHANTI NIHAR AMLA OIL 56 ML,2026-07-14T07:54:48.503Z,general,others,1003876,1003876,
-BLANK-,Unit,,0,,,BLANK,45,,1,1,35,Unit,true,SHANTI NIHAR AMLA OIL 140 ML,2026-07-14T07:54:48.503Z,general,others,1003878,1003878,
-BLANK-,Unit,,0,,,BLANK,81,,1,1,70,Unit,true,SHANTI NIHAR AMLA OIL 240 ML,2026-07-14T07:54:48.503Z,general,others,1003880,1003880,
-BLANK-,Unit,,0,,,BLANK,20,,1,1,16,Unit,true,BAJAJ ALMOND DROP OIL 35 ML,2026-07-14T07:54:40.148Z,general,others,1003882,1003882,
-BLANK-,Unit,,0,,,BLANK,75,,1,1,65,Unit,true,BAJAJ ALMOND DROP OIL 114 ML,2026-07-14T07:54:40.148Z,general,others,1003883,1003883,
-BLANK-,Unit,,0,,,BLANK,150,,1,1,130,Unit,true,BAJAJ ALMOND DROP OIL 190 ML,2026-07-14T07:54:40.148Z,general,others,1003884,1003884,
-BLANK-,Unit,,0,,,BLANK,25,,1,1,17,Unit,true,ODONIL CUBES 24 GM,2026-07-14T07:54:44.690Z,general,others,1003886,1003886,
-BLANK-,Unit,,0,,,BLANK,60,,1,1,46,Unit,true,ODONIL HANGS MIX ODOUR 10 GM,2026-07-14T07:54:44.690Z,general,others,1003888,1003888,
-BLANK-,Unit,,0,,,BLANK,70,,1,1,55,Unit,true,LIVON ANTI FRIZ SERUM 20 ML,2026-07-14T07:54:44.690Z,general,others,1003890,1003890,
-BLANK-,Unit,,0,,,BLANK,185,,1,1,148,Unit,true,COLGATE PLAX MOUTH WASH 250 ML,2026-07-14T07:54:40.148Z,general,others,1003892,1003892,
-BLANK-,Unit,,0,,,BLANK,180,,1,1,153,Unit,true,ZANDU BALM 50 ML,2026-07-14T07:54:48.503Z,general,others,1003894,1003894,
-BLANK-,Unit,,0,,,BLANK,125,,1,1,105,Unit,true,ZANDU ULTRA BALM 25 ML,2026-07-14T07:54:48.503Z,general,others,1003896,1003896,
-BLANK-,Unit,,0,,,BLANK,160,,1,1,8.5,Unit,true,DR.RASHEL NOSE STRIP VIT C 10,2026-07-14T07:54:40.148Z,general,others,1003899,1003899,
-BLANK-,Unit,,0,,,BLANK,100,,1,1,88,Unit,true,MORTEIN COMBI,2026-07-14T07:54:44.690Z,general,others,1003901,1003901,
-BLANK-,Unit,,0,,,BLANK,85,,1,1,73,Unit,true,MORTEIN REFILL 25ML,2026-07-14T07:54:44.690Z,general,others,1003903,1003903,
-BLANK-,Unit,,0,,,BLANK,80,,1,1,58,Unit,true,FEM GOLD BLEACH 16GM,2026-07-14T07:54:40.148Z,general,others,1003906,1003906,
-BLANK-,Unit,,5,,,3002,99,,1,1,80.59,Unit,true,FIGARO OLIVE OIL 45 ML,2026-07-14T07:54:40.148Z,general,others,1003910,1003910,
-BLANK-,Unit,,5,,,3002,189,,1,1,162.63,Unit,true,FIGARO OLIVE OIL 100 ML,2026-07-14T07:54:40.148Z,general,others,1003912,1003912,
-BLANK-,Unit,,0,,,BLANK,31,,1,1,19,Unit,true,MAXO MOSQUITO COIL 1,2026-07-14T07:54:44.690Z,general,others,1003914,1003914,
-BLANK-,Unit,,18,,,3009,99,,1,1,73.6,Unit,true,VENUS RAZOR 1,2026-07-14T07:54:48.503Z,general,others,1003922,1003922,
-BLANK-,Unit,,0,,,BLANK,66,,1,1,54.16,Unit,true,ENO LEMON SIXER 5GM*6,2026-07-14T07:54:40.148Z,general,others,1003925,1003925,
-BLANK-,Unit,benzac ac 5% 30 gm,12,-BLANK-,false,3004,267.5,Benzoyl peroxide,1,1,191.07,Unit,true,BENZAC AC 5% 30 GM,2026-07-15T02:56:59.377319Z,general,others,1003927,1003927,
-BLANK-,Unit,,12,,,3004,171.56,,1,1,130.72,Unit,true,C2SOFT SOFTGEL VAGINAL CAP 7,2026-07-14T07:54:40.148Z,general,others,1003929,1003929,
MANKIND,Strip,amlokind 5 mg 15,5,MANKIND,false,3002,23.67,Amlodipine,1,15,18.03,Tablet,true,AMLOKIND 5 MG 15,2026-07-15T02:06:56.383114Z,general,tablet,1003931,1003931,
ARISTRO,Strip,ovral l 21,0,ARISTRO,false,BLANK,66.5,,1,21,57.32,Tablet,true,OVRAL L 21,2026-07-15T13:13:36.342Z,general,tablet,1003933,1003933,
-BLANK-,Strip,naprosyn d 250 10,5,-BLANK-,false,3002,85.58,,1,10,65.2,Tablet,true,NAPROSYN D 250 10,2026-07-15T11:54:10.524Z,general,tablet,1003935,1003935,
-BLANK-,Strip,naprosyn d 500 10,5,-BLANK-,false,3002,112.88,,1,10,85.98,Tablet,true,NAPROSYN D 500 10,2026-07-15T11:54:25.820Z,general,tablet,1003937,1003937,
NUTRICIA,Unit,,5,,,3002,960,,1,1,831.17,Unit,true,APTAMIL GOLD STAGE 2 400 GM,2026-07-14T07:55:06.900Z,general,others,1003939,1003939,
NUTRICIA,Unit,,18,,,3009,720.76,,1,1,624.03,Unit,true,APTAMIL PRETERM 400 GM,2026-07-14T07:55:06.900Z,general,others,1003941,1003941,
ABOTT,Unit,,18,,,3009,391.53,,1,1,339.32,Unit,true,ENSURE VANILLA 400 GM,2026-07-14T07:54:48.503Z,general,others,1003943,1003943,
PFIZER,Strip,folvite tab 45,5,PFIZER,false,3002,72.58,,1,45,59.58,Tablet,true,FOLVITE TAB 45,2026-07-14T11:25:30.407Z,general,tablet,1003945,1003945,
ARISTRO,Unit,,12,,,3004,286.88,,1,1,218.57,Unit,true,LULIDERM 20GM,2026-07-14T07:54:54.580Z,general,others,1003947,1003947,
CIPLA,Unit,,12,,,3004,17.71,,1,1,12.65,Unit,true,NORFLOX DROP 10ML,2026-07-14T07:54:54.580Z,general,others,1003949,1003949,
IPCA,Strip,perinorm tab 10,12,IPCA,false,3004,15.34,,1,10,10.96,Tablet,true,PERINORM TAB 10,2026-07-15T03:52:28.928Z,general,tablet,1003951,1003951,
ABOTT,Unit,,5,,,3002,479,,1,1,364.58,Unit,true,SELSUN SHAMPOO 120ML,2026-07-14T07:54:48.503Z,general,others,1003953,1003953,
CENTAUR,Unit,,5,,,3002,125.81,,1,1,89.87,Unit,true,SINAREST DROP 15 ML,2026-07-14T07:54:54.580Z,general,others,1003955,1003955,
SYSTOPICS,Unit,,5,,,3002,110,,1,1,83.81,Unit,true,TOPISAL 6 LOTION 50ML,2026-07-14T07:55:10.883Z,general,others,1003957,1003957,
SUN PHARMA,Strip,trigabatin 100,12,SUN PHARMA,false,3004,205,,1,10,146.43,Tablet,true,TRIGABATIN 100,2026-07-15T15:47:08.297Z,general,tablet,1003959,1003959,
CADILA,Strip,vasograin ec,5,CADILA,false,3002,198.19,,1,20,151,Tablet,true,VASOGRAIN EC,2026-07-15T15:52:41.402Z,general,tablet,1003961,1003961,
TORRENT,Strip,vizilac capsule,5,TORRENT,false,3002,95,,1,15,72.18,Capsule,true,VIZILAC CAPSULE,2026-07-15T15:57:48.897Z,general,capsule,1003963,1003963,
TORRENT,Strip,vizylac gg capsule,18,TORRENT,false,3009,545,,1,10,369.49,Capsule,true,VIZYLAC GG CAPSULE,2026-07-15T15:57:59.025Z,general,capsule,1003965,1003965,
-BLANK-,Unit,,0,,,BLANK,399,,1,1,106,Unit,true,ICE ROLLER 1,2026-07-14T07:54:44.690Z,general,others,1003967,1003967,
-BLANK-,Unit,,0,,,BLANK,1999,,1,1,143,Unit,true,DERMA ROLLER 540 TITANIUN 1,2026-07-14T07:54:40.148Z,general,others,1003970,1003970,
-BLANK-,Unit,,0,,,BLANK,105,,1,1,93,Unit,true,VASELINE COCOA LOTION 90 ML,2026-07-14T07:54:48.503Z,general,others,1003975,1003975,
-BLANK-,Unit,,5,,,3002,180,,1,1,135,Unit,true,THERMOSEAL PROXA NS BRUSHES 1,2026-07-14T07:54:48.503Z,general,others,1003977,1003977,
-BLANK-,Unit,,18,,,3009,121.91,,1,1,92.88,Unit,true,PEDIFLOR KIDS TOOTHPASTE 70 GM,2026-07-14T07:54:44.690Z,general,others,1003979,1003979,
-BLANK-,Unit,,0,,,BLANK,1449,,1,1,482.1,Unit,true,PAMPERS PREMIUM NB 70,2026-07-14T07:54:44.690Z,general,others,1003981,1003981,
-BLANK-,Unit,,5,,,3002,252.19,,1,1,192.14,Unit,true,BACGAB GEL 30GM,2026-07-14T07:54:40.148Z,general,others,1003983,1003983,
GLAXOSMITHKLIN,Unit,,12,,,3004,180.1,,1,1,128.64,Unit,true,ELTROXIN 100MG 120,2026-07-14T07:54:59.078Z,general,others,1003985,1003985,
AJANTA,Unit,,12,,,3004,255,,1,1,182.14,Unit,true,OLOPAT KT EYE DROP 10ML,2026-07-14T07:54:48.503Z,general,others,1003987,1003987,
-BLANK-,Strip,lorsante 10,12,-BLANK-,false,3004,80,,1,10,58.16,Tablet,true,LORSANTE 10,2026-07-15T11:21:37.480329Z,general,tablet,1003989,1003989,
-BLANK-,Unit,,0,,,BLANK,103.13,,1,1,83,Unit,true,CIMICIFUGA RACEMOSA 30C 30ML,2026-07-14T07:54:40.148Z,general,others,1003991,1003991,
HIMALAYA,Strip,himalaya neem tab 60,5,HIMALAYA,false,3002,240,,1,60,182.86,Tablet,true,HIMALAYA NEEM TAB 60,2026-07-14T11:48:23.049Z,general,tablet,1003993,1003993,
JB PHARMACEUTICAL,Unit,,5,,,3002,69,,1,1,46.85,Unit,true,SPORLAC GG 10*0.75,2026-07-14T07:55:03.022Z,general,others,1003995,1003995,
CADILA,Unit,,12,,,3004,37.97,,1,1,22.6,Unit,true,LIGNOCAD 30 GM,2026-07-14T07:54:54.580Z,general,others,1003997,1003997,
ABOTT,Unit,,5,,,3002,590.62,,1,1,449.98,Unit,true,DUPHALAC SYRUP 450ML,2026-07-14T07:54:48.503Z,general,others,1003999,1003999,
KLM,Unit,,5,,,3002,275,,1,1,208.57,Unit,true,KENZ-SAL LOTION 60 ML,2026-07-14T07:55:03.022Z,general,others,1004001,1004001,
HIMALAYA,Unit,,5,,,3002,300,,1,1,228.58,Unit,true,HIMALAYA SHATAVARI WOMEN'S 60,2026-07-14T07:55:03.022Z,general,others,1004003,1004003,
HIMALAYA,Unit,,5,,,3002,275,,1,1,201.67,Unit,true,HIMALAYA TRIPHALA BOWEL 60,2026-07-14T07:55:03.022Z,general,others,1004005,1004005,
AJANTA,Unit,,12,,,3004,206,,1,1,147.14,Unit,true,ZAHA EYE DROP 3ML,2026-07-14T07:54:48.503Z,general,others,1004007,1004007,
NUTRICIA,Unit,,5,,,3002,1010,,1,1,874.46,Unit,true,APTAMIL GOLD STAGE 1 400GM,2026-07-14T07:55:06.900Z,general,others,1004009,1004009,
NUTRICIA,Unit,,12,,,3004,45,,1,1,11.25,Unit,true,CLOBET GM RC CREAM 10GM,2026-07-14T07:55:06.900Z,general,others,1004012,1004012,
GLAXOSMITHKLIN,Unit,,12,,,3004,108.52,,1,1,86.13,Unit,true,CROCIN 240 DS 100 ML,2026-07-14T07:54:59.078Z,general,others,1004014,1004014,
CIPLA,Unit,,5,,,3002,62,,1,1,47.44,Unit,true,IBUGESIC PLUS SYRUP 100 ML,2026-07-14T07:54:54.580Z,general,others,1004016,1004016,
ARISTRO,Strip,folinext tab 30,12,ARISTRO,false,3004,117,,1,30,83.57,Tablet,true,FOLINEXT TAB 30,2026-07-14T11:25:15.401Z,general,tablet,1004018,1004018,
ARISTRO,Strip,raceclo tab 10,12,ARISTRO,false,3004,130,,1,10,92.86,Tablet,true,RACECLO TAB 10,2026-07-15T03:54:17.288Z,general,tablet,1004020,1004020,
-BLANK-,Unit,,12,,,3004,158.44,,1,1,120.71,Unit,true,CUTE E 400 CAP 10,2026-07-14T07:54:40.148Z,general,others,1004022,1004022,
CIPLA,Strip,cipcal 500,5,CIPLA,false,3002,104.66,,1,15,24.7,Tablet,true,CIPCAL 500,2026-07-15T09:25:17.709898Z,general,tablet,1004026,1004026,
ZYDUS,Strip,myelostat 500,12,ZYDUS,false,3004,127.25,,1,10,96.71,Tablet,true,MYELOSTAT 500,2026-07-15T13:33:52.680Z,general,tablet,1004028,1004028,
ZYDUS,Strip,fol 123,12,ZYDUS,false,3004,243.75,,1,15,185.71,Capsule,true,FOL 123,2026-07-15T10:31:10.468109Z,general,capsule,1004030,1004030,
PHARMED,Strip,fol 123mf,12,PHARMED,false,3004,237,,1,10,169.29,Capsule,true,FOL 123MF,2026-07-15T10:31:20.455355Z,general,capsule,1004032,1004032,
WIN MEDICARE,Unit,,12,,,3004,90.94,,1,1,69.28,Unit,true,BETADINE OINTMENT 5% 25GM,2026-07-14T07:55:10.883Z,general,others,1004035,1004035,
ARISTRO,Strip,folinext gold,18,ARISTRO,false,3009,180.5,,1,10,128.93,Tablet,true,FOLINEXT GOLD,2026-07-15T10:31:58.585623Z,general,tablet,1004037,1004037,
CIPLA,Strip,oflox 200,12,CIPLA,false,3004,107.16,,1,10,76.54,Tablet,true,OFLOX 200,2026-07-15T12:48:53.670584Z,general,tablet,1004039,1004039,
TROIKAA,Unit,,12,,,3004,108.9,,1,1,77.78,Unit,true,TESS BUCCAL 5GM,2026-07-14T07:55:10.883Z,general,others,1004041,1004041,
TROIKAA,Unit,,5,,,3002,148,,1,1,59.75,Unit,true,SUMO SPRAY 35GM,2026-07-14T07:55:10.883Z,general,others,1004043,1004043,
TROIKAA,Unit,,12,,,3004,134.2,,1,1,20.72,Unit,true,CLOBETA GM CREAM 20GM,2026-07-14T07:55:10.883Z,general,others,1004045,1004045,
TROIKAA,Strip,danopar,12,TROIKAA,false,3004,46.88,,1,10,8.05,Tablet,true,DANOPAR,2026-07-15T09:50:18.911520Z,general,tablet,1004048,1004048,
TROIKAA,Strip,lomo d,5,TROIKAA,false,3002,25.43,,1,10,0.95,Tablet,true,LOMO D,2026-07-15T11:20:57.098765Z,general,tablet,1004050,1004050,
HIMALAYA,Unit,,0,,,BLANK,69,,1,1,59,Unit,true,HIMALAYA AYURVEDA SANDAL SOAP 1,2026-07-14T07:55:03.022Z,general,others,1004054,1004054,
HIMALAYA,Unit,,0,,,BLANK,38,,1,1,24.75,Unit,true,HIMALAYA NEEM & TURMERIC SOAP 75GM,2026-07-14T07:55:03.022Z,general,others,1004058,1004058,
-BLANK-,Unit,,0,,,BLANK,88,,1,1,55.15,Unit,true,DERMICOOL SOAP 125GM,2026-07-14T07:54:40.148Z,general,others,1004060,1004060,
DETTOL,Unit,,0,,,BLANK,42,,1,1,37.8,Unit,true,DETTOL COOL MENTHOL SOAP 100GM,2026-07-14T07:54:59.078Z,general,others,1004063,1004063,
DETTOL,Unit,,0,,,BLANK,45,,1,1,40.51,Unit,true,PEARS PURE & GENTLE SOAP 75GM,2026-07-14T07:54:59.078Z,general,others,1004065,1004065,
GLENMARK,Unit,,0,,,BLANK,120,,1,1,54,Unit,true,CANDID ROSE HEAT POWDER 120 GM,2026-07-14T07:54:59.078Z,general,others,1004067,1004067,
GLENMARK,Unit,,0,,,BLANK,120,,1,1,54,Unit,true,CANDID PRICKLY HEAT POWDER 120 GM,2026-07-14T07:54:59.078Z,general,others,1004069,1004069,
-BLANK-,Unit,,0,,,BLANK,60,,1,1,33,Unit,true,DELMONTE LITCHI DRINK 240 ML,2026-07-14T07:54:40.148Z,general,others,1004071,1004071,
-BLANK-,Unit,,0,,,BLANK,50,,1,1,33,Unit,true,DELMONTE PINEAPPLE DRINK 240 ML,2026-07-14T07:54:40.148Z,general,others,1004073,1004073,
-BLANK-,Unit,,0,,,BLANK,20,,1,1,17.95,Unit,true,STING ENERGY DRINK 200 ML,2026-07-14T07:54:48.503Z,general,others,1004075,1004075,
APEX,Unit,zincovit cl syrup 200 ml,5,APEX,false,3002,180,,1,1,122.03,Unit,true,ZINCOVIT CL SYRUP 200 ML,2026-07-15T16:07:07.591Z,general,others,1004077,1004077,
HIMALAYA,Unit,,5,,,3002,30,,1,1,17.95,Unit,true,KOFLET H LOZENGES 6*1,2026-07-14T07:55:03.022Z,general,others,1004079,1004079,
ABOTT,Strip,bio d3 fem,12,ABOTT,false,3004,419,,1,15,299.29,Tablet,true,BIO D3 FEM,2026-07-15T03:04:58.137010Z,general,tablet,1004084,1004084,
ABOTT,Unit,,12,,,3004,315.84,,1,1,225.6,Unit,true,BUDECORT INHALER100 1,2026-07-14T07:54:48.503Z,general,others,1004086,1004086,
ABOTT,Unit,,12,,,3004,49.15,,1,1,35.1,Unit,true,COMBIFLAM SUSPENSION 60ML,2026-07-14T07:54:48.503Z,general,others,1004088,1004088,
ABOTT,Strip,h vit,12,ABOTT,false,3004,59,,1,10,42.14,Tablet,true,H VIT,2026-07-15T11:05:21.444290Z,general,tablet,1004090,1004090,
ABOTT,Unit,,0,,,BLANK,85,,1,1,74,Unit,true,GOOD NIGHT ROLL ON 8ML,2026-07-14T07:54:48.503Z,general,others,1004094,1004094,
MAMYPOKO PANTS,Unit,,0,,,BLANK,99,,1,1,79,Unit,true,MAMY POKO NB 99 8,2026-07-14T07:55:06.900Z,general,others,1004096,1004096,
MAMYPOKO PANTS,Unit,,0,,,BLANK,99,,1,1,79,Unit,true,MAMY POKO S 99 10,2026-07-14T07:55:06.900Z,general,others,1004100,1004100,
MAMYPOKO PANTS,Unit,,0,,,BLANK,99,,1,1,69.75,Unit,true,MAMY POKO M 99 8,2026-07-14T07:55:06.900Z,general,others,1004102,1004102,
MAMYPOKO PANTS,Unit,,5,,,3002,99,,1,1,79,Unit,true,MAMY POKO L 99 7,2026-07-14T07:55:06.900Z,general,others,1004104,1004104,
MAMYPOKO PANTS,Unit,,5,,,3002,110,,1,1,88,Unit,true,MAMY POKO XL 110 6,2026-07-14T07:55:06.900Z,general,others,1004106,1004106,
MAMYPOKO PANTS,Unit,,18,,,3009,53.39,,1,1,44.21,Unit,true,CENTRUM KIDS REACHARGE POWDER 6N/5GM,2026-07-14T07:55:06.900Z,general,others,1004108,1004108,
MAMYPOKO PANTS,Unit,,5,,,3002,54,,1,1,44.72,Unit,true,CENTRUM REACHARGE 6N/5GM,2026-07-14T07:55:06.900Z,general,others,1004110,1004110,
ALKEM,Unit,,5,,,3002,117,,1,1,89.26,Unit,true,PAN MPS MINT FLAVOUR 200ML,2026-07-14T07:54:48.503Z,general,others,1004112,1004112,
DR. REDDY'S,Strip,riflux fortz,12,DR. REDDY'S,false,3004,84.5,,1,15,60.36,Tablet,true,RIFLUX FORTZ,2026-07-15T14:26:42.462Z,general,tablet,1004115,1004115,
SUN PHARMA,Unit,,12,,,3004,110,,1,1,78.57,Unit,true,VOLINI GEL 20GM,2026-07-14T07:55:10.883Z,general,others,1004118,1004118,
INTAS,Strip,vb7 hair,18,INTAS,false,3009,195,,1,10,132.21,Tablet,true,VB7 HAIR,2026-07-15T15:52:49.874Z,general,tablet,1004120,1004120,
-BLANK-,Unit,,0,,,BLANK,234,,1,1,198,Unit,true,INDULEKHA HAIR OIL 50 ML,2026-07-14T07:54:44.690Z,general,others,1004122,1004122,
-BLANK-,Unit,,18,,,3009,850,,1,1,576.27,Unit,true,LA SHIELD SUNSCREEN 50GM,2026-07-14T07:54:44.690Z,general,others,1004126,1004126,
FRANCO PHARMACUETICALS,Unit,,12,,,3004,276.56,,1,1,210.71,Unit,true,FEMITE LOTION 9 ML,2026-07-14T07:54:59.078Z,general,others,1004128,1004128,
FRANCO PHARMACUETICALS,Unit,,18,,,3009,370,,1,1,250.85,Unit,true,RENUGLO FACE WASH 70 GM,2026-07-14T07:54:59.078Z,general,others,1004130,1004130,
ZANDU,Unit,,5,,,3002,5,,1,1,3.88,Unit,true,ZANDU COUGH SYRUP SACHET 1*8ML,2026-07-14T07:55:10.883Z,general,others,1004135,1004135,
ZANDU,Strip,linvas tab 10,5,ZANDU,false,3002,501,,1,10,381.79,Tablet,true,LINVAS TAB 10,2026-07-14T11:51:08.563Z,general,tablet,1004137,1004137,
P/G,Strip,neurobion alpha d 10,5,P/G,false,3002,234.19,,1,10,167.29,Tablet,true,NEUROBION ALPHA D 10,2026-07-15T12:00:58.760Z,general,tablet,1004139,1004139,
P/G,Unit,,18,,,3009,845,,1,1,656.97,Unit,true,NANPRO 4 400GM,2026-07-14T07:55:06.900Z,general,others,1004142,1004142,
P/G,Unit,,18,,,3009,845,,1,1,656.97,Unit,true,NANPRO 2 400GM,2026-07-14T07:55:06.900Z,general,others,1004145,1004145,
P/G,Unit,,0,,,BLANK,180,,1,1,112.5,Unit,true,DUREX INTENSE 3,2026-07-14T07:55:06.900Z,general,others,1004147,1004147,
TORRENT,Unit,,0,,,BLANK,50.82,,1,1,12.5,Unit,true,COF Q DX 10,2026-07-14T07:55:10.883Z,general,others,1004149,1004149,
-BLANK-,Unit,,0,,,BLANK,310,,1,1,225,Unit,true,SATNAM KNEE CAP L SIZE 1,2026-07-14T07:54:44.690Z,general,others,1004153,1004153,
ACCU CHEK,Unit,,0,,,BLANK,1199,,1,1,880,Unit,true,ACCU CHEK ACTIV MACHINE 1+10,2026-07-14T07:54:48.503Z,general,others,1004155,1004155,
-BLANK-,Unit,,0,,,BLANK,361,,1,1,0,Unit,true,URINE BAG 1,2026-07-14T07:54:48.503Z,general,others,1004158,1004158,
-BLANK-,Unit,,0,,,BLANK,190,,1,1,0,Unit,true,URINE CATHETERS 1,2026-07-14T07:54:48.503Z,general,others,1004160,1004160,
HIMALAYA,Unit,,0,,,BLANK,550,,1,1,220,Unit,true,HIMALAYA ADULT PANTS 1,2026-07-14T07:54:59.078Z,general,others,1004162,1004162,
HIMALAYA,Unit,,0,,,BLANK,550,,1,1,220,Unit,true,HIMALAYA ADULT DIAPERS M 1,2026-07-14T07:54:59.078Z,general,others,1004164,1004164,
HIMALAYA,Unit,,5,,,3002,562,,1,1,219,Unit,true,HIMALAYA ADULT DIAPERS L 1,2026-07-14T07:54:59.078Z,general,others,1004167,1004167,
HIMALAYA,Unit,,5,,,3002,650,,1,1,250,Unit,true,HIMALAYA ADULT DIAPERS XL 1,2026-07-14T07:54:59.078Z,general,others,1004169,1004169,
-BLANK-,Unit,,0,,,BLANK,140,,1,1,117.6,Unit,true,PRO ENAMEL TOOTHPASTE 70GM,2026-07-14T07:54:44.690Z,general,others,1004172,1004172,
-BLANK-,Unit,,0,,,BLANK,65,,1,1,54.5,Unit,true,ODOMOS 50GM,2026-07-14T07:54:44.690Z,general,others,1004174,1004174,
DETTOL,Unit,,18,,,3009,125,,1,1,105,Unit,true,DETTOL SANITIZER 200ML,2026-07-14T07:54:59.078Z,general,others,1004176,1004176,
-BLANK-,Unit,,0,,,BLANK,60,,1,1,30,Unit,true,TISSUE PAPER 1,2026-07-14T07:54:48.503Z,general,others,1004178,1004178,
-BLANK-,Unit,,0,,,BLANK,99,,1,1,89.19,Unit,true,WHISPER SOFT XL+ 6,2026-07-14T07:54:48.503Z,general,others,1004180,1004180,
-BLANK-,Unit,,0,,,BLANK,50,,1,1,41.67,Unit,true,SOFY BODYFIT NIGHT XXL 6,2026-07-14T07:54:48.503Z,general,others,1004182,1004182,
STAYFREE,Unit,,0,,,BLANK,104,,1,1,92.86,Unit,true,STAYFREE REGULAR 18,2026-07-14T07:55:06.900Z,general,others,1004184,1004184,
STAYFREE,Unit,,0,,,BLANK,110,,1,1,97.32,Unit,true,STAYFREE DRY MAX XXL 7,2026-07-14T07:55:06.900Z,general,others,1004186,1004186,
STAYFREE,Unit,,5,,,3002,370,,1,1,320.67,Unit,true,PEDIASURE CHOCO BIB 200GM,2026-07-14T07:55:06.900Z,general,others,1004190,1004190,
STAYFREE,Unit,,5,,,3002,335,,1,1,290.33,Unit,true,PEDIASURE VANILLA BIB 200GM,2026-07-14T07:55:06.900Z,general,others,1004191,1004191,
STAYFREE,Unit,,5,,,3002,580,,1,1,502.67,Unit,true,SIMILAC MT 1 400GM,2026-07-14T07:55:06.900Z,general,others,1004192,1004192,
STAYFREE,Unit,,5,,,3002,620,,1,1,476.67,Unit,true,SIMILAC MT 2 400GM,2026-07-14T07:55:06.900Z,general,others,1004193,1004193,
STAYFREE,Unit,,5,,,3002,550,,1,1,476.67,Unit,true,SIMILAC MT 3 400GM,2026-07-14T07:55:06.900Z,general,others,1004194,1004194,
ABBOTT,Unit,ensure choco bib 200gm,18,ABBOTT,false,3009,460,,1,1,354.75,Unit,true,ENSURE CHOCO BIB 200GM,2026-07-15T10:16:22.382888Z,general,others,1004195,1004195,
ABBOTT,Unit,ensure choco bib 375gm,18,ABBOTT,false,3009,840,,1,1,647.8,Unit,true,ENSURE CHOCO BIB 375GM,2026-07-15T10:16:32.072653Z,general,others,1004196,1004196,
ABBOTT,Unit,ensure diab choco bib 200gm,18,ABBOTT,false,3009,540,,1,1,416.44,Unit,true,ENSURE DIAB CHOCO BIB 200GM,2026-07-15T10:16:42.650409Z,general,others,1004197,1004197,
ABOTT,Unit,,18,,,3009,540,,1,1,438.75,Unit,true,ENSURE DIAB VANILLA BIB 200GM,2026-07-14T07:54:48.503Z,general,others,1004199,1004199,
ABOTT,Unit,,18,,,3009,925,,1,1,751.56,Unit,true,ENSURE DIAB VANILLA 375 BIB 375GM,2026-07-14T07:54:48.503Z,general,others,1004200,1004200,
ABOTT,Unit,,18,,,3009,925,,1,1,713.35,Unit,true,ENSURE DIAB CHOCO BIB 325GM,2026-07-14T07:54:48.503Z,general,others,1004202,1004202,
NUTRICIA,Unit,,5,,,3002,490,,1,1,424.24,Unit,true,DEXOLAC 1 400 GM,2026-07-14T07:55:06.900Z,general,others,1004204,1004204,
NUTRICIA,Unit,,5,,,3002,465,,1,1,402.6,Unit,true,DEXOLAC 2 400GM,2026-07-14T07:55:06.900Z,general,others,1004207,1004207,
NUTRICIA,Unit,,12,,,3004,410,,1,1,300.57,Unit,true,PROTINEX DIABATES BIB 200 GM,2026-07-14T07:55:06.900Z,general,others,1004209,1004209,
NUTRICIA,Unit,,12,,,3004,495,,1,1,367.6,Unit,true,PROTINEX MOTHERS VANILLA 200GM,2026-07-14T07:55:06.900Z,general,others,1004211,1004211,
NUTRICIA,Unit,,5,,,3002,440,,1,1,367.59,Unit,true,PROTINEX MOTHERS CHOCO 200GM,2026-07-14T07:55:06.900Z,general,others,1004213,1004213,
NUTRICIA,Unit,,12,,,3004,750,,1,1,555.6,Unit,true,PROTINEX ORIGINAL JAR 400GM,2026-07-14T07:55:06.900Z,general,others,1004215,1004215,
NUTRICIA,Unit,,12,,,3004,675,,1,1,502,Unit,true,PROTINEX CREAMY VANILLA PROMO 400+SIPPER,2026-07-14T07:55:06.900Z,general,others,1004217,1004217,
NUTRICIA,Unit,,12,,,3004,675,,1,1,502,Unit,true,PROTINEX CREAMY CHOCO PROMO 400GM+SIPPER,2026-07-14T07:55:06.900Z,general,others,1004218,1004218,
NIVEA,Unit,,12,,,3004,249,,1,1,125,Unit,true,NIVEA ROLL ON 50ML,2026-07-14T07:55:06.900Z,general,others,1004220,1004220,
-BLANK-,Unit,,0,,,BLANK,1250,,1,1,69,Unit,true,SEBAMED BABY SHAMPOO 500ML,2026-07-14T07:54:44.690Z,general,others,1004222,1004222,
-BLANK-,Unit,,0,,,BLANK,258,,1,1,180,Unit,true,PONDS LIGHT MOISTURER 100ML,2026-07-14T07:54:44.690Z,general,others,1004224,1004224,
-BLANK-,Unit,,12,,,3004,78,,1,1,33.6,Unit,true,GLUCOSE C 200 200GM,2026-07-14T07:54:40.148Z,general,others,1004226,1004226,
-BLANK-,Unit,,18,,,3009,66,,1,1,31.65,Unit,true,GLUCOSE D 200 200GM,2026-07-14T07:54:40.148Z,general,others,1004228,1004228,
-BLANK-,Unit,,12,,,3004,160,,1,1,74.5,Unit,true,GLUCOSE C 450 450GM,2026-07-14T07:54:40.148Z,general,others,1004230,1004230,
-BLANK-,Unit,,0,,,BLANK,269,,1,1,135,Unit,true,WOW DETAN F/W 100ML,2026-07-14T07:54:48.503Z,general,others,1004233,1004233,
-BLANK-,Unit,,0,,,BLANK,259,,1,1,129.5,Unit,true,WOW MOISTURIZING F/W 100ML,2026-07-14T07:54:48.503Z,general,others,1004234,1004234,
-BLANK-,Unit,,0,,,BLANK,60,,1,1,54.5,Unit,true,MEDIKAR SHAMPOO 50ML,2026-07-14T07:54:44.690Z,general,others,1004237,1004237,
CIPLA,Unit,,5,,,3002,336.38,,1,1,76.19,Unit,true,KETOCIP 2% SHAMPOO 100ML,2026-07-14T07:54:54.580Z,general,others,1004239,1004239,
CIPLA,Unit,,12,,,3004,932.5,,1,1,708.63,Unit,true,TUGAIN 5% 60ML,2026-07-14T07:54:54.580Z,general,others,1004241,1004241,
JNTL,Strip,benadryl lozenges 8,5,JNTL,false,3002,30,Diphenhydramine + Ammonium Chloride + Sodium Citrate,1,8,17.5,Tablet,true,BENADRYL LOZENGES 8,2026-07-15T02:56:03.952475Z,general,tablet,1004243,1004243,
DABUR,Unit,,5,,,3002,125,,1,1,90.48,Unit,true,GILOY GHANIVATI 1,2026-07-14T07:54:59.078Z,general,others,1004246,1004246,
DABUR,Unit,,5,,,3002,108,,1,1,85.72,Unit,true,DABUR SITOPALADI CHURNA 30GM,2026-07-14T07:54:59.078Z,general,others,1004248,1004248,
ZANDU,Unit,,5,,,3002,220,,1,1,174.6,Unit,true,ZANDU RAUGHAN E BADAM SHREEN 50ML,2026-07-14T07:55:10.883Z,general,others,1004254,1004254,
ZANDU,Unit,,5,,,3002,190,,1,1,172.77,Unit,true,ZANDU CHYAVANPRASH AVALEHA 450GM,2026-07-14T07:55:10.883Z,general,others,1004256,1004256,
ZANDU,Unit,,5,,,3002,190,,1,1,175.89,Unit,true,ZANDU CHYAVANPRASH GUD 450GM,2026-07-14T07:55:10.883Z,general,others,1004258,1004258,
ZANDU,Unit,,0,,,BLANK,130,,1,1,113,Unit,true,ZANDU BALM ULTRA 25ML,2026-07-14T07:55:10.883Z,general,others,1004260,1004260,
DABUR,Unit,,5,,,3002,280,,1,1,187.5,Unit,true,GILOY NEEM JUICE 1L,2026-07-14T07:54:59.078Z,general,others,1004262,1004262,
BAYER,Unit,,0,,,BLANK,330,,1,1,264,Unit,true,SUPRADYN ASHOKA + SHATAVARI 30,2026-07-14T07:54:54.580Z,general,others,1004266,1004266,
HIMALAYA,Unit,,5,,,3002,250,,1,1,193.57,Unit,true,HIMALAYA GOKSHURA 60,2026-07-14T07:55:03.022Z,general,others,1004268,1004268,
HIMALAYA,Strip,himalaya tulasi tab 60,5,HIMALAYA,false,3002,240,,1,60,185.82,Tablet,true,HIMALAYA TULASI TAB 60,2026-07-14T11:48:48.024Z,general,tablet,1004270,1004270,
HIMALAYA,Strip,himalaya brahmi tab 60,5,HIMALAYA,false,3002,240,,1,60,185.82,Tablet,true,HIMALAYA BRAHMI TAB 60,2026-07-14T11:48:00.732Z,general,tablet,1004272,1004272,
HIMALAYA,Unit,,12,,,3004,920,,1,1,736,Unit,true,HIMALAYA AYURSLIM 3IN1,2026-07-14T07:55:03.022Z,general,others,1004274,1004274,
ORGANIC INDIA,Unit,,12,,,3004,240,,1,1,185.82,Unit,true,TRIPHALA POWDER 100 GM,2026-07-14T07:55:06.900Z,general,others,1004277,1004277,
ORGANIC INDIA,Unit,,12,,,3004,275,,1,1,200,Unit,true,MORINGA POWDER 100GM,2026-07-14T07:55:06.900Z,general,others,1004279,1004279,
HIMALAYA,Unit,,12,,,3004,65,,1,1,45.76,Unit,true,HIMALAYA FOOTCARE CREAM 20GM+10G,2026-07-14T07:55:03.022Z,general,others,1004281,1004281,
ZYDUS,Unit,,5,,,3002,75,,1,1,64.38,Unit,true,SUGAR FREE GOLD + 100T,2026-07-14T07:55:10.883Z,general,others,1004284,1004284,
STAYFREE,Unit,,0,,,BLANK,165,,1,1,145.37,Unit,true,STAYFREE TAMPONS SUPER 10,2026-07-14T07:55:06.900Z,general,others,1004286,1004286,
CIPLA,Strip,voltido trio 100,5,CIPLA,false,3002,1480,,1,30,1057.14,Tablet,true,VOLTIDO TRIO 100,2026-07-15T16:00:08.614Z,general,tablet,1004288,1004288,
SUN PHARMA,Unit,,5,,,3002,131.28,,1,1,100.02,Unit,true,TEAR DROPS 10ML,2026-07-14T07:55:10.883Z,general,others,1004290,1004290,
ABOTT,Unit,,5,,,3002,206,,1,1,157.23,Unit,true,THYRONORM 62.5 120,2026-07-14T07:54:48.503Z,general,others,1004292,1004292,
ABOTT,Unit,,12,,,3004,225.36,,1,1,183,Unit,true,THYRONORM 88 120,2026-07-14T07:54:48.503Z,general,others,1004294,1004294,
MACLEODS,Unit,,12,,,3004,200.14,,1,1,158,Unit,true,THYROX 37.5 120,2026-07-14T07:55:03.022Z,general,others,1004296,1004296,
HIMALAYA,Unit,,5,,,3002,300,,1,1,217.76,Unit,true,HIMALAYA SHILAJIT GOLD CAP 10,2026-07-14T07:55:03.022Z,general,others,1004298,1004298,
ABOTT,Strip,methimercazole 5 mg 30,5,ABOTT,false,3002,222.23,,1,30,158.74,Tablet,true,METHIMERCAZOLE 5 MG 30,2026-07-15T11:43:11.768Z,general,tablet,1004300,1004300,
-BLANK-,Unit,,5,,,3002,202.22,,1,1,144.46,Unit,true,PLACENTREX GEL 20GM,2026-07-14T07:54:44.690Z,general,others,1004302,1004302,
-BLANK-,Unit,,5,,,3002,287,,1,1,228,Unit,true,BAIDYANATH ASHWAGANDHARISHT 450ML,2026-07-14T07:54:40.148Z,general,others,1004304,1004304,
-BLANK-,Unit,,5,,,3002,121,,1,1,80.03,Unit,true,BAIDYANATH SARIVADI BATI 20,2026-07-14T07:54:40.148Z,general,others,1004306,1004306,
JOHNSON'S BABY,Unit,,18,,,3009,240,,1,1,154.77,Unit,true,JOHNSON BABY POWDER 200GM,2026-07-14T07:55:03.022Z,general,others,1004308,1004308,
-BLANK-,Unit,,5,,,3002,123,,1,1,97.62,Unit,true,MOOV REGULAR TUBE 20GM,2026-07-14T07:54:44.690Z,general,others,1004310,1004310,
-BLANK-,Unit,,12,,,3004,165,,1,1,119.77,Unit,true,HIMALAYA RUMALAYA SPRAY 35+15GM,2026-07-14T07:54:44.690Z,general,others,1004312,1004312,
-BLANK-,Unit,,12,,,3004,60,,1,1,50,Unit,true,HIMALAYA RUMALAYA SPRAY 15GM,2026-07-14T07:54:44.690Z,general,others,1004313,1004313,
-BLANK-,Unit,,12,,,3004,40,,1,1,16.5,Unit,true,DETTOL SOAP 100GM,2026-07-14T07:54:40.148Z,general,others,1004315,1004315,
-BLANK-,Unit,,5,,,3002,108,,1,1,83.95,Unit,true,TETMOSOL ANTI RASH ITCH SOAP 100GM,2026-07-14T07:54:48.503Z,general,others,1004317,1004317,
-BLANK-,Unit,,0,,,BLANK,159,,1,1,135,Unit,true,VEET WOMAN 50GM,2026-07-14T07:54:48.503Z,general,others,1004319,1004319,
-BLANK-,Unit,,0,,,BLANK,60,,1,1,33,Unit,true,DELMONTE PEACH 240,2026-07-14T07:54:40.148Z,general,others,1004321,1004321,
-BLANK-,Unit,,0,,,BLANK,60,,1,1,33,Unit,true,DELMONTE MIX FRUIT 240ML,2026-07-14T07:54:40.148Z,general,others,1004323,1004323,
TORRENT,Strip,alprax 0.25 15,5,TORRENT,false,3002,36.09,,1,15,27.5,Tablet,true,ALPRAX 0.25 15,2026-07-15T11:32:52.749Z,general,tablet,1004325,1004325,
FDC,Unit,,5,,,3002,71.5,,1,1,48.46,Unit,true,ENERZEL LIME 100GM,2026-07-14T07:54:59.078Z,general,others,1004327,1004327,
ARISTRO,Strip,glimprex mf 1/500,5,ARISTRO,false,3002,119.85,,1,15,85.6,Tablet,true,GLIMPREX MF 1/500,2026-07-15T10:43:38.255568Z,general,tablet,1004329,1004329,
-BLANK-,Unit,,12,,,3004,67.2,,1,1,50,Unit,true,POTKLOR SYRUP 200ML,2026-07-14T07:54:44.690Z,general,others,1004333,1004333,
MEYER,Unit,,5,,,3002,171,,1,1,128,Unit,true,CALCIMAX + SUSPENSION 200ML,2026-07-14T07:55:06.900Z,general,others,1004335,1004335,
ZUVENTUS,Unit,,5,,,3002,150.45,,1,1,107.46,Unit,true,FERONIA XT DROP 15 ML,2026-07-14T07:55:10.883Z,general,others,1004337,1004337,
APEX,Unit,,12,,,3004,68,,1,1,44,Unit,true,ZINCOVIT DROP 15ML,2026-07-14T07:54:54.580Z,general,others,1004339,1004339,
MEDLEY,Unit,,5,,,3002,85,,1,1,65.14,Unit,true,O2M SYRUP 60ML,2026-07-14T07:55:06.900Z,general,others,1004341,1004341,
SUN PHARMA,Unit,,12,,,3004,142,,1,1,101.42,Unit,true,CEPODEM XP 50 DRY SUSPENSION 10G/30ML,2026-07-14T07:55:10.883Z,general,others,1004343,1004343,
SUN PHARMA,Unit,,12,,,3004,205,,1,1,154.29,Unit,true,CEPODEM XP 100MG DRY SUSPENSIO 13G/30ML,2026-07-14T07:55:10.883Z,general,others,1004345,1004345,
GLAXOSMITHKLIN,Unit,augmentin dds 5.4g/30ml,5,GLAXOSMITHKLIN,false,3002,196.13,Amoxicillin + Potassium Clavuanate,1,1,149.43,Unit,true,AUGMENTIN DDS 5.4G/30ML,2026-07-15T02:26:06.633802Z,general,others,1004347,1004347,
CORONA,Unit,,5,,,3002,93.8,,1,1,67,Unit,true,RESPICURE LS DROP 15ML,2026-07-14T07:54:54.580Z,general,others,1004349,1004349,
CORONA,Unit,,5,,,3002,114,,1,1,81.5,Unit,true,RESPICURE LS JUNIOR SYRUP 60ML,2026-07-14T07:54:54.580Z,general,others,1004351,1004351,
MANKIND,Unit,,5,,,3002,45.69,,1,1,32.16,Unit,true,T-98 SUSPENSION 60ML,2026-07-14T07:55:06.900Z,general,others,1004353,1004353,
-BLANK-,Unit,,5,,,3002,105,,1,1,75,Unit,true,TONOFERON DROP 15ML,2026-07-14T07:54:48.503Z,general,others,1004355,1004355,
MANKIND,Unit,,5,,,3002,130,,1,1,92.19,Unit,true,ACNESTAR GEL 22GM,2026-07-14T07:55:06.900Z,general,others,1004357,1004357,
HETERO HEALTHCARE,Unit,,5,,,3002,195,,1,1,139.29,Unit,true,CLEAR GEL 20GM,2026-07-14T07:54:59.078Z,general,others,1004360,1004360,
LEEFORD,Unit,,5,,,3002,92,,1,1,26.69,Unit,true,CLINSOL GEL 15GM,2026-07-14T07:55:03.022Z,general,others,1004363,1004363,
P/G,Unit,,18,,,3009,249,,1,1,168.81,Unit,true,EVION CREAM 60GM,2026-07-14T07:55:06.900Z,general,others,1004365,1004365,
CIPLA,Unit,,5,,,3002,105.4,,1,1,75.3,Unit,true,CIPLADINE OINTMENT 30GM,2026-07-14T07:54:54.580Z,general,others,1004368,1004368,
HETERO HEALTHCARE,Unit,,12,,,3004,205,,1,1,146.43,Unit,true,TRETIN 0.025% 30GM,2026-07-14T07:54:59.078Z,general,others,1004370,1004370,
HETERO HEALTHCARE,Unit,,12,,,3004,240,,1,1,171.43,Unit,true,TRETIN 0.005% 30G,2026-07-14T07:54:59.078Z,general,others,1004372,1004372,
RECKITT,Unit,,5,,,3002,90,,1,1,73.68,Unit,true,RING GUARD 12GM,2026-07-14T07:55:06.900Z,general,others,1004374,1004374,
DABUR,Unit,,5,,,3002,295,,1,1,192.15,Unit,true,FEMITE 1% 9ML,2026-07-14T07:54:59.078Z,general,others,1004376,1004376,
MANKIND,Unit,,5,,,3002,81.1,,1,1,61.79,Unit,true,TERBINAFORCE-PLUS NF 15GM,2026-07-14T07:55:06.900Z,general,others,1004378,1004378,
IPCA,Unit,,12,,,3004,93.28,,1,1,66.57,Unit,true,MUCOPAIN GEL 15GM,2026-07-14T07:55:03.022Z,general,others,1004380,1004380,
GLENMARK,Unit,,5,,,3002,374,,1,1,267.15,Unit,true,MOMATE F CREAM 15GM,2026-07-14T07:54:59.078Z,general,others,1004382,1004382,
MEDLEY,Unit,,5,,,3002,91,,1,1,65,Unit,true,O2 DERM CREAM 15GM,2026-07-14T07:55:06.900Z,general,others,1004384,1004384,
CIPLA,Unit,,5,,,3002,184.52,,1,1,41.84,Unit,true,FOURDERM CREAM 20GM,2026-07-14T07:54:54.580Z,general,others,1004386,1004386,
MICROLABS,Unit,,5,,,3002,310,,1,1,221.43,Unit,true,AZIDERM 15% 15GM,2026-07-14T07:55:06.900Z,general,others,1004388,1004388,
SYSTOPICS,Unit,,5,,,3002,255,,1,1,182.13,Unit,true,L-SYS CREAM 30GM,2026-07-14T07:55:10.883Z,general,others,1004390,1004390,
ARISTRO,Strip,telvas 20,5,ARISTRO,false,3002,55.76,,1,15,42.48,Tablet,true,TELVAS 20,2026-07-15T15:37:47.373Z,general,tablet,1004393,1004393,
ARISTRO,Strip,telvas 40,5,ARISTRO,false,3002,95,,1,15,72.07,Tablet,true,TELVAS 40,2026-07-15T15:38:18.499Z,general,tablet,1004395,1004395,
MARTIN MHL,Unit,,5,,,3002,35.19,,1,1,26.81,Unit,true,DROTIN AMP INJEC. 2ML,2026-07-14T07:55:06.900Z,general,others,1004397,1004397,
CADILA,Strip,levocad,5,CADILA,false,3002,48.3,,1,10,3.03,Tablet,true,LEVOCAD,2026-07-15T11:17:42.314926Z,general,tablet,1004399,1004399,
ZYDUS,Unit,,5,,,3002,36.53,,1,1,27.83,Unit,true,XYLOCAINE 2% INJ 30ML,2026-07-14T07:55:10.883Z,general,others,1004401,1004401,
ALKEM,Strip,atoz woman 15,12,ALKEM,false,3004,392,,1,15,287.2,Tablet,true,ATOZ WOMAN 15,2026-07-15T02:22:49.269874Z,general,tablet,1004403,1004403,
MANKIND,Unit,,5,,,3002,64.9,,1,1,46.35,Unit,true,ARGIPREG SACH 6.5GM,2026-07-14T07:55:06.900Z,general,others,1004405,1004405,
PFIZER,Strip,eliquis 2.5,5,PFIZER,false,3002,435,,1,10,310.71,Tablet,true,ELIQUIS 2.5,2026-07-15T10:13:16.935979Z,general,tablet,1004407,1004407,
SYSTOPICS,Strip,af 300 1,5,SYSTOPICS,false,3004,23,,1,1,16.42,Tablet,true,AF 300 1,2026-07-15T01:58:05.042574Z,general,tablet,1004409,1004409,
MACLEODS,Strip,belatin m,12,MACLEODS,false,3004,182.5,Bilastin + Montelukast,1,10,130.7,Tablet,true,BELATIN M,2026-07-15T02:53:22.548111Z,general,tablet,1004411,1004411,
DR. REDDY'S,Strip,briv 75,12,DR. REDDY'S,false,3004,292,,1,10,217.83,Tablet,true,BRIV 75,2026-07-15T03:09:51.987346Z,general,tablet,1004413,1004413,
INTAS,Strip,baclof 10,12,INTAS,false,3004,124.92,Baclofen,1,10,93.83,Tablet,true,BACLOF 10,2026-07-15T02:47:06.042256Z,general,tablet,1004415,1004415,
LUPIN LIFE,Strip,clopitab cv gold 10,12,LUPIN LIFE,false,3004,73.55,,1,10,57,Tablet,true,CLOPITAB CV GOLD 10,2026-07-15T09:28:10.935817Z,general,tablet,1004417,1004417,
INTAS,Unit,,5,,,3002,196.88,,1,1,150,Unit,true,CARCA CR 10 15,2026-07-14T07:55:03.022Z,general,others,1004420,1004420,
SANOFI,Strip,cordarone x,5,SANOFI,false,3002,196.73,,1,15,140.52,Tablet,true,CORDARONE X,2026-07-15T09:43:46.904547Z,general,tablet,1004422,1004422,
ALEMBIC,Unit,,5,,,3002,161.1,,1,1,115.07,Unit,true,CETANIL M50 10,2026-07-14T07:54:48.503Z,general,others,1004424,1004424,
ALEMBIC,Strip,crina ncr 10,5,ALEMBIC,false,3002,212,,1,10,161.68,Tablet,true,CRINA NCR 10,2026-07-15T09:45:41.137623Z,general,tablet,1004426,1004426,
JB PHARMACEUTICAL,Unit,,12,,,3004,193.65,,1,1,145,Unit,true,CILACAR 10 15,2026-07-14T07:55:03.022Z,general,others,1004428,1004428,
ALEMBIC,Strip,crina ncr 15,5,ALEMBIC,false,3002,129,,1,5,98.44,Tablet,true,CRINA NCR 15,2026-07-15T09:45:49.561930Z,general,tablet,1004430,1004430,
-BLANK-,Strip,doxinate plus,12,-BLANK-,false,3004,338.3,,1,30,241.64,Tablet,true,DOXINATE PLUS,2026-07-15T09:55:38.507494Z,general,tablet,1004432,1004432,
MANKIND,Strip,drotikind m,5,MANKIND,false,3002,113.13,,1,10,80.8,Tablet,true,DROTIKIND M,2026-07-15T09:58:42.079792Z,general,tablet,1004434,1004434,
ALKEM,Strip,donep 5,5,ALKEM,false,3002,193.89,,1,15,147.73,Tablet,true,DONEP 5,2026-07-15T09:55:27.274284Z,general,tablet,1004436,1004436,
ZYDUS,Strip,depin rt 20,12,ZYDUS,false,3004,62.05,,1,15,44.32,Tablet,true,DEPIN RT 20,2026-07-15T09:34:27.694785Z,general,tablet,1004438,1004438,
ZYDUS,Unit,,5,,,3002,77,,1,1,10.75,Unit,true,BREATHWELL CAPSULE 10,2026-07-14T07:55:10.883Z,general,others,1004440,1004440,
EMCURE PHARMA,Strip,ferium xt,5,EMCURE PHARMA,false,3002,339,,1,15,250,Tablet,true,FERIUM XT,2026-07-15T10:27:23.633239Z,general,tablet,1004442,1004442,
EMCURE PHARMA,Strip,indocap sr 10,5,EMCURE PHARMA,false,3002,163.12,,1,10,140,Tablet,true,INDOCAP SR 10,2026-07-15T11:10:57.172141Z,general,tablet,1004445,1004445,
IPCA,Unit,,5,,,3002,265,,1,1,100,Unit,true,KERAGLO MEN 10,2026-07-14T07:55:03.022Z,general,others,1004450,1004450,
IPCA,Strip,levera 250mg,5,IPCA,false,3002,105.84,,1,15,90,Tablet,true,LEVERA 250MG,2026-07-15T11:17:13.165999Z,general,tablet,1004452,1004452,
IPCA,Strip,levera 500mg,5,IPCA,false,3002,218.06,,1,15,160,Tablet,true,LEVERA 500MG,2026-07-15T11:17:19.526856Z,general,tablet,1004454,1004454,
CIPLA,Strip,levoflox 500,0,CIPLA,false,3002,100.68,,1,10,90,Tablet,true,LEVOFLOX 500,2026-07-15T11:18:06.233329Z,general,tablet,1004457,1004457,
CIPLA,Strip,levipil 250,5,CIPLA,false,3002,70.56,,1,10,55,Tablet,true,LEVIPIL 250,2026-07-15T11:17:26.271634Z,general,tablet,1004459,1004459,
SUN PHARMA,Strip,levipil 500,12,SUN PHARMA,false,3004,216.48,,1,15,157,Tablet,true,LEVIPIL 500,2026-07-15T11:17:33.273920Z,general,tablet,1004461,1004461,
LUPIN LIFE,Strip,gibtul 10,12,LUPIN LIFE,false,3004,140,,1,10,105,Tablet,true,GIBTUL 10,2026-07-15T10:42:45.374979Z,general,tablet,1004463,1004463,
FDC,Strip,ethasyl 500,12,FDC,false,3004,256.3,,1,10,183.07,Tablet,true,ETHASYL 500,2026-07-15T10:20:03.891753Z,general,tablet,1004465,1004465,
-BLANK-,Strip,eryxia 500,5,-BLANK-,false,3002,110,,1,10,45,Tablet,true,ERYXIA 500,2026-07-15T10:18:47.547978Z,general,tablet,1004467,1004467,
SUN PHARMA,Strip,mondeslor 10,5,SUN PHARMA,false,3002,243,,1,10,173.57,Tablet,true,MONDESLOR 10,2026-07-15T11:47:12.382Z,general,tablet,1004469,1004469,
-BLANK-,Strip,neurobid lc 10,12,-BLANK-,false,3004,275,,1,10,196.45,Tablet,true,NEUROBID LC 10,2026-07-15T12:00:45.399Z,general,tablet,1004471,1004471,
P/G,Strip,neurobion plus,12,P/G,false,3004,208.06,,1,15,148.62,Tablet,true,NEUROBION PLUS,2026-07-15T12:07:46.285Z,general,tablet,1004473,1004473,
P/G,Strip,normecetin 10,12,P/G,false,3004,110,,1,10,70,Tablet,true,NORMECETIN 10,2026-07-15T12:36:07.420Z,general,tablet,1004475,1004475,
JB PHARMACEUTICAL,Strip,nicardia rt 10 15,12,JB PHARMACEUTICAL,false,3004,56.48,,1,15,40.34,Tablet,true,NICARDIA RT 10 15,2026-07-15T12:22:28.787Z,general,tablet,1004477,1004477,
BLUE CROSE,Strip,olmeblu 20,5,BLUE CROSE,false,3002,65,,1,15,45,Tablet,true,OLMEBLU 20,2026-07-15T12:53:59.207Z,general,tablet,1004479,1004479,
P/G,Strip,polybion czs active defense 30,5,P/G,false,3002,223.15,,1,30,159.37,Tablet,true,POLYBION CZS ACTIVE DEFENSE 30,2026-07-15T14:00:40.009Z,general,tablet,1004481,1004481,
TORRENT,Strip,serta 25,5,TORRENT,false,3002,120.55,,1,15,91.85,Tablet,true,SERTA 25,2026-07-15T14:53:58.571Z,general,tablet,1004483,1004483,
SYSTOPICS,Strip,syslate 250,12,SYSTOPICS,false,3004,248.95,,1,10,161.82,Tablet,true,SYSLATE 250,2026-07-15T15:28:48.252Z,general,tablet,1004485,1004485,
ALKEM,Strip,satrogyl o tab,5,ALKEM,false,3002,198,,1,10,141.43,Tablet,true,SATROGYL O TAB,2026-07-15T14:52:01.324Z,general,tablet,1004487,1004487,
ALKEM,Strip,sylate t 500,12,ALKEM,false,3004,549.55,,1,10,392.55,Tablet,true,SYLATE T 500,2026-07-15T15:27:48.922Z,general,tablet,1004489,1004489,
DR. REDDY'S,Strip,vicra sm 10/100/1000,5,DR. REDDY'S,false,3002,180,,1,10,128.57,Tablet,true,VICRA SM 10/100/1000,2026-07-15T15:55:48.322Z,general,tablet,1004491,1004491,
DR. REDDY'S,Unit,,18,,,3009,59,,1,1,50.31,Unit,true,EVERYUTH WALNUT SCRUB 25G,2026-07-14T07:54:59.078Z,general,others,1004493,1004493,
DR. REDDY'S,Unit,,0,,,BLANK,99,,1,1,88.39,Unit,true,CAREFREE PANTYLINERS 20PS,2026-07-14T07:54:59.078Z,general,others,1004495,1004495,
DR. REDDY'S,Unit,,18,,,3009,110,,1,1,82.49,Unit,true,EVERYUTH FACESCRUB + FACEWASH 50G,2026-07-14T07:54:59.078Z,general,others,1004497,1004497,
DR. REDDY'S,Unit,,18,,,3009,15,,1,1,11.25,Unit,true,EVERYUTH WALNUT SACHET 7GM,2026-07-14T07:54:59.078Z,general,others,1004499,1004499,
DR. REDDY'S,Unit,,18,,,3009,20,,1,1,14.99,Unit,true,EVERYUTH ANTI POLLUTION SACHEE 7GM,2026-07-14T07:54:59.078Z,general,others,1004501,1004501,
DR. REDDY'S,Unit,,5,,,3002,130,,1,1,101.98,Unit,true,SUGAR FREE GREEN 100T,2026-07-14T07:54:59.078Z,general,others,1004503,1004503,
DR. REDDY'S,Unit,,0,,,BLANK,45,,1,1,23,Unit,true,GLYCERINE 50ML,2026-07-14T07:54:59.078Z,general,others,1004505,1004505,
DR. REDDY'S,Strip,telma am h 40,5,DR. REDDY'S,false,3002,343.13,,1,15,261.43,Tablet,true,TELMA AM H 40,2026-07-15T15:34:15.490Z,general,tablet,1004507,1004507,
DR. REDDY'S,Strip,terbinaforce 500,5,DR. REDDY'S,false,3002,199,,1,7,142.14,Tablet,true,TERBINAFORCE 500,2026-07-15T15:40:24.758Z,general,tablet,1004508,1004508,
ARISTRO,Strip,telvas beta 25,5,ARISTRO,false,3002,124,,1,10,88.57,Tablet,true,TELVAS BETA 25,2026-07-15T15:38:57.539Z,general,tablet,1004510,1004510,
ARISTRO,Strip,clonatril .5,5,ARISTRO,false,3002,57.8,,1,15,35,Tablet,true,CLONATRIL .5,2026-07-15T09:28:00.257249Z,general,tablet,1004512,1004512,
DABUR,Unit,,5,,,3002,220,,1,1,180,Unit,true,ARSHOGHANIVATI 1,2026-07-14T07:54:54.580Z,general,others,1004514,1004514,
TRION PHARMA,Unit,,5,,,3002,179,,1,1,150,Unit,true,NUMBTRON PFS 1ML,2026-07-14T07:55:10.883Z,general,others,1004517,1004517,
SUN PHARMA,Strip,istamet empa 10/100/1000,5,SUN PHARMA,false,3002,206.25,,1,10,157.14,Tablet,true,ISTAMET EMPA 10/100/1000,2026-07-15T11:12:41.768837Z,general,tablet,1004519,1004519,
MANFORCE,Unit,,0,,,BLANK,121,,1,1,80,Unit,true,MANFORCE STAYLONG TUBE 8GM,2026-07-14T07:55:06.900Z,general,others,1004521,1004521,
MANKIND,Unit,,12,,,3004,115.96,,1,1,80,Unit,true,NUROKIND OD INJECTION 2ML*4,2026-07-14T07:55:06.900Z,general,others,1004523,1004523,
CADILA,Unit,,5,,,3002,165,,1,1,117.86,Unit,true,CALCIROL AQ INJECTION 2ML,2026-07-14T07:54:54.580Z,general,others,1004525,1004525,
CADILA,Unit,,5,,,3002,412.6,,1,1,310,Unit,true,COR 9 500 INJECTION 2ML,2026-07-14T07:54:54.580Z,general,others,1004528,1004528,
CADILA,Unit,,12,,,3004,57.48,,1,1,35.76,Unit,true,PANTAKIND 40 INJECTION 10ML,2026-07-14T07:54:54.580Z,general,others,1004530,1004530,
CADILA,Unit,,5,,,3002,13.57,,1,1,9.97,Unit,true,ONDEM INJECTION 2ML,2026-07-14T07:54:54.580Z,general,others,1004532,1004532,
-BLANK-,Strip,dytor e 10,5,-BLANK-,false,3002,345.43,,1,10,263.19,Tablet,true,DYTOR E 10,2026-07-15T10:05:56.075614Z,general,tablet,1004534,1004534,
SAIBOON,Strip,rosuboon asp 10,5,SAIBOON,false,3002,112.49,,1,10,85.72,Tablet,true,ROSUBOON ASP 10,2026-07-15T14:32:07.134Z,general,tablet,1004536,1004536,
-BLANK-,Unit,,5,,,3002,206.9,,1,1,147.79,Unit,true,CORBIS H 5 15,2026-07-14T07:54:40.148Z,general,others,1004538,1004538,
-BLANK-,Strip,eritel ln 80,5,-BLANK-,false,3002,366.36,,1,15,261.68,Tablet,true,ERITEL LN 80,2026-07-15T10:18:36.595081Z,general,tablet,1004540,1004540,
-BLANK-,Unit,,5,,,3002,137,,1,1,98,Unit,true,OTOBIOTIC PL EAR DROP 1,2026-07-14T07:54:44.690Z,general,others,1004542,1004542,
-BLANK-,Strip,dytor plus 5,5,-BLANK-,false,3002,105.2,,1,15,75.14,Tablet,true,DYTOR PLUS 5,2026-07-15T10:06:18.899816Z,general,tablet,1004544,1004544,
-BLANK-,Strip,pantocid it,5,-BLANK-,false,3002,368,,1,10,262.86,Tablet,true,PANTOCID IT,2026-07-15T13:22:46.383Z,general,tablet,1004547,1004547,
SUN PHARMA,Strip,sompraz 40,5,SUN PHARMA,false,3002,180,,1,15,128.58,Tablet,true,SOMPRAZ 40,2026-07-15T14:57:57.993Z,general,tablet,1004549,1004549,
ZANDU,Unit,,5,,,3002,220,,1,1,177.65,Unit,true,PANCHARISHTA 650ML,2026-07-14T07:55:10.883Z,general,others,1004553,1004553,
TORRENT,Strip,alprax .5 15,5,TORRENT,false,3002,81.35,Alprazolam,1,15,61.98,Tablet,true,ALPRAX .5 15,2026-07-15T11:32:40.420Z,scheduleH,tablet,1004555,1004555,
LIVEASY,Unit,,5,,,3002,319,,1,1,118.57,Unit,true,LIVEASY ORTHO TENNIS ELBOW 1,2026-07-14T07:55:03.022Z,general,others,1004557,1004557,
LIVEASY,Unit,,5,,,3002,99,,1,1,41.95,Unit,true,LIVEASY TONGUE CLEANER 2 PACK,2026-07-14T07:55:03.022Z,general,others,1004559,1004559,
PFIZER,Unit,,5,,,3002,250,,1,1,190.96,Unit,true,MUCAINE GEL 200ML,2026-07-14T07:55:06.900Z,general,others,1004561,1004561,
RECKITT,Unit,,5,,,3002,249.5,,1,1,187.13,Unit,true,NEOGADINE ELIXIR SYRUP 300ML,2026-07-14T07:55:06.900Z,general,others,1004563,1004563,
LUPIN LIFE,Strip,resodim 15mg,5,LUPIN LIFE,false,3002,843.35,,1,4,602.39,Tablet,true,RESODIM 15MG,2026-07-15T14:22:20.480Z,general,tablet,1004565,1004565,
LUPIN LIFE,Strip,banocide forte tab,5,LUPIN LIFE,false,3002,52.61,,1,30,40.08,Tablet,true,BANOCIDE FORTE TAB,2026-07-15T02:49:38.220241Z,general,tablet,1004567,1004567,
LUPIN LIFE,Strip,semi amaryl 0.5mg,5,LUPIN LIFE,false,3002,162.09,,1,30,123.5,Tablet,true,SEMI AMARYL 0.5MG,2026-07-15T14:53:17.355Z,general,tablet,1004570,1004570,
ABOTT,Unit,,5,,,3002,1010,,1,1,875.33,Unit,true,SIMILAC MT1 800GM,2026-07-14T07:54:48.503Z,general,others,1004572,1004572,
ABBOTT,Unit,ensure chcolate 375gm,5,ABBOTT,false,3002,720,,1,1,554.67,Unit,true,ENSURE CHCOLATE 375GM,2026-07-15T10:16:12.041216Z,general,others,1004574,1004574,
ZYDUS,Unit,formonide 400mg inhaler 1,5,ZYDUS,false,3002,460,,1,1,329.14,Unit,true,FORMONIDE 400MG INHALER 1,2026-07-15T10:36:44.794333Z,general,others,1004576,1004576,
SUN PHARMA,Strip,predmet 8,5,SUN PHARMA,false,3002,114,,1,15,81.43,Tablet,true,PREDMET 8,2026-07-15T14:03:45.796Z,general,tablet,1004578,1004578,
-BLANK-,Unit,,0,,,BLANK,80,,1,1,44.66,Unit,true,MAXX PROTEIN BAR 50GM,2026-07-14T07:54:44.690Z,general,others,1004581,1004581,
-BLANK-,Unit,,5,,,3002,660,,1,1,471.43,Unit,true,MAXBRIM PF EYE DROP 5ML,2026-07-14T07:54:44.690Z,general,others,1004583,1004583,
-BLANK-,Unit,,5,,,3002,132,,1,1,28.57,Unit,true,REXCOF DX SYP 100ML,2026-07-14T07:54:44.690Z,general,others,1004585,1004585,
-BLANK-,Unit,,5,,,3002,76.33,,1,1,54.52,Unit,true,TIMOLONG EYE DROP 5ML,2026-07-14T07:54:48.503Z,general,others,1004589,1004589,
SANOFI,Strip,dulcoflex suppositories 5*1,5,SANOFI,false,3002,53.25,,1,5,42.6,Capsule,true,DULCOFLEX SUPPOSITORIES 5*1,2026-07-15T10:00:15.929676Z,general,capsule,1004591,1004591,
DR. REDDY'S,Strip,zoryl .5,5,DR. REDDY'S,false,3002,124.69,,1,15,95,Tablet,true,ZORYL .5,2026-07-15T16:08:55.238Z,general,tablet,1004593,1004593,
-BLANK-,Unit,,5,,,3002,189,,1,1,148.39,Unit,true,RELISPRAY 36GM,2026-07-14T07:54:44.690Z,general,others,1004595,1004595,
-BLANK-,Unit,,5,,,3002,140.62,,1,1,111.6,Unit,true,VOLTAREN PAIN GEL 30GM,2026-07-14T07:54:48.503Z,general,others,1004598,1004598,
FDC,Unit,,5,,,3002,53.9,,1,1,36.54,Unit,true,ENERZAL POWDER 75GM,2026-07-14T07:54:59.078Z,general,others,1004600,1004600,
USV,Strip,glycomet 1gm,5,USV,false,3002,67.25,,1,15,48.04,Tablet,true,GLYCOMET 1GM,2026-07-15T10:45:49.950070Z,general,tablet,1004603,1004603,
SUN PHARMA,Unit,,5,,,3002,137,,1,1,104.38,Unit,true,TOBA EYE DROP 5ML,2026-07-14T07:55:10.883Z,general,others,1004605,1004605,
CADILA,Unit,,5,,,3002,289,,1,1,52.38,Unit,true,SKINE SHINE OINTMENT 30GM,2026-07-14T07:54:54.580Z,general,others,1004607,1004607,
CADILA,Unit,,5,,,3002,181.09,,1,1,144.87,Unit,true,INSUGEN 30/70 10ML,2026-07-14T07:54:54.580Z,general,others,1004609,1004609,
ERIS,Unit,,5,,,3002,193.14,,1,1,137.97,Unit,true,OLMIN 20 15,2026-07-14T07:54:59.078Z,general,others,1004611,1004611,
ERIS,Unit,,5,,,3002,108,,1,1,77.14,Unit,true,HISTAKIND SUSPENSION 60ML,2026-07-14T07:54:59.078Z,general,others,1004613,1004613,
ERIS,Strip,eltrog 25,5,ERIS,false,3002,821.25,,1,7,428.57,Tablet,true,ELTROG 25,2026-07-15T10:13:40.292748Z,general,tablet,1004615,1004615,
HIMALAYA,Unit,,0,,,BLANK,95,,1,1,40.33,Unit,true,HIMALAYA NEEM APRICORT SCRUB 50GM,2026-07-14T07:55:03.022Z,general,others,1004617,1004617,
DR. REDDY'S,Unit,,5,,,3002,17.78,,1,1,13.55,Unit,true,OMEZ INSTA 5.9 GM*1,2026-07-14T07:54:59.078Z,general,others,1004619,1004619,
-BLANK-,Unit,,5,,,3002,1082,,1,1,824.38,Unit,true,PSORID 100 10,2026-07-14T07:54:44.690Z,general,others,1004621,1004621,
-BLANK-,Unit,,5,,,3002,567.05,,1,1,432.04,Unit,true,SORVATE OINMENT 20GM,2026-07-14T07:54:48.503Z,general,others,1004622,1004622,
-BLANK-,Unit,,5,,,3002,540,,1,1,385.71,Unit,true,OLESOFT MAX 200ML,2026-07-14T07:54:44.690Z,general,others,1004625,1004625,
DABUR,Unit,,5,,,3002,210,,1,1,166.68,Unit,true,DABUR ABHAYARISHTA SYRUP 450ML,2026-07-14T07:54:54.580Z,general,others,1004628,1004628,
DABUR,Unit,,5,,,3002,100,,1,1,79.36,Unit,true,DABUR AROGYAVARDHINI GUTIKA 40,2026-07-14T07:54:54.580Z,general,others,1004630,1004630,
DABUR,Unit,,5,,,3002,168,,1,1,133.34,Unit,true,DABUR ASHOKARISHTA SYRUP 450ML,2026-07-14T07:54:59.078Z,general,others,1004632,1004632,
DABUR,Unit,,5,,,3002,295,,1,1,234.11,Unit,true,DABUR ASHWAGANDHARISHTA SYRUP 450ML,2026-07-14T07:54:59.078Z,general,others,1004634,1004634,
DABUR,Unit,,5,,,3002,85,,1,1,67.46,Unit,true,DABUR ERAND OIL 50ML,2026-07-14T07:54:59.078Z,general,others,1004636,1004636,
DABUR,Unit,,5,,,3002,92.81,,1,1,73.66,Unit,true,DABUR HONITUS ADULSA 100ML,2026-07-14T07:54:59.078Z,general,others,1004638,1004638,
DABUR,Unit,,5,,,3002,235,,1,1,174.84,Unit,true,DABUR HONITUS SYRUP 200ML,2026-07-14T07:54:59.078Z,general,others,1004640,1004640,
DABUR,Unit,,5,,,3002,65,,1,1,48.37,Unit,true,DABUR JURI TAP 30ML,2026-07-14T07:54:59.078Z,general,others,1004642,1004642,
DABUR,Unit,,5,,,3002,85,,1,1,67.46,Unit,true,DABUR LAVANBHASKAR CHURNA 60GM,2026-07-14T07:54:59.078Z,general,others,1004644,1004644,
DABUR,Unit,,5,,,3002,50,,1,1,35.32,Unit,true,DABUR LAVANG TAIL 2ML,2026-07-14T07:54:59.078Z,general,others,1004645,1004645,
DABUR,Unit,,5,,,3002,215,,1,1,170.62,Unit,true,DABUR PARTHADYARISHTA 450ML 450ML,2026-07-14T07:54:59.078Z,general,others,1004647,1004647,
DABUR,Unit,,5,,,3002,100,,1,1,79.36,Unit,true,DABUR MULETHU CHURNA 100GM,2026-07-14T07:54:59.078Z,general,others,1004650,1004650,
DABUR,Unit,,5,,,3002,92,,1,1,73.01,Unit,true,DABUR TRIPHALA 120GM,2026-07-14T07:54:59.078Z,general,others,1004652,1004652,
DABUR,Unit,,18,,,3009,565,,1,1,383.06,Unit,true,AHAGLOW FACEWASH 100G,2026-07-14T07:54:54.580Z,general,others,1004654,1004654,
Galderma,Unit,cetaphil oily cleanser 125,18,Galderma,false,3009,699,,1,1,473.99,Unit,true,CETAPHIL OILY CLEANSER 125,2026-07-15T09:19:17.692422Z,general,others,1004656,1004656,
DABUR,Unit,,18,,,3009,260,,1,1,176.27,Unit,true,ETHIGLO FACEWASH 70G,2026-07-14T07:54:59.078Z,general,others,1004658,1004658,
CIPLA,Strip,pantosec dsr 10,5,CIPLA,false,3002,156,,1,10,36.67,Tablet,true,PANTOSEC DSR 10,2026-07-15T13:41:27.076Z,general,tablet,1004660,1004660,
-BLANK-,Unit,,5,,,3002,65.5,,1,1,52.38,Unit,true,VITHOBA DANT MANJAN 80GM,2026-07-14T07:54:48.503Z,general,others,1004662,1004662,
-BLANK-,Unit,,5,,,3002,445.31,,1,1,339.29,Unit,true,ULTRASOOTHE E/D 10ML,2026-07-14T07:54:48.503Z,general,others,1004664,1004664,
-BLANK-,Strip,vertin 24,5,-BLANK-,false,3002,583,,1,15,444.18,Tablet,true,VERTIN 24,2026-07-15T15:55:12.457Z,general,tablet,1004666,1004666,
CIPLA,Unit,,0,,,BLANK,45,,1,1,45,Unit,true,OFLOX E/D 5ML,2026-07-14T07:54:54.580Z,general,others,1004668,1004668,
MACLEODS,Unit,,5,,,3002,177.96,,1,1,127.11,Unit,true,DAPAMAC TRIO 500 10,2026-07-14T07:55:03.022Z,general,others,1004671,1004671,
-BLANK-,Unit,,0,,,BLANK,550,,1,1,240,Unit,true,ADULT DIAPER XXL 10,2026-07-14T07:54:40.148Z,general,others,1004677,1004677,
-BLANK-,Unit,,0,,,BLANK,17,,1,1,1.5,Unit,true,SYRINGE 2ML 1,2026-07-14T07:54:48.503Z,general,others,1004680,1004680,
CURELIFE,Unit,,0,,,BLANK,429,,1,1,80,Unit,true,KNEE CAP S 1,2026-07-14T07:54:54.580Z,general,others,1004683,1004683,
CURELIFE,Unit,,0,,,BLANK,429,,1,1,80,Unit,true,KNEE CAPS M 1,2026-07-14T07:54:54.580Z,general,others,1004686,1004686,
B/H,Strip,i herb tab,5,B/H,false,3002,275,,1,10,186.41,Tablet,true,I HERB TAB,2026-07-15T11:09:59.901592Z,general,tablet,1004688,1004688,
B/H,Unit,,5,,,3002,35.06,,1,1,26.3,Unit,true,MINICYCLINE 100 10,2026-07-14T07:54:54.580Z,general,others,1004690,1004690,
B/H,Unit,,5,,,3002,193,,1,1,137.86,Unit,true,ZIFI CV 100 SYP 30ML,2026-07-14T07:54:54.580Z,general,others,1004692,1004692,
B/H,Unit,,5,,,3002,131.7,,1,1,94.08,Unit,true,ZIFI CV 50 SYP 30ML,2026-07-14T07:54:54.580Z,general,others,1004694,1004694,
B/H,Strip,vigromen blue 100,5,B/H,false,3002,150,,1,4,14.03,Tablet,true,VIGROMEN BLUE 100,2026-07-15T15:56:33.939Z,general,tablet,1004696,1004696,
-BLANK-,Unit,,0,,,BLANK,85,,1,1,77,Unit,true,BOROLIN 40GM,2026-07-14T07:54:40.148Z,general,others,1004698,1004698,
SUN PHARMA,Strip,oxramet g xr 10,5,SUN PHARMA,false,3002,115.31,,1,7,87.86,Tablet,true,OXRAMET G XR 10,2026-07-15T13:15:38.423Z,general,tablet,1004701,1004701,
CORONA,Strip,rosuless 5mg,5,CORONA,false,3002,88.2,,1,15,63,Tablet,true,ROSULESS 5MG,2026-07-15T14:32:48.939Z,general,tablet,1004703,1004703,
-BLANK-,Strip,tengligress m 500,5,-BLANK-,false,3002,140,,1,10,100,Tablet,true,TENGLIGRESS M 500,2026-07-15T15:39:41.889Z,general,tablet,1004705,1004705,
-BLANK-,Unit,,0,,,BLANK,37,,1,1,32.74,Unit,true,WHISPER REGULAR 6 PADS,2026-07-14T07:54:48.503Z,general,others,1004707,1004707,
-BLANK-,Unit,,0,,,BLANK,70,,1,1,53.13,Unit,true,WHISPER CHOICE ULTRA XL HF 10,2026-07-14T07:54:48.503Z,general,others,1004709,1004709,
-BLANK-,Unit,,0,,,BLANK,45,,1,1,35,Unit,true,DOUBLEMINT CHEWING GUMS 1,2026-07-14T07:54:40.148Z,general,others,1004711,1004711,
-BLANK-,Unit,,5,,,3002,50,,1,1,42.33,Unit,true,NESCAFE LATTE CAN 180ML,2026-07-14T07:54:44.690Z,general,others,1004713,1004713,
-BLANK-,Unit,,5,,,3002,45,,1,1,38.1,Unit,true,NESCAFE INTENSE CAFE 180ML,2026-07-14T07:54:44.690Z,general,others,1004715,1004715,
-BLANK-,Unit,,5,,,3002,20,,1,1,17.08,Unit,true,MUNCH MAX,2026-07-14T07:54:44.690Z,general,others,1004717,1004717,
-BLANK-,Unit,,5,,,3002,782.39,,1,1,625.91,Unit,true,LANTUS U100,2026-07-14T07:54:44.690Z,general,others,1004721,1004721,
-BLANK-,Unit,,18,,,3009,129,,1,1,109.33,Unit,true,DERMACO 2% SALICYCLIC ACID F/W 30ML,2026-07-14T07:54:40.148Z,general,others,1004723,1004723,
-BLANK-,Unit,,18,,,3009,299,,1,1,253.38,Unit,true,DERMA CO 1% KOJI ACID DAILY FW 100ML,2026-07-14T07:54:40.148Z,general,others,1004725,1004725,
-BLANK-,Unit,,18,,,3009,299,,1,1,253.39,Unit,true,DERMA CO 2% GENTLE CLEANSER 125ML,2026-07-14T07:54:40.148Z,general,others,1004727,1004727,
-BLANK-,Unit,,18,,,3009,299,,1,1,253.39,Unit,true,DERMA CO 2% OILY SKIN CLEANSER 125ML,2026-07-14T07:54:40.148Z,general,others,1004729,1004729,
-BLANK-,Unit,,18,,,3009,249,,1,1,211.02,Unit,true,DERMA CO NIACINAMIDE 10% SERUM 10ML,2026-07-14T07:54:40.148Z,general,others,1004731,1004731,
-BLANK-,Unit,,18,,,3009,349,,1,1,295.77,Unit,true,DERMA CO SALICINAMIDA SERUM 10ML,2026-07-14T07:54:40.148Z,general,others,1004733,1004733,
-BLANK-,Unit,,18,,,3009,299,,1,1,253.39,Unit,true,DERMA CO HYALURONIC SUNSCREEN 30GM,2026-07-14T07:54:40.148Z,general,others,1004735,1004735,
-BLANK-,Unit,,18,,,3009,499,,1,1,422.89,Unit,true,DERMA CO 15% AHA+1%BHA PEELING 30ML,2026-07-14T07:54:40.148Z,general,others,1004737,1004737,
-BLANK-,Unit,,18,,,3009,249,,1,1,211.02,Unit,true,MAMA EARTH BEETROOT FACE CREAM 80GM,2026-07-14T07:54:44.690Z,general,others,1004739,1004739,
-BLANK-,Unit,,5,,,3002,279,,1,1,265.72,Unit,true,MAMA EARTH ROSEMARY OIL 100ML,2026-07-14T07:54:44.690Z,general,others,1004741,1004741,
-BLANK-,Unit,,5,,,3002,177,,1,1,168.58,Unit,true,MAMA EARTH ROSEMARY SHAMPOO 180ML,2026-07-14T07:54:44.690Z,general,others,1004744,1004744,
-BLANK-,Unit,,5,,,3002,249,,1,1,210.48,Unit,true,MAMA EARTH MOISTURIZING SOAPS 2*75GM,2026-07-14T07:54:44.690Z,general,others,1004746,1004746,
-BLANK-,Unit,,5,,,3002,249,,1,1,237.15,Unit,true,MAMA EARTH COCOSOFT SOAPS 2*75GM,2026-07-14T07:54:44.690Z,general,others,1004748,1004748,
-BLANK-,Unit,,5,,,3002,221,,1,1,210.48,Unit,true,MAMA EARTH MILKY SOFT SOAPS 2*75GM,2026-07-14T07:54:44.690Z,general,others,1004750,1004750,
SUN PHARMA,Unit,,5,,,3002,645,,1,1,480.65,Unit,true,PROHANCE MOM'S VANILLA 400GM,2026-07-14T07:55:10.883Z,general,others,1004752,1004752,
Almebic,Strip,bilambic m 10,5,Almebic,false,3002,121.31,Bilastin + Montelukast,1,10,92.43,Tablet,true,BILAMBIC M 10,2026-07-15T03:02:43.130297Z,general,tablet,1004754,1004754,
-BLANK-,Unit,,5,,,3002,56,,1,1,24.5,Unit,true,LICERID LOTION 50ML,2026-07-14T07:54:44.690Z,general,others,1004768,1004768,
GSK,Strip,becadexamin capsules,5,GSK,false,3002,123.2,,1,60,92.4,Capsule,true,BECADEXAMIN CAPSULES,2026-07-15T02:49:56.105462Z,general,capsule,1004771,1004771,
GLENMARK,Strip,telma h 80,5,GLENMARK,false,3002,575,,1,15,410.71,Tablet,true,TELMA H 80,2026-07-15T15:34:58.109Z,general,tablet,1004773,1004773,
DUREX,Unit,,0,,,BLANK,399,,1,1,299.2,Unit,true,DUREX LUBE 50ML,2026-07-14T07:54:59.078Z,general,others,1004775,1004775,
DUREX,Unit,,0,,,BLANK,324,,1,1,270,Unit,true,DUREX AIR 10PCS 10,2026-07-14T07:54:59.078Z,general,others,1004777,1004777,
DUREX,Unit,,0,,,BLANK,478,,1,1,298.7,Unit,true,DUREX MUTUAL CLIMAX 10PCS 10,2026-07-14T07:54:59.078Z,general,others,1004779,1004779,
DUREX,Unit,,0,,,BLANK,324,,1,1,202.5,Unit,true,DUREX XTRA TIME 10 PCS 10,2026-07-14T07:54:59.078Z,general,others,1004781,1004781,
DUREX,Unit,,0,,,BLANK,135,,1,1,112.5,Unit,true,DUREX EXTRA TIME ULTRA THIN 3,2026-07-14T07:54:59.078Z,general,others,1004783,1004783,
GSK,Unit,moov cool spray 35gm,5,GSK,false,3002,180,,1,1,139.13,Unit,true,MOOV COOL SPRAY 35GM,2026-07-20T05:16:33.420Z,general,others,1004785,1004785,
-BLANK-,Unit,,0,,,BLANK,92,,1,1,79.45,Unit,true,CHERRY SHOE SHINER NEUTRAL 5ML,2026-07-14T07:54:40.148Z,general,others,1004787,1004787,
-BLANK-,Unit,,0,,,BLANK,92.79,,1,1,79.45,Unit,true,CHERRY SHOE SHINER BLACK 5ML,2026-07-14T07:54:40.148Z,general,others,1004789,1004789,
-BLANK-,Unit,,0,,,BLANK,115,,1,1,98.25,Unit,true,MORTEIN DUAL SPRAY 200ML,2026-07-14T07:54:44.690Z,general,others,1004791,1004791,
-BLANK-,Unit,,0,,,BLANK,300,,1,1,260,Unit,true,JONDILA 450ML,2026-07-14T07:54:44.690Z,general,others,1004793,1004793,
-BLANK-,Unit,,0,,,BLANK,100,,1,1,80,Unit,true,WITCH HAZEL CREAM 250GM,2026-07-14T07:54:48.503Z,general,others,1004795,1004795,
-BLANK-,Unit,,0,,,BLANK,290,,1,1,240,Unit,true,ALOEVERA CALENDULA 250G,2026-07-14T07:54:40.148Z,general,others,1004797,1004797,
-BLANK-,Strip,shelcal hd 12,5,-BLANK-,false,3002,206,,1,15,147.29,Tablet,true,SHELCAL HD 12,2026-07-15T14:54:23.386Z,general,tablet,1004799,1004799,
-BLANK-,Unit,,0,,,BLANK,140,,1,1,123.35,Unit,true,STAYFREE TAMPONS REGULAR 10,2026-07-14T07:54:48.503Z,general,others,1004801,1004801,
ZYDUS,Unit,,5,,,3002,220,,1,1,173.83,Unit,true,SUGAR FREE GOLD + 300T,2026-07-14T07:55:10.883Z,general,others,1004803,1004803,
ZYDUS,Unit,,5,,,3002,15,,1,1,11.25,Unit,true,EVERYUTH GOLDEN GLOW PEELOFF S 7GM,2026-07-14T07:55:10.883Z,general,others,1004805,1004805,
ZYDUS,Unit,,5,,,3002,56,,1,1,41.66,Unit,true,GLUCON D LIME 100GM,2026-07-14T07:55:10.883Z,general,others,1004807,1004807,
-BLANK-,Unit,,0,,,BLANK,1190,,1,1,848,Unit,true,TRICHOSPIRE F HAIR KIT 1 BOX,2026-07-14T07:54:48.503Z,general,others,1004809,1004809,
-BLANK-,Unit,,18,,,3009,1509,,1,1,1023.2,Unit,true,FOLIRICH HAIR SERUM 60ML,2026-07-14T07:54:40.148Z,general,others,1004811,1004811,
-BLANK-,Strip,isotroin 10,5,-BLANK-,false,3002,368.88,,1,15,263.49,Tablet,true,ISOTROIN 10,2026-07-15T11:11:58.580259Z,general,tablet,1004813,1004813,
-BLANK-,Strip,babyfol tab 10,5,-BLANK-,false,3002,141,,1,10,100.72,Tablet,true,BABYFOL TAB 10,2026-07-14T09:25:56.932Z,general,tablet,1004815,1004815,
-BLANK-,Unit,,5,,,3002,430,,1,1,327.86,Unit,true,MINYM 4% 15GM,2026-07-14T07:54:44.690Z,general,others,1004817,1004817,
-BLANK-,Unit,,5,,,3002,1150,,1,1,821,Unit,true,REGAIN 5% 60ML,2026-07-14T07:54:44.690Z,general,others,1004819,1004819,
-BLANK-,Unit,,5,,,3002,58.33,,1,1,41.66,Unit,true,XYLOMIST 0.1% NASAL,2026-07-14T07:54:48.503Z,general,others,1004821,1004821,
-BLANK-,Unit,,5,,,3002,44.73,,1,1,34.08,Unit,true,XYLOMIST P NASAL 10ML,2026-07-14T07:54:48.503Z,general,others,1004823,1004823,
-BLANK-,Strip,crampcure tab 10,5,-BLANK-,false,3002,115,,1,10,87.62,Tablet,true,CRAMPCURE TAB 10,2026-07-14T11:16:50.902Z,general,tablet,1004825,1004825,
-BLANK-,Unit,,5,,,3002,102.75,,1,1,73.4,Unit,true,SOLVIN COLD AF DROPS 15ML,2026-07-14T07:54:48.503Z,general,others,1004827,1004827,
-BLANK-,Unit,,5,,,3002,92.8,,1,1,66.29,Unit,true,SOLVIN COLD AF SYP 60ML,2026-07-14T07:54:48.503Z,general,others,1004828,1004828,
-BLANK-,Unit,,5,,,3002,80.06,,1,1,60.99,Unit,true,SOLVIN COLD SYP 60ML,2026-07-14T07:54:48.503Z,general,others,1004831,1004831,
MACLEODS,Strip,amlovas h 15,5,MACLEODS,false,3002,141.5,Amlodipine + Hydrochlorothiazide,1,15,101.07,Tablet,true,AMLOVAS H 15,2026-07-15T02:11:41.431843Z,general,tablet,1004833,1004833,
MACLEODS,Strip,gabantin 100mg,5,MACLEODS,false,3002,104,,1,10,74.29,Tablet,true,GABANTIN 100MG,2026-07-15T10:37:32.367367Z,general,tablet,1004835,1004835,
USV,Strip,roseday f 10mg,5,USV,false,3002,269.1,,1,10,192.22,Tablet,true,ROSEDAY F 10MG,2026-07-15T14:31:18.297Z,general,tablet,1004837,1004837,
ABOTT,Strip,nervup od 15,5,ABOTT,false,3002,411.07,,1,15,313.2,Capsule,true,NERVUP OD 15,2026-07-15T11:59:48.480Z,general,capsule,1004839,1004839,
-BLANK-,Unit,,5,,,3002,313,,1,1,223.57,Unit,true,SUCRAL O SUSPENSION 200ML,2026-07-14T07:54:48.503Z,general,others,1004841,1004841,
-BLANK-,Unit,,0,,,BLANK,4999,,1,1,301,Unit,true,UPYOGA MAGNETIC NOSE STRIP 1,2026-07-14T07:54:48.503Z,general,others,1004843,1004843,
DABUR,Unit,,5,,,3002,170,,1,1,134.93,Unit,true,DABUR SITOPALADI 60GM 60GM,2026-07-14T07:54:59.078Z,general,others,1004846,1004846,
DABUR,Unit,,5,,,3002,680,,1,1,245,Unit,true,LIVEASY ADULT DIAPER XL 10,2026-07-14T07:54:59.078Z,general,others,1004848,1004848,
SUN PHARMA,Strip,nexito ls 10 15,5,SUN PHARMA,false,3002,272.81,,1,15,207.86,Tablet,true,NEXITO LS 10 15,2026-07-15T12:21:48.850Z,general,tablet,1004851,1004851,
INTAS,Strip,neopride total 15,5,INTAS,false,3002,538.25,,1,15,384.46,Tablet,true,NEOPRIDE TOTAL 15,2026-07-15T11:58:37.959Z,general,tablet,1004853,1004853,
TORRENT,Strip,nexpro hp kit 6,5,TORRENT,false,3002,254,,1,6,181.41,Tablet,true,NEXPRO HP KIT 6,2026-07-15T12:22:00.632Z,general,tablet,1004855,1004855,
-BLANK-,Unit,,0,,,BLANK,150,,1,1,0,Unit,true,PILEXO OINTMENT 30GM,2026-07-14T07:54:44.690Z,general,others,1004857,1004857,
-BLANK-,Strip,hairgro tab 25gm,0,-BLANK-,false,BLANK,200,,1,10,0,Tablet,true,HAIRGRO TAB 25GM,2026-07-14T11:29:43.382Z,general,tablet,1004859,1004859,
-BLANK-,Strip,diabzeel tab 60,0,-BLANK-,false,BLANK,260,,1,60,0,Tablet,true,DIABZEEL TAB 60,2026-07-14T11:20:20.998Z,general,tablet,1004861,1004861,
CIPLA,Unit,,5,,,3002,20.51,,1,1,14.64,Unit,true,ASTHALIN SYRUP 100ML,2026-07-14T07:54:54.580Z,general,others,1004864,1004864,
CIPLA,Unit,,5,,,3002,799,,1,1,594.44,Unit,true,MAMY POKO ALL NIGHT XL 46,2026-07-14T07:54:54.580Z,general,others,1004866,1004866,
CIPLA,Unit,,5,,,3002,136.15,,1,1,103.73,Unit,true,THERMOSEAL REPAIR 100GM,2026-07-14T07:54:54.580Z,general,others,1004868,1004868,
HIMALAYA,Unit,,5,,,3002,117.19,,1,1,90.6,Unit,true,HIMALAYA KOFLET SYP. 100ML,2026-07-14T07:55:03.022Z,general,others,1004870,1004870,
HIMALAYA,Unit,,5,,,3002,117.19,,1,1,90.75,Unit,true,HIMALAYA KOFLET EX SYP. 100ML,2026-07-14T07:55:03.022Z,general,others,1004871,1004871,
HIMALAYA,Unit,,5,,,3002,740,,1,1,547.2,Unit,true,PROTINEX MOTHERS CHOCO JAR 400GM,2026-07-14T07:55:03.022Z,general,others,1004873,1004873,
HIMALAYA,Unit,,5,,,3002,292.82,,1,1,60.21,Unit,true,LULITEC 1% CREAM 20G,2026-07-14T07:55:03.022Z,general,others,1004879,1004879,
HIMALAYA,Unit,,5,,,3002,210,,1,1,142.38,Unit,true,DAROLAC SUP. 30ML,2026-07-14T07:54:59.078Z,general,others,1004882,1004882,
SUN PHARMA,Strip,rifagut 400 10,5,SUN PHARMA,false,3002,450,,1,10,312.87,Tablet,true,RIFAGUT 400 10,2026-07-15T14:26:06.638Z,general,tablet,1004884,1004884,
HIMALAYA,Strip,mox 500mg 15,5,HIMALAYA,false,3002,117.77,,1,15,89.73,Tablet,true,MOX 500MG 15,2026-07-15T11:49:19.228Z,general,tablet,1004886,1004886,
-BLANK-,Unit,,5,,,3002,318.7,,1,1,242.86,Unit,true,MYCO CLIN CREAM 30GM,2026-07-14T07:54:44.690Z,general,others,1004888,1004888,
-BLANK-,Unit,,0,,,BLANK,93,,1,1,83,Unit,true,TIGER PAIN BALM 21ML,2026-07-14T07:54:48.503Z,general,others,1004890,1004890,
-BLANK-,Unit,,0,,,BLANK,1199,,1,1,160,Unit,true,ADHESIVE BANDAGE 10CM,2026-07-14T07:54:40.148Z,general,others,1004893,1004893,
-BLANK-,Unit,,0,,,BLANK,20,,1,1,1,Unit,true,BUFFEN CAP. 80,2026-07-14T07:54:40.148Z,general,others,1004895,1004895,
-BLANK-,Strip,rifaora 400mg,5,-BLANK-,false,3002,449,,1,10,342.1,Tablet,true,RIFAORA 400MG,2026-07-15T14:26:21.366Z,general,tablet,1004897,1004897,
-BLANK-,Unit,,5,,,BLANK,136,,1,1,91.43,Unit,true,SENSODENT K F/R 75GM,2026-07-14T07:54:48.503Z,general,others,1004899,1004899,
-BLANK-,Unit,,5,,,BLANK,229,,1,1,154.67,Unit,true,SENSODENT K PLUS 100GM,2026-07-14T07:54:48.503Z,general,others,1004903,1004903,
GARNIER,Unit,,18,,,3009,99,,1,1,68.9,Unit,true,GARNIER NO.1 BLACK 30GM,2026-07-14T07:54:59.078Z,general,others,1004905,1004905,
GARNIER,Unit,,18,,,3009,99,,1,1,68.9,Unit,true,GARNIER NO.3 DARKEST BROWN 30GM,2026-07-14T07:54:59.078Z,general,others,1004906,1004906,
GARNIER,Unit,,18,,,3009,99,,1,1,68.9,Unit,true,GARNIER NO.3.16 BURGUNDY 30GM,2026-07-14T07:54:59.078Z,general,others,1004908,1004908,
GARNIER,Unit,,18,,,3009,99,,1,1,68.9,Unit,true,GARNIER NO.5.32 CARAMEL BROWN 30GM,2026-07-14T07:54:59.078Z,general,others,1004909,1004909,
GARNIER,Unit,,18,,,3009,99,,1,1,68.9,Unit,true,GARNIER NO.4 BROWN 30GM,2026-07-14T07:54:59.078Z,general,others,1004910,1004910,
GARNIER,Unit,,0,,,BLANK,335,,1,1,167,Unit,true,ZANDU HONEY 650GM,2026-07-14T07:54:59.078Z,general,others,1004912,1004912,
GARNIER,Unit,,0,,,BLANK,445,,1,1,99,Unit,true,HIMALAYA COCOA LOTION 400ML,2026-07-14T07:54:59.078Z,general,others,1004914,1004914,
GARNIER,Strip,ivabid 5mg,5,GARNIER,false,3002,460.53,,1,14,328.95,Tablet,true,IVABID 5MG,2026-07-15T11:14:04.419893Z,general,tablet,1004916,1004916,
GARNIER,Unit,,5,,,3002,175,,1,1,121,Unit,true,COLGATE DENTAL FLOSS 1,2026-07-14T07:54:59.078Z,general,others,1004921,1004921,
GARNIER,Strip,hairbliss diva,5,GARNIER,false,3002,250,,1,10,171.89,Tablet,true,HAIRBLISS DIVA,2026-07-15T11:05:57.922767Z,general,tablet,1004923,1004923,
GARNIER,Unit,,5,,,3002,285,,1,1,203.57,Unit,true,ZYDIP 0.05% LOTION 100ML,2026-07-14T07:54:59.078Z,general,others,1004925,1004925,
GARNIER,Strip,pari cr 12.5,5,GARNIER,false,3002,359,,1,15,336.61,Tablet,true,PARI CR 12.5,2026-07-15T13:55:07.420Z,general,tablet,1004927,1004927,
-BLANK-,Unit,,0,,,BLANK,55,,1,1,50,Unit,true,SUNNY HERBAL HAIR DYE 1,2026-07-14T07:54:48.503Z,general,others,1004929,1004929,
-BLANK-,Unit,,0,,,BLANK,9.38,,1,1,6.66,Unit,true,YOGIKANTHIKA 15,2026-07-14T07:54:48.503Z,general,others,1004931,1004931,
-BLANK-,Unit,,0,,,BLANK,50,,1,1,40,Unit,true,YOGIKANTHIKA 70,2026-07-14T07:54:48.503Z,general,others,1004933,1004933,
-BLANK-,Unit,,0,,,BLANK,131.25,,1,1,110,Unit,true,YOGIKANTHIKA 280,2026-07-14T07:54:48.503Z,general,others,1004935,1004935,
-BLANK-,Unit,,0,,,BLANK,6999,,1,1,1950,Unit,true,GENIUS FETAL DOPPLER 1,2026-07-14T07:54:40.148Z,general,others,1004937,1004937,
-BLANK-,Unit,,0,,,BLANK,410,,1,1,336.62,Unit,true,BAIDYANATH CHYAVANPRASH 1KG,2026-07-14T07:54:40.148Z,general,others,1004940,1004940,
-BLANK-,Unit,,5,,,3002,117,,1,1,93.5,Unit,true,BAIDYANATH KASAMRITRA 100ML,2026-07-14T07:54:40.148Z,general,others,1004942,1004942,
-BLANK-,Unit,,0,,,BLANK,115,,1,1,84.2,Unit,true,BAIDHYANATH SIDCOF 100ML,2026-07-14T07:54:40.148Z,general,others,1004944,1004944,
-BLANK-,Strip,mask adjustable 1,0,-BLANK-,false,BLANK,99,,1,1,18,Tablet,true,MASK ADJUSTABLE 1,2026-07-14T11:55:10.263Z,general,tablet,1004946,1004946,
-BLANK-,Unit,,0,,,BLANK,45,,1,1,16,Unit,true,MASK NORMAL 1,2026-07-14T07:54:44.690Z,general,others,1004948,1004948,
-BLANK-,Unit,,0,,,BLANK,35,,1,1,10,Unit,true,MASK LOW 1,2026-07-14T07:54:44.690Z,general,others,1004950,1004950,
-BLANK-,Strip,strepsils dry cough 16*8,5,-BLANK-,false,3002,48,,1,8,27.48,Tablet,true,STREPSILS DRY COUGH 16*8,2026-07-15T15:05:13.595Z,general,tablet,1004952,1004952,
-BLANK-,Strip,ivapath 5mg,5,-BLANK-,false,3002,220,,1,10,167.62,Tablet,true,IVAPATH 5MG,2026-07-15T11:14:11.795940Z,general,tablet,1004954,1004954,
-BLANK-,Strip,percin tab 5,5,-BLANK-,false,3002,770,,1,5,550.1,Tablet,true,PERCIN TAB 5,2026-07-15T03:52:13.833Z,general,tablet,1004956,1004956,
-BLANK-,Strip,montas ab tab 10,5,-BLANK-,false,3002,313.5,,1,10,65.36,Tablet,true,MONTAS AB TAB 10,2026-07-14T11:55:53.227Z,general,tablet,1004958,1004958,
-BLANK-,Unit,,5,,,3002,120,,1,1,29.57,Unit,true,MONTAS L SYP 60ML,2026-07-14T07:54:44.690Z,general,others,1004960,1004960,
-BLANK-,Strip,novelon s 21,5,-BLANK-,false,3002,316,,1,21,252.8,Tablet,true,NOVELON S 21,2026-07-15T12:36:55.789Z,general,tablet,1004963,1004963,
-BLANK-,Unit,,0,,,BLANK,970,,1,1,520,Unit,true,HIMALAYA BABY KIT BASKET 1,2026-07-14T07:54:44.690Z,general,others,1004965,1004965,
MANKIND,Unit,,18,,,3009,150,,1,1,101.69,Unit,true,ACNESTAR FACEWASH 50GM,2026-07-14T07:55:06.900Z,general,others,1004967,1004967,
CIPLA,Strip,valcivir 500mg,5,CIPLA,false,3002,223.6,,1,3,159.71,Tablet,true,VALCIVIR 500MG,2026-07-15T15:51:37.905Z,general,tablet,1004969,1004969,
CIPLA,Strip,terbinaforce 250mg 7,5,CIPLA,false,3002,133,,1,7,94.99,Tablet,true,TERBINAFORCE 250MG 7,2026-07-15T15:40:15.422Z,general,tablet,1004971,1004971,
CIPLA,Strip,pantosec 40 10,5,CIPLA,false,3002,162,,1,10,21.35,Tablet,true,PANTOSEC 40 10,2026-07-15T13:41:14.365Z,general,tablet,1004973,1004973,
ARISTRO,Strip,meganeuron nt 50 10,5,ARISTRO,false,3002,140,,1,10,100,Tablet,true,MEGANEURON NT 50 10,2026-07-15T11:39:51.655Z,general,tablet,1004975,1004975,
ARISTRO,Strip,cortel 40mg,5,ARISTRO,false,3002,67.2,,1,15,51.2,Tablet,true,CORTEL 40MG,2026-07-15T09:44:23.854756Z,general,tablet,1004977,1004977,
ARISTRO,Unit,,5,,,3002,440.65,,1,1,314.74,Unit,true,FORACORT 0.5MG RESPULE 5,2026-07-14T07:54:54.580Z,general,others,1004979,1004979,
ARISTRO,Unit,,5,,,3002,147.84,,1,1,105.6,Unit,true,FORACORT 100MG 30,2026-07-14T07:54:54.580Z,general,others,1004981,1004981,
ARISTRO,Unit,,5,,,3002,237.55,,1,1,169.68,Unit,true,FORACORT 400MG 30,2026-07-14T07:54:54.580Z,general,others,1004983,1004983,
ARISTRO,Unit,,0,,,BLANK,299,,1,1,69,Unit,true,BOLD CARE 404 10,2026-07-14T07:54:54.580Z,general,others,1004986,1004986,
-BLANK-,Unit,,5,,,3002,105,,1,1,69.45,Unit,true,BAIDYANATH YOGRAJ GUGULU 60,2026-07-14T07:54:40.148Z,general,others,1004989,1004989,
-BLANK-,Unit,,5,,,3002,145,,1,1,95.9,Unit,true,BAIDYANATH TRIPHALA GUGGULU 80,2026-07-14T07:54:40.148Z,general,others,1004992,1004992,
HIMALAYA,Unit,,5,,,3002,50,,1,1,37.21,Unit,true,HIMALAYA COLD BALM 10GM,2026-07-14T07:55:03.022Z,general,others,1004996,1004996,
HIMALAYA,Unit,,5,,,3002,145,,1,1,104.54,Unit,true,HIMALAYA HIMCOCID SUSP. 200ML,2026-07-14T07:55:03.022Z,general,others,1004998,1004998,
HIMALAYA,Unit,,5,,,3002,45,,1,1,20.95,Unit,true,HIMALAYA APPLE DRINK 200ML,2026-07-14T07:55:03.022Z,general,others,1005000,1005000,
Cipla,Unit,asthalin respules 2.5ml,5,Cipla,false,3002,8.8,,1,1,6.7,Unit,true,ASTHALIN RESPULES 2.5ML,2026-07-15T02:17:52.965118Z,general,others,1005002,1005002,
-BLANK-,Unit,,5,,,3002,180,,1,1,128.57,Unit,true,GLUBEZIDE MV40.3 15,2026-07-14T07:54:40.148Z,general,others,1005004,1005004,
-BLANK-,Strip,tracogold 200mg,5,-BLANK-,false,3002,252,,1,10,179.94,Tablet,true,TRACOGOLD 200MG,2026-07-15T15:45:43.251Z,general,tablet,1005007,1005007,
-BLANK-,Strip,vogs gm 2,5,-BLANK-,false,3002,125.43,,1,15,95.57,Tablet,true,VOGS GM 2,2026-07-15T15:59:14.923Z,general,tablet,1005009,1005009,
NESTLE,Unit,,5,,,3002,299,,1,1,261.25,Unit,true,CERELAC 18 MONTH 300GM,2026-07-14T07:55:06.900Z,general,others,1005011,1005011,
SUN PHARMA,Strip,encorate 500,5,SUN PHARMA,false,3002,90,,1,10,66,Tablet,true,ENCORATE 500,2026-07-15T10:14:52.754871Z,general,tablet,1005014,1005014,
NESTLE,Unit,,5,,,3002,600,,1,1,427.08,Unit,true,MUNCH NUTS MAX 20*37.5GM,2026-07-14T07:55:06.900Z,general,others,1005016,1005016,
NESTLE,Unit,,5,,,3002,360,,1,1,311.69,Unit,true,KITKAT POPS 18,2026-07-14T07:55:06.900Z,general,others,1005018,1005018,
NESTLE,Unit,,5,,,3002,10,,1,1,8.24,Unit,true,NESCAFE SUNRISE 1,2026-07-14T07:55:06.900Z,general,others,1005020,1005020,
NESTLE,Unit,,5,,,3002,10,,1,1,9.2,Unit,true,NESCAFE CLASSIC 1,2026-07-14T07:55:06.900Z,general,others,1005022,1005022,
Abbott,Unit,amoxyclav ds syp. 30ml,5,Abbott,false,3002,68.99,Amoxicillin + Potassium Clavuanate,1,1,30.68,Unit,true,AMOXYCLAV DS SYP. 30ML,2026-07-15T02:14:30.887985Z,general,others,1005024,1005024,
Cipla,Strip,cheston cold,5,Cipla,false,3002,72,,1,10,19.05,Tablet,true,CHESTON COLD,2026-07-15T09:23:32.966932Z,general,tablet,1005026,1005026,
GLENMARK,Unit,,5,,,3002,87,,1,1,62.14,Unit,true,ALEX DROPS 15ML,2026-07-14T07:54:59.078Z,general,others,1005028,1005028,
INTAS,Strip,zoryl m4 forte,5,INTAS,false,3002,296.25,,1,15,211.6,Tablet,true,ZORYL M4 FORTE,2026-07-15T16:09:42.204Z,general,tablet,1005030,1005030,
INTAS,Unit,,5,,,3002,94,,1,1,77.64,Unit,true,AMRUTANJAL BACK ROLL ON 50ML,2026-07-14T07:55:03.022Z,general,others,1005032,1005032,
INTAS,Strip,empabite sm 25/100/1000mg,5,INTAS,false,3002,178.13,,1,10,135.72,Tablet,true,EMPABITE SM 25/100/1000MG,2026-07-15T10:14:00.836671Z,general,tablet,1005034,1005034,
INTAS,Strip,timzid od 80mg,5,INTAS,false,3002,199.6,,1,10,152.08,Tablet,true,TIMZID OD 80MG,2026-07-15T15:42:57.320Z,general,tablet,1005035,1005035,
INTAS,Strip,vogli rapid 0.3/1,5,INTAS,false,3002,213.75,,1,10,162.86,Tablet,true,VOGLI RAPID 0.3/1,2026-07-15T15:58:52.757Z,general,tablet,1005036,1005036,
WHISPER,Unit,,0,,,BLANK,99,,1,1,34,Unit,true,WHISPER PERIOD PANTY 2,2026-07-14T07:55:10.883Z,general,others,1005038,1005038,
GSK,Unit,,5,,,3002,71.62,,1,1,56.84,Unit,true,CROCIN 240 DS SYRUP 60ML,2026-07-14T07:54:59.078Z,general,others,1005041,1005041,
GSK,Unit,,5,,,3002,39.06,,1,1,31,Unit,true,CROCIN 120 SYRUP 60ML,2026-07-14T07:54:59.078Z,general,others,1005043,1005043,
GSK,Unit,,5,,,3002,60.33,,1,1,47.88,Unit,true,OTRIVIN SALIN NASAL 20ML,2026-07-14T07:54:59.078Z,general,others,1005045,1005045,
GSK,Unit,,5,,,3002,225,,1,1,184.24,Unit,true,OTRIVIN ADVANCE 10GM,2026-07-14T07:54:59.078Z,general,others,1005047,1005047,
GARNIER,Unit,,18,,,3009,45,,1,1,34.05,Unit,true,GARNIER DEEP BLACK 1.0 20ML,2026-07-14T07:54:59.078Z,general,others,1005049,1005049,
GARNIER,Unit,,18,,,3009,45,,1,1,34.05,Unit,true,GARNIER BURGUNDY 3.16 20ML,2026-07-14T07:54:59.078Z,general,others,1005051,1005051,
GARNIER,Unit,,18,,,3009,45,,1,1,34.05,Unit,true,GARNIER NATURAL BROWN 4.0 20ML,2026-07-14T07:54:59.078Z,general,others,1005053,1005053,
CIPLA,Unit,,5,,,3002,331.25,,1,1,236.61,Unit,true,AEROCORT INHALER 1,2026-07-14T07:54:54.580Z,general,others,1005055,1005055,
FDC,Unit,,5,,,3002,153.09,,1,1,116.64,Unit,true,ZIFI 100 MG DRY SYRUP 60ML,2026-07-14T07:54:59.078Z,general,others,1005057,1005057,
FDC,Unit,,0,,,BLANK,90,,1,1,81,Unit,true,VASELINE JELLY 40ML,2026-07-14T07:54:59.078Z,general,others,1005059,1005059,
WIN MEDICARE,Unit,,18,,,3009,325,,1,1,233.41,Unit,true,MEDERMA ADVANCED SCAR GEL 5GM,2026-07-14T07:55:10.883Z,general,others,1005061,1005061,
WIN MEDICARE,Unit,,0,,,BLANK,95,,1,1,84.82,Unit,true,STAYFREE ADVANCED XL 7UNIT,2026-07-14T07:55:10.883Z,general,others,1005064,1005064,
WIN MEDICARE,Unit,,5,,,3002,151,,1,1,130.74,Unit,true,JOHNSON BABY HAIR OIL 100ML,2026-07-14T07:55:10.883Z,general,others,1005066,1005066,
WIN MEDICARE,Unit,,18,,,3009,220,,1,1,160.73,Unit,true,JOHNSON BABY LOTION 200ML,2026-07-14T07:55:10.883Z,general,others,1005068,1005068,
WIN MEDICARE,Unit,,0,,,BLANK,55,,1,1,49.11,Unit,true,STAYFREE XL ULTRA THIN 6,2026-07-14T07:55:10.883Z,general,others,1005070,1005070,
WIN MEDICARE,Unit,,0,,,BLANK,210,,1,1,187.5,Unit,true,STAYFREE DRY MAX ALL NIGHT 14,2026-07-14T07:55:10.883Z,general,others,1005072,1005072,
WIN MEDICARE,Unit,,0,,,BLANK,50,,1,1,44.64,Unit,true,STAYFREE SECURE DRY XL 6,2026-07-14T07:55:10.883Z,general,others,1005074,1005074,
WIN MEDICARE,Unit,,0,,,BLANK,95,,1,1,85.59,Unit,true,WHISPER SKIN LOVE 6,2026-07-14T07:55:10.883Z,general,others,1005076,1005076,
WIN MEDICARE,Unit,,0,,,BLANK,195,,1,1,175.67,Unit,true,WHISPER SKIN LOVE 15,2026-07-14T07:55:10.883Z,general,others,1005078,1005078,
WIN MEDICARE,Unit,,0,,,BLANK,115,,1,1,100.88,Unit,true,WHISPER BINDAZZ NIGHT 7,2026-07-14T07:55:10.883Z,general,others,1005080,1005080,
WIN MEDICARE,Unit,,0,,,BLANK,235,,1,1,206.14,Unit,true,WHISPER BINDAZZ NIGHT 15,2026-07-14T07:55:10.883Z,general,others,1005082,1005082,
WIN MEDICARE,Unit,,0,,,BLANK,150,,1,1,131.58,Unit,true,WHISPER BINDAZZ NIGHT 4,2026-07-14T07:55:10.883Z,general,others,1005085,1005085,
WIN MEDICARE,Unit,,5,,,3002,599,,1,1,500.42,Unit,true,PROTINEX RICH CHOC JAR 400GM,2026-07-14T07:55:10.883Z,general,others,1005087,1005087,
WIN MEDICARE,Unit,,5,,,3002,195,,1,1,146.24,Unit,true,EVERYUTH GOLDEN PEEL OFF MASK 100GM,2026-07-14T07:55:10.883Z,general,others,1005089,1005089,
WIN MEDICARE,Unit,,5,,,3002,210,,1,1,157.49,Unit,true,EVERYUTH WALNUT SCRUB 100GM,2026-07-14T07:55:10.883Z,general,others,1005091,1005091,
WIN MEDICARE,Unit,,5,,,3002,110,,1,1,82.49,Unit,true,EVERYUTH ANTI POLLUTION F/W 50GM,2026-07-14T07:55:10.883Z,general,others,1005093,1005093,
WIN MEDICARE,Strip,glucon-d immunovolt tab. 25,5,WIN MEDICARE,false,3002,10,,1,10,6.96,Tablet,true,GLUCON-D IMMUNOVOLT TAB. 25,2026-07-14T11:29:04.338Z,general,tablet,1005095,1005095,
ERIS,Unit,,5,,,3002,772.2,,1,1,551.57,Unit,true,CALPSOR C LOTION 20ML,2026-07-14T07:54:59.078Z,general,others,1005098,1005098,
ERIS,Unit,,5,,,3002,390.94,,1,1,297.86,Unit,true,EMOLENE CREAM BIG 100GM,2026-07-14T07:54:59.078Z,general,others,1005101,1005101,
ERIS,Strip,topcef 200,5,ERIS,false,3002,111.39,,1,10,47.75,Tablet,true,TOPCEF 200,2026-07-15T15:44:45.052Z,general,tablet,1005103,1005103,
ERIS,Strip,calcitas d3 nano shots,5,ERIS,false,3002,83.5,,1,4,15.24,Tablet,true,CALCITAS D3 NANO SHOTS,2026-07-15T03:14:20.351532Z,general,tablet,1005106,1005106,
GLENMARK,Unit,,5,,,3002,102.48,,1,1,73.2,Unit,true,CANDID CREAM 20GM,2026-07-14T07:54:59.078Z,general,others,1005110,1005110,
ABOTT,Strip,sorbitrate 5,5,ABOTT,false,3002,45.2,,1,50,32.29,Tablet,true,SORBITRATE 5,2026-07-15T14:59:17.070Z,general,tablet,1005112,1005112,
IPCA,Unit,,5,,,3002,235.67,,1,1,168.46,Unit,true,HCQS-400 15,2026-07-14T07:55:03.022Z,general,others,1005114,1005114,
SUN PHARMA,Strip,metosartan 50/40 10,5,SUN PHARMA,false,3002,220,,1,10,167.62,Tablet,true,METOSARTAN 50/40 10,2026-07-15T11:44:09.599Z,general,tablet,1005116,1005116,
LIVEASY,Unit,,5,,,3002,1200,,1,1,624,Unit,true,LIVEASY ELECTRIC HEATBELT 1,2026-07-14T07:55:03.022Z,general,others,1005118,1005118,
CIPLA,Unit,alerid syrup 60ml,5,CIPLA,false,3002,45.02,,1,1,32.15,Unit,true,ALERID SYRUP 60ML,2026-07-20T05:01:55.169Z,general,others,1005120,1005120,
CIPLA,Unit,,5,,,3002,180,,1,1,100,Unit,true,BABY GLASS BOTTLE 150ML,2026-07-14T07:54:54.580Z,general,others,1005122,1005122,
MACLEODS,Unit,,5,,,3002,108.51,,1,1,82.67,Unit,true,MACBERY DX SYP 100ML,2026-07-14T07:55:03.022Z,general,others,1005125,1005125,
MACLEODS,Unit,,5,,,3002,122.48,,1,1,93.32,Unit,true,MACBERY LEVO SYP 100ML,2026-07-14T07:55:03.022Z,general,others,1005128,1005128,
MACLEODS,Unit,,5,,,3002,122.48,,1,1,93.32,Unit,true,MACBERY LS SYP 100ML,2026-07-14T07:55:03.022Z,general,others,1005130,1005130,
MACLEODS,Unit,,5,,,3002,130.9,,1,1,93.5,Unit,true,MACBERY XT SYP 100ML,2026-07-14T07:55:03.022Z,general,others,1005132,1005132,
MACLEODS,Unit,,18,,,3009,750,,1,1,508.47,Unit,true,LA SHIELD EXPERT 5 SPF 50GM,2026-07-14T07:55:03.022Z,general,others,1005134,1005134,
MACLEODS,Unit,,18,,,3009,340,,1,1,244.92,Unit,true,LA SHIELD SPF 50 PA++ 50GM,2026-07-14T07:55:03.022Z,general,others,1005136,1005136,
-BLANK-,Unit,,5,,,3002,210,,1,1,167,Unit,true,BAIDYANATH ABHYARISHTA 450ML,2026-07-14T07:54:40.148Z,general,others,1005139,1005139,
-BLANK-,Unit,,5,,,3002,205,,1,1,163,Unit,true,BAIDYANATH ARJUNARISHTA 450ML,2026-07-14T07:54:40.148Z,general,others,1005141,1005141,
-BLANK-,Unit,,5,,,3002,199,,1,1,158,Unit,true,BAIDYANATH DASHMULARISHT 450ML,2026-07-14T07:54:40.148Z,general,others,1005143,1005143,
-BLANK-,Unit,,5,,,3002,80,,1,1,63.5,Unit,true,BAIDYANATH LAVANBHASKAR CHURNA 60GM,2026-07-14T07:54:40.148Z,general,others,1005145,1005145,
-BLANK-,Unit,,5,,,3002,265,,1,1,210.5,Unit,true,BAIDYANATH MAHASUDARSHAN KADHA 450ML,2026-07-14T07:54:40.148Z,general,others,1005147,1005147,
-BLANK-,Unit,,5,,,3002,130,,1,1,103.17,Unit,true,BAIDYANATH SHANKHAPUSHPEE 200ML,2026-07-14T07:54:40.148Z,general,others,1005149,1005149,
-BLANK-,Unit,,5,,,3002,55,,1,1,43.7,Unit,true,BAIDYANATH TRIPHALA CHURNA 50GM,2026-07-14T07:54:40.148Z,general,others,1005151,1005151,
-BLANK-,Unit,,5,,,3002,250,,1,1,194.5,Unit,true,BAIDYANATH ALOEVERA JUICE 1L,2026-07-14T07:54:40.148Z,general,others,1005153,1005153,
-BLANK-,Unit,,5,,,3002,230,,1,1,178.57,Unit,true,BAIDYANATH AMLA JUICE 1L,2026-07-14T07:54:40.148Z,general,others,1005155,1005155,
-BLANK-,Unit,,5,,,3002,295,,1,1,219.5,Unit,true,BAIDYANATH ASHOKAMRIT JUICE 450ML,2026-07-14T07:54:40.148Z,general,others,1005157,1005157,
-BLANK-,Unit,,5,,,3002,150,,1,1,117.14,Unit,true,BAIDYANATH ASHWAGANDHA TABLETS 60,2026-07-14T07:54:40.148Z,general,others,1005159,1005159,
-BLANK-,Unit,,5,,,3002,250,,1,1,194.1,Unit,true,BAIDYANATH GILOY JUICE 1L,2026-07-14T07:54:40.148Z,general,others,1005161,1005161,
-BLANK-,Unit,,5,,,3002,150,,1,1,117.14,Unit,true,BAIDYANATH GILOY TABLETS 60,2026-07-14T07:54:40.148Z,general,others,1005163,1005163,
-BLANK-,Unit,,5,,,3002,150,,1,1,117.14,Unit,true,BAIDYANATH GOKSHURA TABLETS 60N,2026-07-14T07:54:40.148Z,general,others,1005165,1005165,
-BLANK-,Unit,,5,,,3002,325,,1,1,252.33,Unit,true,BAIDYANATH KARELA JAMUN 1L,2026-07-14T07:54:40.148Z,general,others,1005167,1005167,
-BLANK-,Unit,,5,,,3002,104.5,,1,1,74.64,Unit,true,ALEX COLD SYRUP 60ML,2026-07-14T07:54:40.148Z,general,others,1005169,1005169,
GLENMARK,Unit,,5,,,3002,132.18,,1,1,100.71,Unit,true,ALEX LS SYRUP 100ML,2026-07-14T07:54:59.078Z,general,others,1005171,1005171,
USV,Unit,,5,,,3002,145.31,,1,1,110.71,Unit,true,ANOVATE CREAM 20GM,2026-07-14T07:55:10.883Z,general,others,1005173,1005173,
MANKIND,Strip,glimestar m .05,5,MANKIND,false,3002,52.64,,1,10,40.11,Tablet,true,GLIMESTAR M .05,2026-07-15T10:43:09.884483Z,general,tablet,1005175,1005175,
-BLANK-,Unit,,5,,,3002,70.3,,1,1,50.21,Unit,true,NASIVION S 10ML,2026-07-14T07:54:44.690Z,general,others,1005177,1005177,
-BLANK-,Unit,,5,,,3002,185.15,,1,1,132.23,Unit,true,SORBILINE 200ML,2026-07-14T07:54:48.503Z,general,others,1005179,1005179,
GLENMARK,Unit,,5,,,3002,165,,1,1,117.87,Unit,true,ALEX L SUSPENSION 100ML,2026-07-14T07:54:59.078Z,general,others,1005181,1005181,
CIPLA,Unit,,5,,,3002,225.59,,1,1,171.9,Unit,true,BUDECORT 400 ROTACAPS 30,2026-07-14T07:54:54.580Z,general,others,1005183,1005183,
MANKIND,Unit,,5,,,3002,127.05,,1,1,90.74,Unit,true,URIKIND KM6 SOLUTION 100ML,2026-07-14T07:55:06.900Z,general,others,1005185,1005185,
SUN PHARMA,Unit,,5,,,3002,482,,1,1,344.29,Unit,true,FIBERLACT GRANULES 180GM,2026-07-14T07:55:10.883Z,general,others,1005187,1005187,
SUN PHARMA,Strip,neopride 25 10,5,SUN PHARMA,false,3002,108.75,,1,10,77.68,Tablet,true,NEOPRIDE 25 10,2026-07-15T11:58:13.257Z,general,tablet,1005189,1005189,
SUN PHARMA,Strip,placida,5,SUN PHARMA,false,3002,90.46,,1,10,68.92,Tablet,true,PLACIDA,2026-07-15T14:00:07.302Z,general,tablet,1005191,1005191,
-BLANK-,Unit,,0,,,BLANK,200,,1,1,47,Unit,true,PILGRIM REDVINE FACE MIST 10ML,2026-07-14T07:54:44.690Z,general,others,1005193,1005193,
USV,Strip,ecosprin av 75/20,5,USV,false,3002,66.8,,1,15,53.44,Tablet,true,ECOSPRIN AV 75/20,2026-07-15T10:10:22.323236Z,general,tablet,1005195,1005195,
SOFY,Unit,,0,,,BLANK,140,,1,1,116.67,Unit,true,SOFY PADS ANTIBACTERIAL 14,2026-07-14T07:55:06.900Z,general,others,1005197,1005197,
SOFY,Unit,,0,,,BLANK,119,,1,1,99.17,Unit,true,SOFY BODYFIT NIGHT XXL 15,2026-07-14T07:55:06.900Z,general,others,1005199,1005199,
-BLANK-,Unit,hansaplast jumbo wound pad 10,5,-BLANK-,false,3002,10,,1,1,7.44,Unit,true,HANSAPLAST JUMBO WOUND PAD 10,2026-07-18T07:58:06.930Z,general,others,1005201,1005201,
-BLANK-,Unit,hansaplast regular patch 50,5,-BLANK-,false,3002,2.5,,1,1,1.86,Unit,true,HANSAPLAST REGULAR PATCH 50,2026-07-18T07:53:56.880Z,general,others,1005203,1005203,
-BLANK-,Unit,,5,,,3002,85,,1,1,56.25,Unit,true,BAIDYANATH ANU TEL 10ML,2026-07-14T07:54:40.148Z,general,others,1005205,1005205,
-BLANK-,Unit,,5,,,3002,136,,1,1,89.95,Unit,true,BAIDYANATH BILVA TEL 25ML,2026-07-14T07:54:40.148Z,general,others,1005207,1005207,
-BLANK-,Unit,,5,,,3002,105,,1,1,69.45,Unit,true,BAIDYANATH MAHANARAYAN TEL 50ML,2026-07-14T07:54:40.148Z,general,others,1005209,1005209,
-BLANK-,Unit,,5,,,3002,92,,1,1,60.85,Unit,true,BAIDYANATH CHANDRAPRABHA BATI 40,2026-07-14T07:54:40.148Z,general,others,1005212,1005212,
-BLANK-,Unit,,5,,,3002,127,,1,1,84,Unit,true,BAIDYANATH PRABHAKAR VATI 40,2026-07-14T07:54:40.148Z,general,others,1005214,1005214,
-BLANK-,Unit,,5,,,3002,890,,1,1,466.2,Unit,true,KAPIVA SHILAJIT GOLD 10GM,2026-07-14T07:54:44.690Z,general,others,1005216,1005216,
-BLANK-,Unit,,18,,,3009,150,,1,1,82.62,Unit,true,KAPIVA ALOE VERA GEL 150GM,2026-07-14T07:54:44.690Z,general,others,1005217,1005217,
-BLANK-,Unit,,5,,,3002,562,,1,1,401.42,Unit,true,KAPIVA DIA FREE JUICE 1L,2026-07-14T07:54:44.690Z,general,others,1005218,1005218,
-BLANK-,Unit,,5,,,3002,655,,1,1,467.85,Unit,true,KAPIVA LIVER CARE JUICE 1L,2026-07-14T07:54:44.690Z,general,others,1005219,1005219,
-BLANK-,Unit,,5,,,3002,62,,1,1,44.28,Unit,true,MEFTAL SPAS DS 10,2026-07-14T07:54:44.690Z,general,others,1005221,1005221,
-BLANK-,Unit,,5,,,3002,150,,1,1,42.86,Unit,true,LULIFORD LOTION 15ML,2026-07-14T07:54:44.690Z,general,others,1005223,1005223,
-BLANK-,Unit,,5,,,3002,123,,1,1,41.9,Unit,true,UNIENZYM DROP 15ML,2026-07-14T07:54:48.503Z,general,others,1005225,1005225,
-BLANK-,Unit,,5,,,3002,170,,1,1,68.2,Unit,true,UNIENZYME SYP 200ML,2026-07-14T07:54:48.503Z,general,others,1005226,1005226,
-BLANK-,Unit,,5,,,3002,90,,1,1,8.57,Unit,true,BREATHCLEAR CAPSULE 10,2026-07-14T07:54:40.148Z,general,others,1005229,1005229,
-BLANK-,Unit,,0,,,BLANK,30,,1,1,16.6,Unit,true,WATER BOTTLE 2LTR 2LTR,2026-07-14T07:54:48.503Z,general,others,1005231,1005231,
Galderma,Unit,cetaphil dam lotion 100gm,18,Galderma,false,3009,699,,1,1,473.99,Unit,true,CETAPHIL DAM LOTION 100GM,2026-07-15T09:20:19.927021Z,general,others,1005233,1005233,
Galderma,Unit,cetaphil moist lotion 250ml,18,Galderma,false,3009,1299,,1,1,880.86,Unit,true,CETAPHIL MOIST LOTION 250ML,2026-07-15T09:20:59.620155Z,general,others,1005235,1005235,
Galderma,Unit,cetaphil oily cleanser 250ml,18,Galderma,false,3009,1099,,1,1,745.24,Unit,true,CETAPHIL OILY CLEANSER 250ML,2026-07-15T09:22:43.242729Z,general,others,1005237,1005237,
-BLANK-,Unit,,5,,,3002,702,,1,1,534.84,Unit,true,KERAGLOEVA BOTTLE 30,2026-07-14T07:54:44.690Z,general,others,1005239,1005239,
-BLANK-,Strip,isophin cap,5,-BLANK-,false,3002,150,,1,10,107.45,Capsule,true,ISOPHIN CAP,2026-07-15T11:11:45.523552Z,general,capsule,1005241,1005241,
-BLANK-,Unit,,5,,,3002,405.9,,1,1,289.93,Unit,true,ADALENE NANO GEL A 15GM,2026-07-14T07:54:40.148Z,general,others,1005243,1005243,
-BLANK-,Strip,tranostat mf,5,-BLANK-,false,3002,379.79,,1,10,271.36,Tablet,true,TRANOSTAT MF,2026-07-15T15:46:09.634Z,general,tablet,1005245,1005245,
-BLANK-,Unit,,5,,,3002,124,,1,1,87.48,Unit,true,SENSODYNE SENSITIVE BRUSH 2+1 1,2026-07-14T07:54:48.503Z,general,others,1005247,1005247,
-BLANK-,Unit,,5,,,3002,187,,1,1,154.87,Unit,true,SENSO RAPID RELIEF PASTE 80GM 80GM,2026-07-14T07:54:48.503Z,general,others,1005249,1005249,
-BLANK-,Strip,cortel m 25,5,-BLANK-,false,3002,152,,1,15,116.11,Tablet,true,CORTEL M 25,2026-07-15T09:44:34.418935Z,general,tablet,1005252,1005252,
-BLANK-,Strip,tropan 5mg,5,-BLANK-,false,3002,201,,1,10,167.86,Tablet,true,TROPAN 5MG,2026-07-15T15:47:48.798Z,general,tablet,1005254,1005254,
-BLANK-,Strip,volstar 20,5,-BLANK-,false,3002,173,,1,10,123.57,Tablet,true,VOLSTAR 20,2026-07-15T15:59:51.070Z,general,tablet,1005256,1005256,
-BLANK-,Strip,livogen z,5,-BLANK-,false,3002,99,,1,15,75.43,Tablet,true,LIVOGEN Z,2026-07-15T11:20:48.367986Z,general,tablet,1005258,1005258,
-BLANK-,Unit,,5,,,3002,304.22,,1,1,231.79,Unit,true,PIO TUBE OINTMENT 30GM,2026-07-14T07:54:44.690Z,general,others,1005260,1005260,
-BLANK-,Strip,bonemac d3,5,-BLANK-,false,3002,224.06,,1,10,170.72,Tablet,true,BONEMAC D3,2026-07-15T03:07:03.878636Z,general,tablet,1005262,1005262,
-BLANK-,Unit,,5,,,3002,175,,1,1,43.55,Unit,true,LULIFORD CREAM 20GM,2026-07-14T07:54:44.690Z,general,others,1005268,1005268,
-BLANK-,Unit,,5,,,3002,30,,1,1,18,Unit,true,MAXISOFT SANITIZER 60ML,2026-07-14T07:54:44.690Z,general,others,1005271,1005271,
-BLANK-,Unit,,5,,,3002,207,,1,1,140.34,Unit,true,STOLIN R ACTIVE 70GM,2026-07-14T07:54:48.503Z,general,others,1005274,1005274,
-BLANK-,Unit,,5,,,3002,225,,1,1,152.38,Unit,true,MILDY SHAMPOO 100ML,2026-07-14T07:54:44.690Z,general,others,1005276,1005276,
-BLANK-,Unit,,5,,,3002,675,,1,1,563.9,Unit,true,PROTINEX DIABATES JAR 400GM,2026-07-14T07:54:44.690Z,general,others,1005278,1005278,
Galderma,Unit,cetaphil moisturising cream 80gm,18,Galderma,false,3009,669,,1,1,453.65,Unit,true,CETAPHIL MOISTURISING CREAM 80GM,2026-07-15T09:21:20.210152Z,general,others,1005280,1005280,
-BLANK-,Strip,vocab 20,5,-BLANK-,false,3002,150,,1,10,114.29,Tablet,true,VOCAB 20,2026-07-15T15:58:18.101Z,general,tablet,1005283,1005283,
-BLANK-,Strip,ganaton 50,5,-BLANK-,false,3002,208.85,,1,10,159.12,Tablet,true,GANATON 50,2026-07-15T10:38:05.763097Z,general,tablet,1005285,1005285,
-BLANK-,Strip,lesuride 25,5,-BLANK-,false,3002,125,,1,10,95,Tablet,true,LESURIDE 25,2026-07-15T11:16:58.656482Z,general,tablet,1005287,1005287,
-BLANK-,Strip,vogli rapid 0.3/0.5,5,-BLANK-,false,3002,174.5,,1,10,132.95,Tablet,true,VOGLI RAPID 0.3/0.5,2026-07-15T15:58:41.018Z,general,tablet,1005289,1005289,
AJANTA,Unit,,5,,,3002,274,,1,1,26.67,Unit,true,MELACARE AJANTA 15GM,2026-07-14T07:54:48.503Z,general,others,1005292,1005292,
-BLANK-,Unit,,5,,,3002,23,,1,1,17.93,Unit,true,WHO ORS POWDER 22.2GM,2026-07-14T07:54:48.503Z,general,others,1005294,1005294,
-BLANK-,Unit,,18,,,3009,119,,1,1,91.68,Unit,true,LOREAL DREAM LENGHTS 71.5ML,2026-07-14T07:54:44.690Z,general,others,1005297,1005297,
-BLANK-,Unit,,18,,,3009,119,,1,1,91.69,Unit,true,LOREAL TOTAL  REPAIR 5 70ML,2026-07-14T07:54:44.690Z,general,others,1005298,1005298,
-BLANK-,Unit,garnier bc serum cleanser 50ml,18,-BLANK-,false,3009,109,,1,1,82.48,Unit,true,GARNIER BC SERUM CLEANSER 50ML,2026-07-15T10:38:17.290436Z,general,others,1005300,1005300,
-BLANK-,Unit,garnier fc vitamin c 50gm,18,-BLANK-,false,3009,115,,1,1,87.02,Unit,true,GARNIER FC VITAMIN C 50GM,2026-07-15T10:39:37.370218Z,general,others,1005302,1005302,
-BLANK-,Unit,garnier men oil clear 50gm,18,-BLANK-,false,3009,125,,1,1,94.58,Unit,true,GARNIER MEN OIL CLEAR 50GM,2026-07-15T10:38:36.497024Z,general,others,1005304,1005304,
-BLANK-,Unit,garnier men turbo bright 50gm,18,-BLANK-,false,3009,125,,1,1,94.58,Unit,true,GARNIER MEN TURBO BRIGHT 50GM,2026-07-15T10:38:41.753574Z,general,others,1005306,1005306,
-BLANK-,Unit,garnier men duo foam 50gm,18,-BLANK-,false,3009,129,,1,1,97.61,Unit,true,GARNIER MEN DUO FOAM 50GM,2026-07-15T10:38:23.256428Z,general,others,1005308,1005308,
-BLANK-,Strip,coversyl am 8/5,5,-BLANK-,false,3002,278,,1,10,211.66,Tablet,true,COVERSYL AM 8/5,2026-07-15T09:45:10.613591Z,general,tablet,1005310,1005310,
-BLANK-,Unit,,5,,,3002,214,,1,1,150,Unit,true,SUMAC OINTMENT,2026-07-14T07:54:48.503Z,general,others,1005312,1005312,
Torrent,Strip,bilanta m 20/10,5,Torrent,false,3002,185,Bilastin + Montelukast,1,10,141.07,Tablet,true,BILANTA M 20/10,2026-07-15T03:03:12.583447Z,general,tablet,1005314,1005314,
-BLANK-,Strip,ciplox 250mg,5,-BLANK-,false,3002,23.51,,1,10,17.91,Tablet,true,CIPLOX 250MG,2026-07-15T09:25:58.479568Z,general,tablet,1005316,1005316,
-BLANK-,Unit,,5,,,3002,151.55,,1,1,115.46,Unit,true,SUITGLIP-M XR 100/500 10,2026-07-14T07:54:48.503Z,general,others,1005318,1005318,
-BLANK-,Unit,,5,,,3002,175.1,,1,1,133.41,Unit,true,TELSAR AMH 80MG 10,2026-07-14T07:54:48.503Z,general,others,1005320,1005320,
-BLANK-,Unit,,5,,,3002,125,,1,1,97.05,Unit,true,ZANDU COUGH SYRUP 100ML,2026-07-14T07:54:48.503Z,general,others,1005323,1005323,
Mankind,Strip,amlokind 10,5,Mankind,false,3002,36.49,Amlodipine,1,10,26.06,Tablet,true,AMLOKIND 10,2026-07-15T02:07:09.735091Z,general,tablet,1005325,1005325,
Mankind,Strip,amlokind 2.5 mg 30,5,Mankind,false,3002,34.95,Amlodipine,1,30,26.63,Tablet,true,AMLOKIND 2.5 MG 30,2026-07-15T02:06:35.528416Z,general,tablet,1005327,1005327,
-BLANK-,Strip,amlokind at 15,5,-BLANK-,false,3002,55.62,Amlodipine+ Atenolol,1,15,42.38,Tablet,true,AMLOKIND AT 15,2026-07-15T02:08:08.156461Z,general,tablet,1005329,1005329,
-BLANK-,Strip,nitrobest 100,5,-BLANK-,false,3002,84.55,,1,10,64.42,Tablet,true,NITROBEST 100,2026-07-15T12:26:04.250Z,general,tablet,1005331,1005331,
-BLANK-,Strip,telma beta  50,5,-BLANK-,false,3002,312.5,,1,10,223.22,Tablet,true,TELMA BETA  50,2026-07-15T15:34:26.357Z,general,tablet,1005333,1005333,
SUN PHARMA,Strip,encorate 300,5,SUN PHARMA,false,3002,48,,1,10,36.29,Tablet,true,ENCORATE 300,2026-07-15T10:14:39.074296Z,general,tablet,1005335,1005335,
SUN PHARMA,Strip,encorate chrono 400,5,SUN PHARMA,false,3002,121.88,,1,10,92.86,Tablet,true,ENCORATE CHRONO 400,2026-07-15T10:15:08.353574Z,general,tablet,1005337,1005337,
SUN PHARMA,Strip,encorate chrono 300,5,SUN PHARMA,false,3002,65.04,,1,10,49.55,Tablet,true,ENCORATE CHRONO 300,2026-07-15T10:15:00.706161Z,general,tablet,1005339,1005339,
SUN PHARMA,Unit,,0,,,BLANK,118,,1,1,102,Unit,true,ZANDU BALM 25ML,2026-07-14T07:55:10.883Z,general,others,1005341,1005341,
SUN PHARMA,Unit,,0,,,BLANK,55,,1,1,40,Unit,true,HONEY 100GM,2026-07-14T07:55:10.883Z,general,others,1005343,1005343,
SUN PHARMA,Unit,,0,,,BLANK,125,,1,1,105.6,Unit,true,HONEY 250GM,2026-07-14T07:55:10.883Z,general,others,1005345,1005345,
SUN PHARMA,Unit,,0,,,BLANK,425,,1,1,340,Unit,true,FLO BOTTLE 140ML,2026-07-14T07:55:10.883Z,general,others,1005347,1005347,
SUN PHARMA,Unit,,0,,,BLANK,360,,1,1,245,Unit,true,FLO BOTTLE 250ML,2026-07-14T07:55:10.883Z,general,others,1005349,1005349,
SUN PHARMA,Strip,oroneo xt,5,SUN PHARMA,false,3002,235,,1,10,179.04,Tablet,true,ORONEO XT,2026-07-15T13:08:52.057Z,general,tablet,1005351,1005351,
SUN PHARMA,Unit,,5,,,3002,373,,1,1,284.26,Unit,true,WANISH LOTION,2026-07-14T07:55:10.883Z,general,others,1005353,1005353,
SUN PHARMA,Strip,florita cap,5,SUN PHARMA,false,3002,355,,1,10,253.57,Tablet,true,FLORITA CAP,2026-07-15T10:30:11.729724Z,general,tablet,1005355,1005355,
SUN PHARMA,Strip,minoz er 45 10,5,SUN PHARMA,false,3002,267.19,,1,10,203.58,Tablet,true,MINOZ ER 45 10,2026-07-15T11:46:17.370Z,general,tablet,1005357,1005357,
SUN PHARMA,Unit,,5,,,3002,136.8,,1,1,104.23,Unit,true,GRILINCTUS LS 100ML,2026-07-14T07:55:10.883Z,general,others,1005359,1005359,
SUN PHARMA,Unit,,5,,,3002,48,,1,1,23.81,Unit,true,DR.BONNY MINI 150ML,2026-07-14T07:55:10.883Z,general,others,1005361,1005361,
SUN PHARMA,Unit,,5,,,3002,485,,1,1,290,Unit,true,DR.BONNE STEEL MINI 125ML,2026-07-14T07:55:10.883Z,general,others,1005363,1005363,
SUN PHARMA,Unit,,5,,,3002,99,,1,1,70.71,Unit,true,SOFRAMYCIN ANTISEPTIC SOLUTION 100ML,2026-07-14T07:55:10.883Z,general,others,1005365,1005365,
SUN PHARMA,Strip,azikem 250,5,SUN PHARMA,false,3002,75,Azithromycin,1,6,25.71,Tablet,true,AZIKEM 250,2026-07-15T02:32:46.683491Z,general,tablet,1005367,1005367,
SUN PHARMA,Unit,,5,,,3002,65,,1,1,32.38,Unit,true,CIPLADINE 20GM,2026-07-14T07:55:10.883Z,general,others,1005369,1005369,
SUN PHARMA,Unit,,5,,,3002,150,,1,1,33.33,Unit,true,LULIFORD CREAM 10GM,2026-07-14T07:55:10.883Z,general,others,1005371,1005371,
HIMALAYA,Strip,himalaya rumalaya forte tab 30,5,HIMALAYA,false,3002,450,,1,30,160,Tablet,true,HIMALAYA RUMALAYA FORTE TAB 30,2026-07-14T11:48:37.402Z,general,tablet,1005375,1005375,
HIMALAYA,Unit,,0,,,BLANK,1440,,1,1,662,Unit,true,HIMALAYA BABY KIT BIG 1,2026-07-14T07:55:03.022Z,general,others,1005377,1005377,
HIMALAYA,Unit,,5,,,3002,110.21,,1,1,78.72,Unit,true,ELTROXIN 88MCG 60,2026-07-14T07:54:59.078Z,general,others,1005379,1005379,
HIMALAYA,Unit,,5,,,3002,100.38,,1,1,76.48,Unit,true,NASIVION 0.025 PAEDIATRIC 10ML,2026-07-14T07:55:03.022Z,general,others,1005381,1005381,
HIMALAYA,Unit,,5,,,3002,112.41,,1,1,85.65,Unit,true,NASIVION CLASSIC ADULT 10ML,2026-07-14T07:55:03.022Z,general,others,1005383,1005383,
HIMALAYA,Unit,,5,,,3002,94.26,,1,1,71.82,Unit,true,NASIVION MINI BABY DROP 10ML,2026-07-14T07:55:03.022Z,general,others,1005385,1005385,
Sanofi,Strip,dulcoflex 5mg,5,Sanofi,false,3002,19,,1,15,14.87,Tablet,true,DULCOFLEX 5MG,2026-07-15T10:00:01.238791Z,general,tablet,1005387,1005387,
-BLANK-,Strip,zimivir 500,5,-BLANK-,false,3002,170.48,,1,3,129.89,Tablet,true,ZIMIVIR 500,2026-07-15T16:06:22.055Z,general,tablet,1005389,1005389,
-BLANK-,Unit,,18,,,3009,10,,1,1,7.1,Unit,true,DETTOL POWDER 1,2026-07-14T07:54:40.148Z,general,others,1005391,1005391,
-BLANK-,Unit,,0,,,BLANK,199,,1,1,165.83,Unit,true,DUREX INVISIBLE 003 3,2026-07-14T07:54:40.148Z,general,others,1005393,1005393,
-BLANK-,Unit,durex 10,0,-BLANK-,false,BLANK,216,,1,1,180,Unit,true,DUREX 10,2026-07-15T10:01:43.130866Z,general,others,1005395,1005395,
-BLANK-,Unit,,5,,,3002,40.38,,1,1,30.78,Unit,true,LEVOLIN 0.31MG RESPULES 2.5ML,2026-07-14T07:54:44.690Z,general,others,1005397,1005397,
-BLANK-,Unit,,5,,,3002,48.6,,1,1,37.02,Unit,true,LEVOLIN 0.63MG RESPULES 2.5ML,2026-07-14T07:54:44.690Z,general,others,1005398,1005398,
-BLANK-,Unit,,0,,,BLANK,4300,,1,1,1000,Unit,true,BIPAP MASK 1,2026-07-14T07:54:40.148Z,general,others,1005400,1005400,
-BLANK-,Unit,,5,,,3002,41.88,,1,1,31.91,Unit,true,LEVOLIN ROTACAPS 30,2026-07-14T07:54:44.690Z,general,others,1005402,1005402,
-BLANK-,Strip,mox 250 cap 15,5,-BLANK-,false,3002,41,,1,15,29.28,Tablet,true,MOX 250 CAP 15,2026-07-15T11:48:56.822Z,general,tablet,1005404,1005404,
-BLANK-,Strip,naprosyn 500+ 15,5,-BLANK-,false,3002,147.77,,1,15,112.58,Tablet,true,NAPROSYN 500+ 15,2026-07-15T11:53:59.944Z,general,tablet,1005406,1005406,
-BLANK-,Unit,,5,,,3002,210.95,,1,1,160.72,Unit,true,CEPODEM 200 10,2026-07-14T07:54:40.148Z,general,others,1005408,1005408,
-BLANK-,Unit,,0,,,BLANK,2000,,1,1,380,Unit,true,BIPAP PIPE,2026-07-14T07:54:40.148Z,general,others,1005411,1005411,
ALKEM,Unit,,5,,,3002,75,,1,1,7.46,Unit,true,KOFCLEAR Q DX 10,2026-07-14T07:54:48.503Z,general,others,1005414,1005414,
TORRENT,Strip,tormoxin cv 375,5,TORRENT,false,3002,248.4,,1,10,76.19,Tablet,true,TORMOXIN CV 375,2026-07-15T15:45:13.108Z,general,tablet,1005416,1005416,
TORRENT,Unit,,5,,,3002,135,,1,1,30,Unit,true,MAGNAKOF LS SYRUP 100ML,2026-07-14T07:55:10.883Z,general,others,1005418,1005418,
ZYDUS,Unit,,5,,,3002,362.27,,1,1,258.77,Unit,true,HAPPI 20 15,2026-07-14T07:55:10.883Z,general,others,1005420,1005420,
ZYDUS,Unit,,5,,,3002,170,,1,1,129.52,Unit,true,CETOGLY LOTION 75ML,2026-07-14T07:55:10.883Z,general,others,1005422,1005422,
TORRENT,Strip,empazio sm 25/100/1000,5,TORRENT,false,3002,229,,1,10,163.54,Tablet,true,EMPAZIO SM 25/100/1000,2026-07-15T10:14:31.185087Z,general,tablet,1005426,1005426,
TORRENT,Strip,pregabanyl nt,5,TORRENT,false,3002,155,,1,10,32.4,Tablet,true,PREGABANYL NT,2026-07-15T14:04:15.149Z,general,tablet,1005428,1005428,
ROMSON,Unit,,0,,,BLANK,473,,1,1,90,Unit,true,BIPAP FILTER 1,2026-07-14T07:55:06.900Z,general,others,1005430,1005430,
ELDERDRY,Unit,,0,,,BLANK,36.28,,1,1,25,Unit,true,EL LIGNO 2% GEL 30GM,2026-07-14T07:54:59.078Z,general,others,1005432,1005432,
ELDERDRY,Strip,gudcef 200,5,ELDERDRY,false,3002,204.37,,1,10,155.66,Tablet,true,GUDCEF 200,2026-07-15T10:47:49.547757Z,general,tablet,1005434,1005434,
ELDERDRY,Strip,gudcef cv 200,5,ELDERDRY,false,3002,345,,1,10,262.85,Tablet,true,GUDCEF CV 200,2026-07-15T10:47:57.757020Z,general,tablet,1005436,1005436,
ELDERDRY,Strip,naprosyn 205+ 15,5,ELDERDRY,false,3002,115,,1,15,82.64,Tablet,true,NAPROSYN 205+ 15,2026-07-15T11:53:45.950Z,general,tablet,1005438,1005438,
ELDERDRY,Strip,montewok lc 10,5,ELDERDRY,false,3002,245,,1,10,18.16,Tablet,true,MONTEWOK LC 10,2026-07-15T11:48:27.791Z,general,tablet,1005440,1005440,
MACLEODS,Strip,omnacortil 30mg,5,MACLEODS,false,3002,76,,1,10,57.89,Tablet,true,OMNACORTIL 30MG,2026-07-15T12:56:53.970Z,general,tablet,1005442,1005442,
ZYDUS,Unit,,5,,,3002,79,,1,1,59.77,Unit,true,GLUCON D PLAIN 200+50GM,2026-07-14T07:55:10.883Z,general,others,1005444,1005444,
ZYDUS,Unit,,5,,,BLANK,2800,,1,1,1540,Unit,true,VISSCO ASSISTED COMMODE MOUNT 1,2026-07-14T07:55:10.883Z,general,others,1005446,1005446,
TORRENT,Strip,shelcal hd,5,TORRENT,false,3002,155.5,,1,15,118.48,Tablet,true,SHELCAL HD,2026-07-15T14:54:32.490Z,general,tablet,1005448,1005448,
ALKEM,Strip,donep 10,5,ALKEM,false,3002,279.63,,1,15,213.05,Tablet,true,DONEP 10,2026-07-15T09:55:10.580929Z,general,tablet,1005450,1005450,
ALKEM,Strip,eritel 40mg,5,ALKEM,false,3002,115.53,,1,15,82.5,Tablet,true,ERITEL 40MG,2026-07-15T10:17:50.578823Z,general,tablet,1005452,1005452,
ALKEM,Strip,eritel am,5,ALKEM,false,3002,273.17,,1,15,195.12,Tablet,true,ERITEL AM,2026-07-15T10:17:58.803758Z,general,tablet,1005454,1005454,
ALKEM,Unit,,5,,,3002,983,,1,1,609,Unit,true,KAPIVA BP CARE 1LITRE,2026-07-14T07:54:48.503Z,general,others,1005456,1005456,
MANKIND,Unit,,5,,,3002,180.35,,1,1,137.41,Unit,true,PILORUTE TUBE CREAM 30GM,2026-07-14T07:55:06.900Z,general,others,1005458,1005458,
MANKIND,Strip,zocon 200mg,5,MANKIND,false,3002,75,,1,4,56.83,Tablet,true,ZOCON 200MG,2026-07-15T16:07:45.542Z,general,tablet,1005460,1005460,
ALKEM,Strip,azikem 500mg,5,ALKEM,false,3002,80.56,Azithromycin,1,3,25.71,Tablet,true,AZIKEM 500MG,2026-07-15T02:33:03.150708Z,general,tablet,1005462,1005462,
ALKEM,Unit,,5,,,3002,45.2,,1,1,14.29,Unit,true,WOKODINE OINTMENT 20GM,2026-07-14T07:54:54.580Z,general,others,1005464,1005464,
ALKEM,Unit,,5,,,3002,50,,1,1,7.62,Unit,true,ELECTROKEM JEERA 200ML,2026-07-14T07:54:48.503Z,general,others,1005468,1005468,
-BLANK-,Unit,,0,,,BLANK,80,,1,1,48,Unit,true,HARA MALHAM 50GM,2026-07-14T07:54:44.690Z,general,others,1005470,1005470,
-BLANK-,Unit,,5,,,3002,31.13,,1,1,23.72,Unit,true,REVITAL RECHARGE ORS 200ML,2026-07-14T07:54:44.690Z,general,others,1005474,1005474,
-BLANK-,Unit,,5,,,3002,101.55,,1,1,77.37,Unit,true,NEOSPORIN H EAR DROP 5ML,2026-07-14T07:54:44.690Z,general,others,1005476,1005476,
-BLANK-,Unit,,5,,,3002,150,,1,1,114.29,Unit,true,THERMOSEAL PROXA WS BRUSHES 1,2026-07-14T07:54:48.503Z,general,others,1005480,1005480,
-BLANK-,Unit,,0,,,BLANK,15,,1,1,12,Unit,true,SHREE JAL 12G,2026-07-14T07:54:48.503Z,general,others,1005482,1005482,
-BLANK-,Unit,,0,,,BLANK,10,,1,1,8,Unit,true,SHREE JAL NIMBU 15G,2026-07-14T07:54:48.503Z,general,others,1005484,1005484,
-BLANK-,Unit,,0,,,BLANK,20,,1,1,16,Unit,true,SNICKERS 22GM,2026-07-14T07:54:48.503Z,general,others,1005486,1005486,
-BLANK-,Unit,,0,,,BLANK,125,,1,1,89,Unit,true,RED BULL ENERGY DRINK 250ML,2026-07-14T07:54:44.690Z,general,others,1005488,1005488,
-BLANK-,Unit,,0,,,BLANK,60,,1,1,41.13,Unit,true,HELL ENERGY DRINK 250ML,2026-07-14T07:54:44.690Z,general,others,1005490,1005490,
-BLANK-,Unit,,5,,,3002,279,,1,1,97,Unit,true,LIVEASY WRIST BRACE 1,2026-07-14T07:54:44.690Z,general,others,1005492,1005492,
-BLANK-,Unit,,5,,,3002,153,,1,1,109.8,Unit,true,TOSSEX DMR SYP 100ML,2026-07-14T07:54:48.503Z,general,others,1005494,1005494,
-BLANK-,Unit,,5,,,3002,115.73,,1,1,88.18,Unit,true,MIKACIN 500MG VIAL 2ML,2026-07-14T07:54:44.690Z,general,others,1005496,1005496,
CIPLA,Strip,cefix 200,5,CIPLA,false,3002,110,,1,10,35.96,Tablet,true,CEFIX 200,2026-07-15T03:16:06.972758Z,general,tablet,1005498,1005498,
-BLANK-,Strip,renext d,5,-BLANK-,false,3002,164,,1,10,125,Tablet,true,RENEXT D,2026-07-15T14:21:52.413Z,general,tablet,1005500,1005500,
USV,Strip,ecosprin 75/40,5,USV,false,3002,206.72,,1,10,165.38,Tablet,true,ECOSPRIN 75/40,2026-07-15T10:09:00.188376Z,general,tablet,1005502,1005502,
USV,Strip,powerflam mr,5,USV,false,3002,107.8,,1,10,15.5,Tablet,true,POWERFLAM MR,2026-07-15T14:01:30.320Z,general,tablet,1005504,1005504,
USV,Unit,,5,,,3002,190.31,,1,1,32.38,Unit,true,PROLIDON GARGLE 100ML,2026-07-14T07:55:10.883Z,general,others,1005509,1005509,
USV,Unit,,5,,,3002,49.82,,1,1,26,Unit,true,PROLIDON SOLUTION 100ML,2026-07-14T07:55:10.883Z,general,others,1005510,1005510,
USV,Unit,,5,,,3002,111,,1,1,15.24,Unit,true,PANTADRAM PLUS 15GM,2026-07-14T07:55:10.883Z,general,others,1005511,1005511,
USV,Unit,,5,,,3002,91.25,,1,1,26.19,Unit,true,CLEAR WAX EAR DROP 5ML,2026-07-14T07:55:10.883Z,general,others,1005512,1005512,
USV,Unit,,5,,,3002,199,,1,1,47.62,Unit,true,STUD SPRAY 1000 20GM,2026-07-14T07:55:10.883Z,general,others,1005513,1005513,
USV,Unit,,5,,,3002,180,,1,1,47.62,Unit,true,STUD SPRAY 500 20GM,2026-07-14T07:55:10.883Z,general,others,1005514,1005514,
USV,Strip,probiosure,5,USV,false,3002,250,,1,10,23.81,Capsule,true,PROBIOSURE,2026-07-15T14:08:32.016Z,general,capsule,1005515,1005515,
USV,Strip,alkemox cv 625 10,5,USV,false,3002,208.5,Amoxicillin + Potassium Clavuanate,1,10,52.38,Tablet,true,ALKEMOX CV 625 10,2026-07-15T02:02:06.957368Z,general,tablet,1005516,1005516,
USV,Unit,,5,,,3002,55.37,,1,1,27,Unit,true,CEFACLASS 50 SYP. 30ML,2026-07-14T07:55:10.883Z,general,others,1005518,1005518,
USV,Unit,,5,,,3002,42.2,,1,1,16.67,Unit,true,CETRIDOC SYP. 60ML,2026-07-14T07:55:10.883Z,general,others,1005519,1005519,
USV,Unit,,5,,,3002,35.13,,1,1,20,Unit,true,CIPLADINE 10GM,2026-07-14T07:55:10.883Z,general,others,1005520,1005520,
USV,Unit,,5,,,3002,131.25,,1,1,22.86,Unit,true,FLUMONT LC KID SYP. 60ML,2026-07-14T07:55:10.883Z,general,others,1005521,1005521,
USV,Unit,,5,,,3002,356.95,,1,1,9.52,Unit,true,LUNABET 30GM,2026-07-14T07:55:10.883Z,general,others,1005522,1005522,
USV,Strip,maxofen mr 10,5,USV,false,3002,104.98,,1,10,13.33,Tablet,true,MAXOFEN MR 10,2026-07-15T11:37:24.314Z,general,tablet,1005523,1005523,
USV,Unit,,5,,,3002,142.87,,1,1,12.95,Unit,true,MOXIF E/D 10ML,2026-07-14T07:55:10.883Z,general,others,1005524,1005524,
USV,Unit,,5,,,3002,253,,1,1,142.86,Unit,true,NOSCARS 20GM,2026-07-14T07:55:10.883Z,general,others,1005526,1005526,
USV,Unit,,5,,,3002,145.42,,1,1,32.71,Unit,true,REXCOFF DX SYP. 100ML,2026-07-14T07:55:10.883Z,general,others,1005527,1005527,
USV,Strip,ronemox 500 cap,5,USV,false,3002,82.37,,1,10,19.05,Capsule,true,RONEMOX 500 CAP,2026-07-15T14:29:55.063Z,general,capsule,1005528,1005528,
USV,Strip,tonikem gold,5,USV,false,3002,137,,1,10,19.05,Tablet,true,TONIKEM GOLD,2026-07-15T15:44:32.905Z,general,tablet,1005529,1005529,
USV,Strip,choronex tab 10,5,USV,false,3002,70.3,,1,10,16.19,Tablet,true,CHORONEX TAB 10,2026-07-14T09:47:10.901Z,general,tablet,1005530,1005530,
USV,Unit,,5,,,3002,154.68,,1,1,40,Unit,true,ZINCIWELL SYP. 100ML,2026-07-14T07:55:10.883Z,general,others,1005531,1005531,
Prime Mankind,Unit,azikind 100xl sus. 30ml,5,Prime Mankind,false,3002,90.74,Azithromycin,1,1,32,Unit,true,AZIKIND 100XL SUS. 30ML,2026-07-15T02:33:58.595243Z,general,others,1005532,1005532,
Prime Mankind,Unit,azikind 200xl sus. 30ml,5,Prime Mankind,false,3002,108.72,Azithromycin,1,1,44,Unit,true,AZIKIND 200XL SUS. 30ML,2026-07-15T02:34:26.171416Z,general,others,1005533,1005533,
USV,Unit,,5,,,3002,76.26,,1,1,34,Unit,true,CEFACLASS 100 SYP. 60ML,2026-07-14T07:55:10.883Z,general,others,1005534,1005534,
USV,Unit,,5,,,3002,122.14,,1,1,26.19,Unit,true,MAGNAKOF DX SYP. 100ML,2026-07-14T07:55:10.883Z,general,others,1005535,1005535,
USV,Strip,evim 400,5,USV,false,3002,45,,1,10,30.01,Capsule,true,EVIM 400,2026-07-15T10:24:36.414221Z,general,capsule,1005538,1005538,
USV,Unit,,5,,,3002,127,,1,1,8.1,Unit,true,BINAFIDE 0.5 RES. 5,2026-07-14T07:55:10.883Z,general,others,1005541,1005541,
USV,Unit,,5,,,3002,248.8,,1,1,10,Unit,true,BINAFIDE DUO RES. 5,2026-07-14T07:55:10.883Z,general,others,1005542,1005542,
USV,Unit,,5,,,3002,288.25,,1,1,14.76,Unit,true,BINAFIDE F RES. 5,2026-07-14T07:55:10.883Z,general,others,1005545,1005545,
USV,Unit,,5,,,3002,130.3,,1,1,25.71,Unit,true,CORDINE DX 100ML,2026-07-14T07:55:10.883Z,general,others,1005546,1005546,
USV,Unit,,5,,,3002,132.35,,1,1,25.71,Unit,true,CORDINE DX PLUS 100ML,2026-07-14T07:55:10.883Z,general,others,1005548,1005548,
USV,Unit,,5,,,3002,89.05,,1,1,24.76,Unit,true,CORDINE LS JUNIOR 60ML,2026-07-14T07:55:10.883Z,general,others,1005549,1005549,
USV,Strip,torthrocin 500,5,USV,false,3002,125.85,,1,5,53,Tablet,true,TORTHROCIN 500,2026-07-15T15:45:24.014Z,general,tablet,1005550,1005550,
JPH,Strip,nicardia rt 10,5,JPH,false,3002,113,,1,30,80.69,Tablet,true,NICARDIA RT 10,2026-07-15T12:22:42.062Z,general,tablet,1005553,1005553,
JPH,Unit,,5,,,3002,699,,1,1,605.19,Unit,true,APTAMIL PREMIUM 1 400GM,2026-07-14T07:55:03.022Z,general,others,1005558,1005558,
JPH,Unit,,5,,,3002,278,,1,1,199.03,Unit,true,MOXICIP E/D 5ML,2026-07-14T07:55:03.022Z,general,others,1005560,1005560,
JPH,Strip,prazopress xl 30,5,JPH,false,3002,524,,1,30,399.28,Tablet,true,PRAZOPRESS XL 30,2026-07-15T14:02:51.397Z,general,tablet,1005562,1005562,
JPH,Unit,,18,,,3009,318,,1,1,215.59,Unit,true,ACNURISH FACE WASH 75ML,2026-07-14T07:55:03.022Z,general,others,1005564,1005564,
JPH,Unit,,18,,,3009,725,,1,1,491.53,Unit,true,SALYZAP BODY WASH 200ML,2026-07-14T07:55:03.022Z,general,others,1005566,1005566,
JPH,Unit,,5,,,3002,700,,1,1,474.58,Unit,true,KOIGLO FORTE CREAM 20G,2026-07-14T07:55:03.022Z,general,others,1005568,1005568,
JPH,Strip,aldigesic p 15,5,JPH,false,3002,120,,1,15,13.33,Tablet,true,ALDIGESIC P 15,2026-07-15T01:58:30.988424Z,general,tablet,1005570,1005570,
JPH,Unit,,5,,,3002,292.5,,1,1,222.86,Unit,true,LACTIHEP PLUS 250ML,2026-07-14T07:55:03.022Z,general,others,1005572,1005572,
JPH,Strip,tendoease,5,JPH,false,3002,268,,1,10,181.33,Tablet,true,TENDOEASE,2026-07-15T15:39:31.903Z,general,tablet,1005574,1005574,
JPH,Strip,volix m 0.2mg,5,JPH,false,3002,146.25,,1,10,111.43,Tablet,true,VOLIX M 0.2MG,2026-07-15T15:59:39.943Z,general,tablet,1005576,1005576,
JPH,Strip,absolut 3g 10,5,JPH,false,3002,192.19,,1,10,146.43,Tablet,true,ABSOLUT 3G 10,2026-07-15T01:44:07.162698Z,general,tablet,1005579,1005579,
JPH,Strip,livogen tab bottle 30cap.,5,JPH,false,3002,189.89,,1,30,144.68,Tablet,true,LIVOGEN TAB BOTTLE 30CAP.,2026-07-14T11:53:40.792Z,general,tablet,1005581,1005581,
JPH,Unit,,5,,,3002,185,,1,1,117.86,Unit,true,NIOSALIC LOTION 50ML,2026-07-14T07:55:03.022Z,general,others,1005583,1005583,
JPH,Unit,,5,,,3002,90,,1,1,68.5,Unit,true,PRO TOTAL WHEY 45G,2026-07-14T07:55:03.022Z,general,others,1005585,1005585,
JPH,Unit,,0,,,BLANK,206,,1,1,52,Unit,true,LOLIPOL SPRAY 30ML,2026-07-14T07:55:03.022Z,general,others,1005588,1005588,
JPH,Strip,loxof 600,5,JPH,false,3002,96,,1,10,30,Tablet,true,LOXOF 600,2026-07-15T11:21:57.721390Z,general,tablet,1005592,1005592,
JPH,Strip,mucinac 600 10,5,JPH,false,3002,366,,1,10,180,Tablet,true,MUCINAC 600 10,2026-07-15T11:51:08.554Z,general,tablet,1005593,1005593,
JPH,Strip,met xl 12.5mg 20,5,JPH,false,3002,110,,1,20,83.57,Tablet,true,MET XL 12.5MG 20,2026-07-15T11:40:38.753Z,general,tablet,1005597,1005597,
JPH,Unit,,5,,,3002,111,,1,1,95.77,Unit,true,PARODONTAX DAILY TOOTHPASTE 75GM,2026-07-14T07:55:03.022Z,general,others,1005599,1005599,
JPH,Unit,,18,,,3009,120,,1,1,88.43,Unit,true,PARODONTAX FRESH MOUTHWASH 100ML,2026-07-14T07:55:03.022Z,general,others,1005601,1005601,
JPH,Strip,uprise d3 60k cap,5,JPH,false,3002,394.63,,1,12,300.67,Capsule,true,UPRISE D3 60K CAP,2026-07-15T15:50:19.071Z,general,capsule,1005603,1005603,
JPH,Unit,sensodyne sensitive toothbrush 4pcs,5,JPH,false,3002,180,,1,1,112.87,Unit,true,SENSODYNE SENSITIVE TOOTHBRUSH 4PCS,2026-07-19T10:03:18.488Z,general,others,1005605,1005605,
JPH,Strip,naxos d 500 10,5,JPH,false,3002,121,,1,10,45.71,Tablet,true,NAXOS D 500 10,2026-07-15T11:56:50.195Z,general,tablet,1005610,1005610,
JPH,Strip,naxos d 250 10,5,JPH,false,3002,67.5,,1,10,32.5,Tablet,true,NAXOS D 250 10,2026-07-15T11:55:15.506Z,general,tablet,1005612,1005612,
JPH,Unit,,5,,,3002,173.52,,1,1,33.33,Unit,true,MULTIACTIVE SYP 225ML,2026-07-14T07:55:03.022Z,general,others,1005614,1005614,
JPH,Strip,paracip 500 10,5,JPH,false,3002,10,,1,10,11.49,Tablet,true,PARACIP 500 10,2026-07-15T13:42:35.077Z,general,tablet,1005616,1005616,
JPH,Unit,,5,,,3002,495,,1,1,44.76,Unit,true,CHYTROMAC FORTE 20,2026-07-14T07:55:03.022Z,general,others,1005618,1005618,
JPH,Unit,,5,,,3002,73,,1,1,18.9,Unit,true,MAGNAOF DROP 15ML,2026-07-14T07:55:03.022Z,general,others,1005620,1005620,
JPH,Unit,,0,,,BLANK,90,,1,1,22,Unit,true,DENTACHECK BRUSH,2026-07-14T07:55:03.022Z,general,others,1005622,1005622,
CIPLA,Strip,paracip 650,5,CIPLA,false,3002,34.27,,1,15,24.11,Tablet,true,PARACIP 650,2026-07-15T13:42:50.650Z,general,tablet,1005625,1005625,
JPH,Strip,maxofen new 15,5,JPH,false,BLANK,108,,1,15,14,Tablet,true,MAXOFEN NEW 15,2026-07-15T11:37:35.177Z,general,tablet,1005627,1005627,
JPH,Unit,,18,,,3009,649,,1,1,550,Unit,true,DERMA 10% VITAMIN C SERUM 30ML,2026-07-14T07:55:03.022Z,general,others,1005629,1005629,
JPH,Unit,,18,,,3009,599,,1,1,507.6,Unit,true,DERMA SALI CINAMID SERUM 30ML,2026-07-14T07:55:03.022Z,general,others,1005631,1005631,
JPH,Unit,,5,,,3002,199,,1,1,145.7,Unit,true,BAIDHYANATH PAIN OUT TAB 30,2026-07-14T07:55:03.022Z,general,others,1005633,1005633,
JPH,Unit,,5,,,3002,299,,1,1,218.91,Unit,true,BAIDHYANATH PAIN OUT OIL 100ML,2026-07-14T07:55:03.022Z,general,others,1005634,1005634,
JPH,Strip,myospaz forte 10,5,JPH,false,3002,381,,1,10,290.36,Tablet,true,MYOSPAZ FORTE 10,2026-07-15T11:52:19.111Z,general,tablet,1005636,1005636,
JPH,Unit,,5,,,3002,265.7,,1,1,189.78,Unit,true,FOLSAFE D 10,2026-07-14T07:55:03.022Z,general,others,1005638,1005638,
AJANTA,Strip,tofazak 5mg,5,AJANTA,false,3002,409,,1,10,70,Tablet,true,TOFAZAK 5MG,2026-07-15T15:43:43.983Z,general,tablet,1005640,1005640,
JPH,Strip,pilorute ep tab. 7,5,JPH,false,3002,386.65,,1,7,276.18,Tablet,true,PILORUTE EP TAB. 7,2026-07-15T03:53:30.176Z,general,tablet,1005642,1005642,
JPH,Strip,rubired z,5,JPH,false,3002,199.65,,1,10,142.61,Tablet,true,RUBIRED Z,2026-07-15T14:34:14.619Z,general,tablet,1005643,1005643,
JPH,Unit,,5,,,3002,260,,1,1,185.9,Unit,true,CLOYAP CS OINTMENT 50GM,2026-07-14T07:55:03.022Z,general,others,1005645,1005645,
JPH,Unit,,5,,,BLANK,1049,,1,1,250,Unit,true,STETHOSCOPE,2026-07-14T07:55:03.022Z,general,others,1005647,1005647,
JPH,Unit,,5,,,BLANK,213,,1,1,50,Unit,true,HAMMER 1,2026-07-14T07:55:03.022Z,general,others,1005649,1005649,
JPH,Unit,,5,,,BLANK,450,,1,1,170,Unit,true,GONIOMETER 1,2026-07-14T07:55:03.022Z,general,others,1005651,1005651,
JPH,Unit,,5,,,BLANK,549,,1,1,440,Unit,true,MINIMALIST SALICYLIC SERUM 30ML,2026-07-14T07:55:03.022Z,general,others,1005655,1005655,
JPH,Unit,,0,,,BLANK,600,,1,1,480,Unit,true,MINIMALIST HYARULONIC SERUM 30ML,2026-07-14T07:55:03.022Z,general,others,1005656,1005656,
JPH,Unit,,0,,,BLANK,600,,1,1,480,Unit,true,MINIMALIST VIT C+E SERUM 30ML,2026-07-14T07:55:03.022Z,general,others,1005657,1005657,
JPH,Unit,,5,,,3002,39,,1,1,18.1,Unit,true,RESTORE APPLE 200ML,2026-07-14T07:55:03.022Z,general,others,1005659,1005659,
JPH,Unit,,5,,,3002,39,,1,1,18.1,Unit,true,RESTORE ORANGE 200ML,2026-07-14T07:55:03.022Z,general,others,1005660,1005660,
JPH,Unit,,5,,,3002,39,,1,1,18.1,Unit,true,RESTORE LEMON 200ML,2026-07-14T07:55:03.022Z,general,others,1005661,1005661,
JPH,Strip,turnd3 60k cap,5,JPH,false,3002,120,,1,4,91.43,Capsule,true,TURND3 60K CAP,2026-07-15T15:48:25.555Z,general,capsule,1005664,1005664,
JPH,Strip,hb 29x,5,JPH,false,3002,265,,1,10,201.9,Tablet,true,HB 29X,2026-07-15T11:06:21.865564Z,general,tablet,1005665,1005665,
TYNOR,Unit,,0,,,BLANK,498,,1,1,275,Unit,true,TYNOR HERNIA SCROTAL SUPPORT 1,2026-07-14T07:55:10.883Z,general,others,1005670,1005670,
MANKIND,Strip,durapar,5,MANKIND,false,3002,50,,1,10,5.71,Tablet,true,DURAPAR,2026-07-15T10:01:11.655386Z,general,tablet,1005672,1005672,
MANKIND,Strip,algirid 120 10,5,MANKIND,false,3002,201.94,,1,10,21.43,Tablet,true,ALGIRID 120 10,2026-07-15T01:59:09.003601Z,general,tablet,1005674,1005674,
MANKIND,Strip,ondaplus md4,5,MANKIND,false,3002,54.78,,1,10,6.75,Tablet,true,ONDAPLUS MD4,2026-07-15T12:57:45.755Z,general,tablet,1005676,1005676,
MANKIND,Unit,,5,,,3002,150,,1,1,30.48,Unit,true,PEPTIRAN SYP 100ML,2026-07-14T07:55:06.900Z,general,others,1005678,1005678,
MANKIND,Strip,fibafex 180,5,MANKIND,false,3002,209,,1,10,32.38,Tablet,true,FIBAFEX 180,2026-07-15T10:27:47.148070Z,general,tablet,1005680,1005680,
MANKIND,Unit,,5,,,3002,32,,1,1,2.38,Unit,true,DICLOKAP AQ INJ 1ML,2026-07-14T07:55:06.900Z,general,others,1005682,1005682,
MANKIND,Unit,,0,,,BLANK,23,,1,1,12.7,Unit,true,METRONIDAZOLE INJ 100ML,2026-07-14T07:55:06.900Z,general,others,1005684,1005684,
MANKIND,Strip,macsutra d 4,5,MANKIND,false,3002,258,,1,4,30.48,Tablet,true,MACSUTRA D 4,2026-07-15T11:35:42.733Z,general,tablet,1005686,1005686,
MANKIND,Strip,vegaforce 100 4,5,MANKIND,false,3002,394,,1,4,22.86,Tablet,true,VEGAFORCE 100 4,2026-07-15T15:53:08.625Z,general,tablet,1005688,1005688,
MANKIND,Unit,,5,,,3002,108.35,,1,1,29.52,Unit,true,MOPRY OINTMENT 5G,2026-07-14T07:55:06.900Z,general,others,1005690,1005690,
MANKIND,Unit,,5,,,3002,50,,1,1,6.67,Unit,true,ELECTROKEM MIX FRUIT 200ML,2026-07-14T07:55:06.900Z,general,others,1005692,1005692,
MANKIND,Strip,zofer md 8mg,5,MANKIND,false,3002,96.68,,1,10,73.66,Tablet,true,ZOFER MD 8MG,2026-07-15T16:07:55.874Z,general,tablet,1005694,1005694,
MANKIND,Unit,,5,,,3002,40.06,,1,1,30.52,Unit,true,ZOFER SYRUP 30ML,2026-07-14T07:55:06.900Z,general,others,1005696,1005696,
MANKIND,Unit,,5,,,3002,32,,1,1,24.41,Unit,true,WHO ORS ORANGE 200ML,2026-07-14T07:55:06.900Z,general,others,1005699,1005699,
-BLANK-,Unit,,0,,,BLANK,20,,1,1,11.65,Unit,true,BISLERI 1L 1L,2026-07-14T07:54:40.148Z,general,others,1005701,1005701,
-BLANK-,Unit,,0,,,BLANK,30,,1,1,21.15,Unit,true,BISLERI 2L 2L,2026-07-14T07:54:40.148Z,general,others,1005703,1005703,
-BLANK-,Unit,,18,,,3009,199,,1,1,134.29,Unit,true,LIVEASY FACIAL WIPES 72,2026-07-14T07:54:44.690Z,general,others,1005705,1005705,
-BLANK-,Strip,drotin plus,5,-BLANK-,false,3002,245.26,,1,10,175.19,Tablet,true,DROTIN PLUS,2026-07-15T09:59:41.213132Z,general,tablet,1005707,1005707,
-BLANK-,Unit,,5,,,3002,1175,,1,1,839.29,Unit,true,MORR F 10 SOLUTION 60ML,2026-07-14T07:54:44.690Z,general,others,1005709,1005709,
-BLANK-,Unit,,18,,,3009,299,,1,1,164.71,Unit,true,KAPIVA APPLE CIDER VINEGER 500ML,2026-07-14T07:54:44.690Z,general,others,1005712,1005712,
-BLANK-,Unit,,18,,,3009,99,,1,1,54.66,Unit,true,KAPIVA ALOE VERA GEL 60GM,2026-07-14T07:54:44.690Z,general,others,1005714,1005714,
-BLANK-,Strip,famelial f,5,-BLANK-,false,3002,244.7,,1,10,186.44,Capsule,true,FAMELIAL F,2026-07-15T10:25:50.757312Z,general,capsule,1005716,1005716,
-BLANK-,Unit,,5,,,3002,290.5,,1,1,221.33,Unit,true,DESOWEN LOTION 30ML,2026-07-14T07:54:40.148Z,general,others,1005718,1005718,
-BLANK-,Strip,mlerfree 15,5,-BLANK-,false,3002,288,,1,15,205.72,Tablet,true,MLERFREE 15,2026-07-15T11:46:53.365Z,general,tablet,1005720,1005720,
NESTLE,Unit,,5,,,3002,5,,1,1,4.18,Unit,true,POLO BUBBLEGUM 1,2026-07-14T07:55:06.900Z,general,others,1005722,1005722,
NESTLE,Unit,,5,,,3002,96.8,,1,1,19.99,Unit,true,KETOCIP CREAM 15G,2026-07-14T07:55:06.900Z,general,others,1005724,1005724,
-BLANK-,Unit,,5,,,3002,298,,1,1,212.86,Unit,true,BEPODROP 1,2026-07-14T07:54:40.148Z,general,others,1005726,1005726,
-BLANK-,Unit,,5,,,3002,339.18,,1,1,258.34,Unit,true,SOHYL EYE DROP 1,2026-07-14T07:54:48.503Z,general,others,1005728,1005728,
-BLANK-,Unit,,5,,,3002,112.4,,1,1,89.21,Unit,true,CLID GEL 22GM,2026-07-14T07:54:40.148Z,general,others,1005730,1005730,
-BLANK-,Strip,nuroturn d3 10,5,-BLANK-,false,3002,186.1,,1,10,141.79,Tablet,true,NUROTURN D3 10,2026-07-15T12:45:01.176Z,general,tablet,1005732,1005732,
-BLANK-,Unit,,5,,,3002,76.28,,1,1,58.71,Unit,true,GLUCOMOL .5 EYEDROP 1,2026-07-14T07:54:40.148Z,general,others,1005734,1005734,
-BLANK-,Strip,mgd3 60k 14,5,-BLANK-,false,3002,232,,1,14,176.43,Tablet,true,MGD3 60K 14,2026-07-15T11:45:29.116Z,general,tablet,1005736,1005736,
-BLANK-,Unit,,5,,,3002,131.27,,1,1,19.75,Unit,true,EVERFRESH EYEDROP 1,2026-07-14T07:54:40.148Z,general,others,1005738,1005738,
-BLANK-,Unit,,18,,,3009,439,,1,1,297.62,Unit,true,MELICON CREAM 30G,2026-07-14T07:54:44.690Z,general,others,1005740,1005740,
-BLANK-,Strip,mgd3 10,5,-BLANK-,false,3002,276.56,,1,10,210.71,Tablet,true,MGD3 10,2026-07-15T11:45:12.974Z,general,tablet,1005742,1005742,
-BLANK-,Unit,,5,,,3002,32,,1,1,24.41,Unit,true,WHO ORS APPLE 200ML,2026-07-14T07:54:48.503Z,general,others,1005744,1005744,
-BLANK-,Unit,,0,,,BLANK,199,,1,1,90,Unit,true,DENTOL FLOSS 1,2026-07-14T07:54:40.148Z,general,others,1005746,1005746,
-BLANK-,Unit,,0,,,BLANK,570,,1,1,50,Unit,true,RAMSOMS WET WIPES 10,2026-07-14T07:54:44.690Z,general,others,1005748,1005748,
-BLANK-,Unit,,5,,,3002,609,,1,1,238.1,Unit,true,HIMALAYA ADULT PANT XL 12,2026-07-14T07:54:44.690Z,general,others,1005750,1005750,
-BLANK-,Unit,,5,,,3002,562,,1,1,219.05,Unit,true,HIMALAYA ADULT PANT L 12,2026-07-14T07:54:44.690Z,general,others,1005752,1005752,
-BLANK-,Unit,,5,,,3002,515,,1,1,200,Unit,true,HIMALAYA ADULT PANT MEDIUM 12,2026-07-14T07:54:44.690Z,general,others,1005753,1005753,
-BLANK-,Unit,fucidin cream 5gm,5,-BLANK-,false,3002,55.99,,1,1,39.99,Unit,true,FUCIDIN CREAM 5GM,2026-07-15T10:37:10.338232Z,general,others,1005755,1005755,
-BLANK-,Strip,hqtor 200mg,5,-BLANK-,false,3002,67.85,,1,10,51.7,Tablet,true,HQTOR 200MG,2026-07-15T11:09:49.278481Z,general,tablet,1005757,1005757,
-BLANK-,Strip,nuroturn duo cap. 10,5,-BLANK-,false,3002,178.12,,1,10,135.71,Tablet,true,NUROTURN DUO CAP. 10,2026-07-15T12:45:21.599Z,general,tablet,1005759,1005759,
-BLANK-,Unit,,0,,,BLANK,4290,,1,1,2900,Unit,true,OMRON BP MACHINE 1,2026-07-14T07:54:44.690Z,general,others,1005761,1005761,
-BLANK-,Unit,,0,,,BLANK,1147,,1,1,580,Unit,true,ONE TOUCH PLUS SIMPLE 1,2026-07-14T07:54:44.690Z,general,others,1005762,1005762,
USV,Unit,,5,,,3002,37,,1,1,28.09,Unit,true,AQUASOL A CAPSULE 30,2026-07-14T07:55:10.883Z,general,others,1005764,1005764,
-BLANK-,Strip,doxytrue lb,5,-BLANK-,false,3002,113.44,,1,10,43.13,Tablet,true,DOXYTRUE LB,2026-07-15T09:57:03.453637Z,general,tablet,1005766,1005766,
MANKIND,Strip,flora bc nf,5,MANKIND,false,3002,55.2,,1,10,42.06,Tablet,true,FLORA BC NF,2026-07-15T10:29:28.364392Z,general,tablet,1005768,1005768,
CIPLA,Unit,,5,,,3002,161.57,,1,1,115.03,Unit,true,OMNIGEL 30GM GEL 30GM,2026-07-14T07:54:54.580Z,general,others,1005787,1005787,
CIPLA,Unit,,5,,,3002,285.93,,1,1,76.67,Unit,true,TUGAIN 2% SHAMPOO 100ML,2026-07-14T07:54:54.580Z,general,others,1005789,1005789,
CIPLA,Unit,,5,,,3002,101.25,,1,1,33,Unit,true,CIPROFRESH MOUTHWASH 1OOML,2026-07-14T07:54:54.580Z,general,others,1005791,1005791,
CURELIFE,Unit,,5,,,3002,199,,1,1,38.32,Unit,true,CURELIEF WRIST BRACE PLAIN 1,2026-07-14T07:54:54.580Z,general,others,1005793,1005793,
CURELIFE,Unit,,5,,,3002,199,,1,1,47.62,Unit,true,CURELIEF WRIST BRACE THUMB 1,2026-07-14T07:54:54.580Z,general,others,1005796,1005796,
CURELIFE,Unit,,5,,,3002,499,,1,1,123,Unit,true,CURELIEF CLAVICLE BRACE 1,2026-07-14T07:54:54.580Z,general,others,1005799,1005799,
CURELIFE,Unit,,5,,,3002,195,,1,1,28.58,Unit,true,CRAP BANDAGE 2 INCH 1,2026-07-14T07:54:54.580Z,general,others,1005801,1005801,
CURELIFE,Unit,,18,,,3009,249,,1,1,211.02,Unit,true,DERMA 2% VIT C FACEWASH 80ML,2026-07-14T07:54:54.580Z,general,others,1005803,1005803,
CURELIFE,Unit,,18,,,3009,285,,1,1,241.53,Unit,true,MAMAEARTH MULTANI MITTI FW 100ML,2026-07-14T07:54:54.580Z,general,others,1005805,1005805,
CURELIFE,Unit,,18,,,3009,269,,1,1,227.97,Unit,true,MAMA EARTH RICE WATER FW 100ML,2026-07-14T07:54:54.580Z,general,others,1005807,1005807,
Pfizer,Strip,becozinc cap,5,Pfizer,false,3002,70.37,B complex,1,30,53.62,Capsule,true,BECOZINC CAP,2026-07-15T02:51:27.084404Z,general,capsule,1005809,1005809,
CURELIFE,Unit,,0,,,BLANK,40,,1,1,30,Unit,true,LIP BALM 10GM,2026-07-14T07:54:54.580Z,general,others,1005811,1005811,
DABUR,Unit,honey 500gm,0,DABUR,false,BLANK,250,,1,1,206,Unit,true,HONEY 500GM,2026-07-15T11:09:12.084153Z,general,others,1005813,1005813,
CURELIFE,Unit,,0,,,BLANK,650,,1,1,240,Unit,true,XXL PANTS ADULT 10,2026-07-14T07:54:54.580Z,general,others,1005818,1005818,
CURELIFE,Unit,,5,,,3002,105,,1,1,80,Unit,true,CEPODEM 50 SUSP 30ML,2026-07-14T07:54:54.580Z,general,others,1005821,1005821,
CURELIFE,Unit,,5,,,3002,65.62,,1,1,50,Unit,true,MELOSET 3MG 10,2026-07-14T07:54:54.580Z,general,others,1005823,1005823,
CURELIFE,Unit,,5,,,3002,361.87,,1,1,275.71,Unit,true,MOVICOL LIQUID 200ML,2026-07-14T07:54:54.580Z,general,others,1005825,1005825,
CURELIFE,Unit,,18,,,3009,350,,1,1,248,Unit,true,SEBA MED BABY BAR 100GM,2026-07-14T07:54:54.580Z,general,others,1005827,1005827,
CURELIFE,Unit,,18,,,3009,270,,1,1,190.68,Unit,true,SEBA MED BABY CREAM 50GM,2026-07-14T07:54:54.580Z,general,others,1005828,1005828,
CURELIFE,Strip,vegra 100,0,CURELIFE,false,BLANK,99,,1,4,7.62,Tablet,true,VEGRA 100,2026-07-15T15:53:26.307Z,general,tablet,1005830,1005830,
CURELIFE,Unit,stickoband washproof band aid,0,CURELIFE,false,BLANK,2.5,,1,1,0.619,Unit,true,STICKOBAND WASHPROOF BAND AID,2026-07-18T07:46:11.119Z,general,others,1005833,1005833,
-BLANK-,Unit,,18,,,3009,1030,,1,1,727.4,Unit,true,SEBA MED PROTECTIVE FACIAL CR 50ML,2026-07-14T07:54:44.690Z,general,others,1005836,1005836,
-BLANK-,Strip,ursotrin 300,5,-BLANK-,false,3002,380,,1,10,289.52,Tablet,true,URSOTRIN 300,2026-07-15T15:51:17.300Z,general,tablet,1005838,1005838,
-BLANK-,Strip,amoxyclav 375,0,-BLANK-,false,BLANK,309,Amoxicillin+ Potassium Clavuanate,1,10,70,Tablet,true,AMOXYCLAV 375,2026-07-15T02:13:27.685153Z,general,tablet,1005840,1005840,
-BLANK-,Unit,,5,,,3002,200,,1,1,165.63,Unit,true,CENTRUM REACHARGE + SIPPER 20PACK,2026-07-14T07:54:40.148Z,general,others,1005846,1005846,
-BLANK-,Unit,,5,,,3002,125,,1,1,90,Unit,true,DABUR GILOY KI GHANIVATI 40N,2026-07-14T07:54:40.148Z,general,others,1005848,1005848,
-BLANK-,Strip,diabecon ds 60 tab,5,-BLANK-,false,3002,285,,1,60,217.14,Tablet,true,DIABECON DS 60 TAB,2026-07-14T11:20:03.875Z,general,tablet,1005852,1005852,
-BLANK-,Strip,urotone 25mg,5,-BLANK-,false,3002,189.97,,1,10,145.04,Tablet,true,UROTONE 25MG,2026-07-15T15:51:08.622Z,general,tablet,1005854,1005854,
-BLANK-,Strip,nespower tab 30,5,-BLANK-,false,3002,900,,1,30,685,Tablet,true,NESPOWER TAB 30,2026-07-14T11:56:50.745Z,general,tablet,1005857,1005857,
-BLANK-,Unit,,5,,,3002,225,,1,1,192.86,Unit,true,DIVYA MUKTA VATI 120,2026-07-14T07:54:40.148Z,general,others,1005859,1005859,
-BLANK-,Unit,,5,,,3002,120,,1,1,80,Unit,true,ARJUNA TAB 60,2026-07-14T07:54:40.148Z,general,others,1005861,1005861,
-BLANK-,Unit,,5,,,3002,797,,1,1,584.47,Unit,true,ZANDU RHUMAYOG GOLD 30,2026-07-14T07:54:48.503Z,general,others,1005863,1005863,
-BLANK-,Strip,jaundex tab 30,5,-BLANK-,false,3002,150,,1,30,105,Tablet,true,JAUNDEX TAB 30,2026-07-14T11:49:09.366Z,general,tablet,1005865,1005865,
-BLANK-,Unit,,5,,,3002,102,,1,1,68.82,Unit,true,AROGYAVARDHINI VATI 40,2026-07-14T07:54:40.148Z,general,others,1005867,1005867,
-BLANK-,Unit,,5,,,3002,172,,1,1,116,Unit,true,LAXMIVILAS RAS 40,2026-07-14T07:54:44.690Z,general,others,1005869,1005869,
-BLANK-,Unit,,5,,,3002,110,,1,1,74.21,Unit,true,TRAYODASHANG GUGUL 40,2026-07-14T07:54:48.503Z,general,others,1005871,1005871,
-BLANK-,Strip,zoryl 2mg,5,-BLANK-,false,3002,93,,1,15,70.77,Tablet,true,ZORYL 2MG,2026-07-15T16:09:04.135Z,general,tablet,1005874,1005874,
-BLANK-,Strip,sitapride e 10,5,-BLANK-,false,3002,180,,1,10,128.54,Tablet,true,SITAPRIDE E 10,2026-07-15T14:56:23.752Z,general,tablet,1005876,1005876,
-BLANK-,Strip,acefile sp 10,5,-BLANK-,false,3002,133,,1,10,16.5,Tablet,true,ACEFILE SP 10,2026-07-15T01:44:36.473557Z,general,tablet,1005878,1005878,
-BLANK-,Strip,maxirich cap 10,5,-BLANK-,false,3002,129,,1,10,31.54,Capsule,true,MAXIRICH CAP 10,2026-07-15T11:37:05.232Z,general,capsule,1005880,1005880,
-BLANK-,Unit,,5,,,3002,346.5,,1,1,264,Unit,true,ADAFERIN 0.1 TUBE 15GM,2026-07-14T07:54:40.148Z,general,others,1005882,1005882,
-BLANK-,Strip,himalaya amalaki tab 60,5,-BLANK-,false,3002,325,,1,60,247.62,Tablet,true,HIMALAYA AMALAKI TAB 60,2026-07-14T11:46:57.445Z,general,tablet,1005884,1005884,
-BLANK-,Unit,,5,,,3002,485.63,,1,1,45.83,Unit,true,CHYMOTAS FORTE 20,2026-07-14T07:54:40.148Z,general,others,1005888,1005888,
-BLANK-,Strip,l hist mont,5,-BLANK-,false,3002,257.8,,1,15,36.31,Tablet,true,L HIST MONT,2026-07-15T11:15:59.210862Z,general,tablet,1005890,1005890,
-BLANK-,Unit,,0,,,BLANK,56,,1,1,28,Unit,true,TULIPS EARSWABS,2026-07-14T07:54:48.503Z,general,others,1005892,1005892,
-BLANK-,Unit,,0,,,BLANK,7000,,1,1,4500,Unit,true,MB PROTEIN POWDER 2.5 KG,2026-07-14T07:54:44.690Z,general,others,1005895,1005895,
-BLANK-,Unit,,5,,,3002,39,,1,1,29.94,Unit,true,ERZL ORS LIQUID 200ML,2026-07-14T07:54:40.148Z,general,others,1005897,1005897,
-BLANK-,Unit,,0,,,BLANK,370,,1,1,308.33,Unit,true,SOFY BODYFIT PRO 3PACK,2026-07-14T07:54:48.503Z,general,others,1005899,1005899,
CIPLA,Strip,bilacip m,5,CIPLA,false,3002,200,Bilastin + Montelukast,1,10,58.34,Tablet,true,BILACIP M,2026-07-15T03:01:34.612733Z,general,tablet,1005901,1005901,
-BLANK-,Unit,,0,,,BLANK,120,,1,1,68,Unit,true,MANFORCE OVERTIME 10 PCS 10,2026-07-14T07:54:44.690Z,general,others,1005903,1005903,
-BLANK-,Unit,,5,,,3002,374,,1,1,231.52,Unit,true,KAPIVA KARELA JAMUN JUICE 1LITRE,2026-07-14T07:54:44.690Z,general,others,1005905,1005905,
-BLANK-,Unit,,5,,,3002,164,,1,1,124.95,Unit,true,EASIFLOW SUSPENSION 200ML,2026-07-14T07:54:40.148Z,general,others,1005908,1005908,
-BLANK-,Strip,empaglyde-sm 25/1000,5,-BLANK-,false,3002,178.12,,1,10,135.71,Tablet,true,EMPAGLYDE-SM 25/1000,2026-07-15T10:14:12.627306Z,general,tablet,1005910,1005910,
-BLANK-,Unit,,5,,,3002,215,,1,1,163.83,Unit,true,DKZ CREAM 50GM,2026-07-14T07:54:40.148Z,general,others,1005912,1005912,
-BLANK-,Unit,,5,,,3002,55,,1,1,45.5,Unit,true,METROGYL SUSP 100ML,2026-07-14T07:54:44.690Z,general,others,1005914,1005914,
-BLANK-,Strip,bilatop 20,5,-BLANK-,false,3002,143,Bilastine,1,10,34,Tablet,true,BILATOP 20,2026-07-15T03:04:02.929689Z,general,tablet,1005916,1005916,
-BLANK-,Strip,bilatop m,5,-BLANK-,false,3002,208,Bilastin + Montelukast,1,10,38.1,Tablet,true,BILATOP M,2026-07-15T03:04:26.169548Z,general,tablet,1005917,1005917,
-BLANK-,Unit,,5,,,3002,46,,1,1,11.43,Unit,true,ELECTROKEM APPLE 200ML,2026-07-14T07:54:40.148Z,general,others,1005919,1005919,
-BLANK-,Unit,,5,,,3002,31,,1,1,12.38,Unit,true,ORS DR REDDY 200ML,2026-07-14T07:54:44.690Z,general,others,1005921,1005921,
-BLANK-,Unit,,5,,,3002,23,,1,1,7.14,Unit,true,ELECTROLYTE POWDER 21GM,2026-07-14T07:54:40.148Z,general,others,1005923,1005923,
-BLANK-,Unit,,0,,,BLANK,30,,1,1,0,Unit,true,OKAY FRESHNER 1,2026-07-14T07:54:44.690Z,general,others,1005926,1005926,
-BLANK-,Unit,,5,,,3002,2,,1,1,1.43,Unit,true,H&S SHAMPOO 5ML,2026-07-14T07:54:40.148Z,general,others,1005928,1005928,
-BLANK-,Unit,,5,,,3002,117,,1,1,92.86,Unit,true,PAMPERS XL 6,2026-07-14T07:54:44.690Z,general,others,1005930,1005930,
-BLANK-,Unit,,5,,,3002,93,,1,1,73.81,Unit,true,PAMPERS S 10,2026-07-14T07:54:44.690Z,general,others,1005931,1005931,
-BLANK-,Unit,,5,,,3002,93,,1,1,73.81,Unit,true,PAMPERS NB 10,2026-07-14T07:54:44.690Z,general,others,1005932,1005932,
-BLANK-,Unit,,5,,,3002,98,,1,1,77.78,Unit,true,PAMPERS M 8,2026-07-14T07:54:44.690Z,general,others,1005933,1005933,
-BLANK-,Unit,,5,,,3002,98,,1,1,77.78,Unit,true,PAMPERS L 7,2026-07-14T07:54:44.690Z,general,others,1005934,1005934,
-BLANK-,Unit,,5,,,3002,18,,1,1,14.29,Unit,true,PAMPERS NB 2,2026-07-14T07:54:44.690Z,general,others,1005935,1005935,
-BLANK-,Unit,,5,,,3002,25,,1,1,19.84,Unit,true,PAMPERS M 2,2026-07-14T07:54:44.690Z,general,others,1005936,1005936,
-BLANK-,Unit,,5,,,3002,30,,1,1,23.81,Unit,true,PAMPERS L 2,2026-07-14T07:54:44.690Z,general,others,1005937,1005937,
-BLANK-,Unit,,5,,,3002,465,,1,1,402.6,Unit,true,DEXOLAC 3 400G,2026-07-14T07:54:40.148Z,general,others,1005939,1005939,
-BLANK-,Unit,,5,,,3002,32,,1,1,5.7,Unit,true,SAPCHEM COTTON 20GM,2026-07-14T07:54:44.690Z,general,others,1005941,1005941,
-BLANK-,Unit,,18,,,3009,240,,1,1,162.75,Unit,true,MOISOFT CLEANSING LOTION 125GM,2026-07-14T07:54:44.690Z,general,others,1005943,1005943,
ARISTRO,Strip,clingen 3 vaginal suppository,5,ARISTRO,false,3002,127,,1,3,96.42,Tablet,true,CLINGEN 3 VAGINAL SUPPOSITORY,2026-07-15T09:27:21.901566Z,general,tablet,1005945,1005945,
ARISTRO,Unit,,5,,,3002,335,,1,1,290.33,Unit,true,PEDIASURE 7+ CHOCO 200GM,2026-07-14T07:54:54.580Z,general,others,1005947,1005947,
ARISTRO,Unit,,5,,,3002,575,,1,1,438.82,Unit,true,EVALON CREAM 15G,2026-07-14T07:54:54.580Z,general,others,1005949,1005949,
ARISTRO,Unit,,5,,,3002,1000,,1,1,714.29,Unit,true,HAIR 4U 10% SOLUTION 60ML,2026-07-14T07:54:54.580Z,general,others,1005951,1005951,
ARISTRO,Unit,,5,,,BLANK,5,,1,1,3.25,Unit,true,WATER BOTTLE 250ML,2026-07-14T07:54:54.580Z,general,others,1005953,1005953,
ARISTRO,Unit,,18,,,3009,120,,1,1,49.16,Unit,true,ASTA BERRY HAIR REMOVER 50G,2026-07-14T07:54:54.580Z,general,others,1005955,1005955,
ARISTRO,Unit,,5,,,3002,93.43,,1,1,42.86,Unit,true,CLOCIP KZ SOAP 75GM,2026-07-14T07:54:54.580Z,general,others,1005957,1005957,
TYNOR,Unit,,0,,,BLANK,974,,1,1,515,Unit,true,TYRNOR OPEN KNEE CAPS 1,2026-07-14T07:55:10.883Z,general,others,1005959,1005959,
TYNOR,Unit,,0,,,BLANK,810,,1,1,160,Unit,true,PPE KIT 1,2026-07-14T07:55:10.883Z,general,others,1005961,1005961,
BAYER,Unit,,18,,,3009,950,,1,1,644.06,Unit,true,BEPANTHAN SENSICALM 100GM,2026-07-14T07:54:54.580Z,general,others,1005963,1005963,
BAYER,Unit,,18,,,3009,730,,1,1,494.92,Unit,true,PHYSIOGEL AI LOTION 100GM,2026-07-14T07:54:54.580Z,general,others,1005965,1005965,
BAYER,Unit,,18,,,3009,850,,1,1,576.35,Unit,true,ECLPSE SOLAIRE SUNSCREEN 60ML,2026-07-14T07:54:54.580Z,general,others,1005967,1005967,
BAYER,Unit,,5,,,3002,209,,1,1,159.17,Unit,true,DOSETIL LOTION 30ML,2026-07-14T07:54:54.580Z,general,others,1005969,1005969,
BAYER,Strip,wysolone 10,5,BAYER,false,3002,19.95,,1,15,14.49,Tablet,true,WYSOLONE 10,2026-07-15T16:01:48.851Z,general,tablet,1005971,1005971,
BAYER,Strip,predmet 16,5,BAYER,false,3002,124.69,,1,10,95,Tablet,true,PREDMET 16,2026-07-15T14:03:33.527Z,general,tablet,1005973,1005973,
BAYER,Unit,,5,,,3002,899,,1,1,642.15,Unit,true,KAPIVA ARTHO JUICE 1LTR,2026-07-14T07:54:54.580Z,general,others,1005977,1005977,
BAYER,Unit,,18,,,3009,129,,1,1,99.38,Unit,true,VEET DRY WOMEN STRIPS 8,2026-07-14T07:54:54.580Z,general,others,1005980,1005980,
ABOTT,Unit,,0,,,BLANK,5138,,1,1,4200,Unit,true,ABBOTT FREESTYLE LIBRE 2 1,2026-07-14T07:54:48.503Z,general,others,1005982,1005982,
MEDLEY,Unit,,5,,,3002,263,,1,1,200.46,Unit,true,RB TONE RAPID SYRUP 225ML,2026-07-14T07:55:06.900Z,general,others,1005984,1005984,
-BLANK-,Strip,kremylin tab 10,5,-BLANK-,false,3002,150,,1,10,114.29,Tablet,true,KREMYLIN TAB 10,2026-07-14T11:49:44.611Z,general,tablet,1005986,1005986,
-BLANK-,Unit,,18,,,3009,552,,1,1,374.25,Unit,true,ELOVERA IMF LOTION 150ML,2026-07-14T07:54:40.148Z,general,others,1005988,1005988,
-BLANK-,Unit,,0,,,BLANK,3599,,1,1,2400,Unit,true,MUSCLE BLAZE BIO ZYME 1KG,2026-07-14T07:54:44.690Z,general,others,1005990,1005990,
-BLANK-,Unit,,5,,,3002,53,,1,1,8.57,Unit,true,CEFLOX E/D 10ML,2026-07-14T07:54:40.148Z,general,others,1005992,1005992,
-BLANK-,Unit,,5,,,3002,36,,1,1,11,Unit,true,CIPCAL D3 SACHET 1G,2026-07-14T07:54:40.148Z,general,others,1005994,1005994,
-BLANK-,Unit,,5,,,3002,540,,1,1,372.67,Unit,true,ENO JEERA & AJWAIN 5GM* 60,2026-07-14T07:54:40.148Z,general,others,1005996,1005996,
-BLANK-,Strip,tentex royal cap.bottle 30cap.,5,-BLANK-,false,3002,750,,1,30,515.62,Tablet,true,TENTEX ROYAL CAP.BOTTLE 30CAP.,2026-07-15T15:40:03.548Z,general,tablet,1005998,1005998,
-BLANK-,Strip,zymox cv 375,5,-BLANK-,false,3002,117,,1,6,32.38,Tablet,true,ZYMOX CV 375,2026-07-15T16:10:36.071Z,general,tablet,1006000,1006000,
-BLANK-,Unit,,5,,,3002,48,,1,1,16.19,Unit,true,WFD GLUCOSE 100GM,2026-07-14T07:54:48.503Z,general,others,1006002,1006002,
-BLANK-,Strip,pudina prote hara caps,5,-BLANK-,false,3002,32,,1,10,3.81,Capsule,true,PUDINA PROTE HARA CAPS,2026-07-15T14:10:20.272Z,general,capsule,1006004,1006004,
AJANTA,Unit,,0,,,BLANK,314,,1,1,80,Unit,true,MELACARE FLOW FACEWASH 100GM,2026-07-14T07:54:48.503Z,general,others,1006011,1006011,
INTAS,Unit,,5,,,3002,325,,1,1,232.16,Unit,true,C NAC E/D 10ML,2026-07-14T07:55:03.022Z,general,others,1006013,1006013,
INTAS,Strip,levosiz 5,5,INTAS,false,3002,33,,1,15,25.14,Tablet,true,LEVOSIZ 5,2026-07-15T11:19:05.264542Z,general,tablet,1006015,1006015,
INTAS,Unit,,5,,,3002,349,,1,1,284.09,Unit,true,FIGARO OLIVE OIL 200ML,2026-07-14T07:55:03.022Z,general,others,1006018,1006018,
INTAS,Strip,pplac advance cap,5,INTAS,false,3002,148,,1,10,22.86,Capsule,true,PPLAC ADVANCE CAP,2026-07-15T14:01:42.468Z,general,capsule,1006020,1006020,
INTAS,Unit,,5,,,3002,131.25,,1,1,14.29,Unit,true,REFRESHINE EYE DROP 10ML,2026-07-14T07:55:03.022Z,general,others,1006022,1006022,
INTAS,Unit,,5,,,3002,99.15,,1,1,26.19,Unit,true,BURNHEAL CREAM 15GM,2026-07-14T07:55:03.022Z,general,others,1006024,1006024,
INTAS,Unit,,5,,,3002,99,,1,1,30.48,Unit,true,AASHI KESAR SOAP 75GM,2026-07-14T07:55:03.022Z,general,others,1006026,1006026,
INTAS,Unit,,5,,,3002,105,,1,1,28.57,Unit,true,SCABION SOAP 75GM,2026-07-14T07:55:03.022Z,general,others,1006027,1006027,
INTAS,Unit,,5,,,3002,150,,1,1,33.33,Unit,true,AUSFLU TUBE 10GM,2026-07-14T07:55:03.022Z,general,others,1006028,1006028,
INTAS,Unit,,5,,,3002,110,,1,1,14.29,Unit,true,CASFUR NF CREAM 15GM,2026-07-14T07:55:03.022Z,general,others,1006030,1006030,
INTAS,Unit,,5,,,3002,99,,1,1,30.48,Unit,true,GLYCIN A SOAP 75 GM,2026-07-14T07:55:03.022Z,general,others,1006031,1006031,
INTAS,Unit,,5,,,3002,93,,1,1,24.76,Unit,true,KETOFRESH CT CREAM 15GM,2026-07-14T07:55:03.022Z,general,others,1006032,1006032,
INTAS,Unit,,5,,,3002,82,,1,1,14,Unit,true,MONTINO SYRUP 60ML,2026-07-14T07:55:03.022Z,general,others,1006033,1006033,
INTAS,Unit,,5,,,3002,135,,1,1,38.1,Unit,true,KOJISKIN SOAP 75GM,2026-07-14T07:55:03.022Z,general,others,1006034,1006034,
INTAS,Unit,,5,,,3002,147,,1,1,78.89,Unit,true,DOLO PAIN RELIEF SPRAY 55GM,2026-07-14T07:55:03.022Z,general,others,1006036,1006036,
INTAS,Unit,,5,,,3002,275,,1,1,196.43,Unit,true,CLOCIP L CREAM 20GM,2026-07-14T07:55:03.022Z,general,others,1006038,1006038,
INTAS,Unit,,5,,,3002,167,,1,1,127.24,Unit,true,OMNIGEL MAXX GEL 30GM,2026-07-14T07:55:03.022Z,general,others,1006040,1006040,
INTAS,Unit,,5,,,3002,154.72,,1,1,117.88,Unit,true,OMNIGEL MAXX SPRAY 35GM,2026-07-14T07:55:03.022Z,general,others,1006042,1006042,
INTAS,Unit,,5,,,3002,267.64,,1,1,203.92,Unit,true,OMNIGEL MAXX SPRAY 55GM,2026-07-14T07:55:03.022Z,general,others,1006043,1006043,
INTAS,Strip,paracip plus 10,5,INTAS,false,3002,102.09,,1,10,77.69,Tablet,true,PARACIP PLUS 10,2026-07-15T13:54:52.806Z,general,tablet,1006045,1006045,
INTAS,Unit,,5,,,3002,38,,1,1,27.14,Unit,true,COFSILS MULETHI STRIP 10,2026-07-14T07:55:03.022Z,general,others,1006047,1006047,
INTAS,Unit,,18,,,3009,190.25,,1,1,128.98,Unit,true,NICOTEX 4MG GUM 15,2026-07-14T07:55:03.022Z,general,others,1006049,1006049,
INTAS,Unit,,5,,,3002,799,,1,1,95.24,Unit,true,CURELIEF HEATING GEL PAD 1,2026-07-14T07:55:03.022Z,general,others,1006051,1006051,
INTAS,Unit,,5,,,3002,599,,1,1,142.86,Unit,true,CURELIEF 1 LEG WALK STICK 1,2026-07-14T07:55:03.022Z,general,others,1006053,1006053,
INTAS,Unit,,5,,,3002,799,,1,1,261.91,Unit,true,CURELIEF 4 LEG WALK STICK 1,2026-07-14T07:55:03.022Z,general,others,1006054,1006054,
-BLANK-,Unit,,5,,,3002,205,,1,1,156.19,Unit,true,TELMOTO RS 10,2026-07-14T07:54:48.503Z,general,others,1006057,1006057,
-BLANK-,Strip,obimet sr 1000 15,5,-BLANK-,false,3002,65.15,,1,15,49.64,Tablet,true,OBIMET SR 1000 15,2026-07-15T12:46:21.265Z,general,tablet,1006059,1006059,
-BLANK-,Strip,indipil am5,5,-BLANK-,false,3002,150,,1,10,107.14,Tablet,true,INDIPIL AM5,2026-07-15T11:10:49.981202Z,general,tablet,1006061,1006061,
-BLANK-,Strip,evion forte cap,5,-BLANK-,false,3002,351,,1,15,267.44,Capsule,true,EVION FORTE CAP,2026-07-15T10:24:02.700030Z,general,capsule,1006063,1006063,
-BLANK-,Unit,,5,,,3002,199.65,,1,1,152.11,Unit,true,PICLIN PLUS SYRUP 200ML,2026-07-14T07:54:44.690Z,general,others,1006065,1006065,
-BLANK-,Strip,rablet d,5,-BLANK-,false,3002,312,,1,15,237.71,Tablet,true,RABLET D,2026-07-15T14:16:54.343Z,general,tablet,1006067,1006067,
-BLANK-,Unit,,5,,,3002,156,,1,1,118.86,Unit,true,SMUTH CREAM 30GM,2026-07-14T07:54:48.503Z,general,others,1006069,1006069,
-BLANK-,Strip,fericip xt tab,5,-BLANK-,false,3002,139.11,,1,10,38.67,Tablet,true,FERICIP XT TAB,2026-07-15T10:27:06.698965Z,general,tablet,1006072,1006072,
-BLANK-,Strip,solfe extra 15 tab.,5,-BLANK-,false,3002,283.59,,1,15,216.07,Tablet,true,SOLFE EXTRA 15 TAB.,2026-07-15T04:29:49.590Z,general,tablet,1006074,1006074,
-BLANK-,Strip,sumoflam tab. 15 tab.,5,-BLANK-,false,3002,229.65,,1,15,174.97,Tablet,true,SUMOFLAM TAB. 15 TAB.,2026-07-15T04:30:49.491Z,general,tablet,1006076,1006076,
-BLANK-,Strip,orofer xt 30tab.,5,-BLANK-,false,3002,635.65,,1,30,484.3,Tablet,true,OROFER XT 30TAB.,2026-07-15T13:03:41.166Z,general,tablet,1006078,1006078,
DR. REDDY'S,Strip,oro cv 625,5,DR. REDDY'S,false,3002,195.33,,1,10,52.38,Tablet,true,ORO CV 625,2026-07-15T13:03:16.407Z,general,tablet,1006080,1006080,
-BLANK-,Unit,,5,,,3002,48.75,,1,1,37.14,Unit,true,MEFTAGESIC P SUSP 60ML,2026-07-14T07:54:44.690Z,general,others,1006084,1006084,
-BLANK-,Unit,,5,,,3002,211,,1,1,100.48,Unit,true,KAPIVA PAIN RELIEF OIL 100ML,2026-07-14T07:54:44.690Z,general,others,1006087,1006087,
-BLANK-,Unit,,5,,,3002,35,,1,1,18.7,Unit,true,ORAL B CAVITY DEFENSE TWIN 2,2026-07-14T07:54:44.690Z,general,others,1006089,1006089,
-BLANK-,Unit,,5,,,3002,2,,1,1,1.9,Unit,true,H&D CHARCOAL DEEP CLEAN 2ML,2026-07-14T07:54:40.148Z,general,others,1006091,1006091,
-BLANK-,Unit,,0,,,BLANK,80,,1,1,72.08,Unit,true,WHISPER CHOICE ULTRA 10PAD,2026-07-14T07:54:48.503Z,general,others,1006093,1006093,
-BLANK-,Unit,,5,,,3002,390,,1,1,325.8,Unit,true,PROTINEX ORIGINAL 200GM,2026-07-14T07:54:44.690Z,general,others,1006097,1006097,
-BLANK-,Unit,,5,,,3002,1060,,1,1,918.67,Unit,true,SIMILAC MT2 800GM,2026-07-14T07:54:48.503Z,general,others,1006099,1006099,
-BLANK-,Strip,empaone m er 25/1000,5,-BLANK-,false,3002,179,,1,10,127.86,Tablet,true,EMPAONE M ER 25/1000,2026-07-15T10:14:20.610644Z,general,tablet,1006101,1006101,
-BLANK-,Unit,,5,,,3002,111.39,,1,1,32.38,Unit,true,ABIXIM 200 10,2026-07-14T07:54:40.148Z,general,others,1006103,1006103,
-BLANK-,Unit,,0,,,BLANK,130,,1,1,98,Unit,true,HYPERCIUM 200C 30ML,2026-07-14T07:54:44.690Z,general,others,1006105,1006105,
-BLANK-,Unit,,0,,,BLANK,130,,1,1,98,Unit,true,CAUSTICUM 200C 30ML,2026-07-14T07:54:40.148Z,general,others,1006107,1006107,
-BLANK-,Unit,,0,,,BLANK,215,,1,1,172,Unit,true,CINERARIA E/D 10ML,2026-07-14T07:54:40.148Z,general,others,1006109,1006109,
-BLANK-,Unit,,0,,,BLANK,80,,1,1,60,Unit,true,AMMI VISNAGA CREAM 25G,2026-07-14T07:54:40.148Z,general,others,1006111,1006111,
MANKIND,Strip,empaglyde l10 tab 10,5,MANKIND,false,3002,74.9,,1,10,57.06,Tablet,true,EMPAGLYDE L10 TAB 10,2026-07-14T11:23:22.244Z,general,tablet,1013041,1013041,
HIMALAYA,Strip,himalaya guduchi tab 60,5,HIMALAYA,false,3002,240,,1,60,182.86,Tablet,true,HIMALAYA GUDUCHI TAB 60,2026-07-14T11:48:13.293Z,general,tablet,1015668,1015668,
AIMIL,Unit,neeri kft syp 200ml,5,AIMIL,false,3002,625,,1,1,625,Unit,true,NEERI KFT SYP 200ML,2026-07-23T05:23:06.791Z,general,others,3NjEUw1L9oNK5nXBNlzd,,
OKAY,Unit,okay glass cleaner,0,OKAY,false,,100,,1,1,68,Unit,true,OKAY GLASS CLEANER,2026-07-21T07:34:44.811Z,general,others,46AMlfH81OqWe2KMbAlP,,
OKAY,Unit,okay utensils gel,0,OKAY,false,,110,,1,1,70,Unit,true,OKAY UTENSILS GEL,2026-07-21T07:36:30.130Z,general,others,5N3DijUCChupDRRUjzaR,,
NESTLE,Unit,kitkat 2f,5,NESTLE,false,3002,20,,1,1,17.316,Unit,true,KITKAT 2F,2026-07-18T09:26:37.506Z,general,others,66wfjJvVkDsQTYowAjhy,,
PATANJALI,Unit,kesh kanti advance hair oil,5,PATANJALI,false,3002,89,,1,1,62.11,Unit,true,KESH KANTI ADVANCE HAIR OIL,2026-07-18T04:38:38.943Z,general,others,6TzATXEnVBNo27V8Zzni,,
MANKIND,Strip,clonafit .5,5,MANKIND,false,3002,37,CLONAZEPAM,1,10,28,Tablet,true,CLONAFIT .5,2026-07-19T08:01:22.673Z,general,tablet,8NzVBQxgXRwudu5TFzVi,,
INTAS,Strip,veltam f,5,INTAS,false,3002,454,TAMSULOSIN HCL + FINASTERIDE,1,15,345.71,Tablet,true,VELTAM F,2026-07-19T07:50:02.910Z,general,tablet,8flC2OK8JqFOaHOpFonw,,
ABBOTT,Strip,paraxin 250mg,5,ABBOTT,false,30042050,150.96,,1,10,107.83,Capsule,true,PARAXIN 250MG,2026-07-17T11:10:56.023Z,general,capsule,BvIXm7zrOULocS4FOd8h,,
PATANJALI AYURVEDIC,Unit,patanajali saumya e/d,12,PATANJALI AYURVEDIC,false,,0,,1,1,0,Unit,true,PATANAJALI SAUMYA E/D,2026-07-16T10:44:46.447Z,general,drops,DiG1xxPhOImhN8ZfybLh,,
BULLFORD,Strip,lomolen,5,BULLFORD,false,,23,,1,10,0.95,Tablet,true,LOMOLEN,2026-07-21T13:28:30.606Z,general,tablet,F5j58LEJLfAEUMl6rB37,,
CRZL,Unit,crzl ors liquid,0,CRZL,false,,39,,1,1,15,Unit,true,CRZL ORS LIQUID,2026-07-21T15:20:17.313Z,general,others,GdqXrzdJyDQ74rzXRIpp,,
ABBOTT,Strip,paraxin250mg,5,ABBOTT,false,,0,,1,1,0,Capsule,true,PARAXIN250MG,2026-07-17T14:17:55.025Z,general,capsule,J22BrPmomxkF1JcsCDQo,,
G,Unit,glucon d 1kg,5,G,false,3002,255,,1,1,204.96,Unit,true,GLUCON D 1KG,2026-07-21T09:19:21.857Z,general,others,K5gKiR2DZi19gxgxjdkU,,
PAMPERS,Unit,pampers diaper s 2,5,PAMPERS,false,3002,20,,1,1,15.88,Unit,true,PAMPERS DIAPER S 2,2026-07-21T07:03:06.032Z,general,others,K7A3K99aAN7f6T79mRNe,,
KAPIVA,Unit,kapiva aloevera gel 100gm tube,18,KAPIVA,false,3009,99,,1,1,54.66,Unit,true,KAPIVA ALOEVERA GEL 100GM TUBE,2026-07-20T07:51:10.600Z,general,others,KJ19FKdy72C66IZQymHI,,
DANISH,Unit,ketofer soap  75gm,5,DANISH,false,,115,,1,1,20.95,Unit,true,KETOFER SOAP  75GM,2026-07-21T13:19:49.831Z,general,others,MUjSigPKcEEVFL8KBOwV,,
GILLETTE,Unit,gillette blade 4,18,GILLETTE,false,3009,52,,1,1,36.72,Unit,true,GILLETTE BLADE 4,2026-07-21T06:53:45.958Z,general,others,Oqe2IiDvf7ZnSRIGxXnb,,
Centaur,Strip,sinarest,5,Centaur,false,3002,125,,1,15,,Tablet,true,SINAREST,2026-07-09T02:56:28.056440Z,general,tablet,Orb6caUMJJAnksnZweH0,,70
AIMIL,Unit,amlycure ds syp 200ml,5,AIMIL,false,3002,326,,1,1,326,Unit,true,AMLYCURE DS SYP 200ML,2026-07-23T05:26:07.047Z,general,others,PS3unvth1PASPKVGxCeQ,,
PATANJALI,Unit,saundarya neem tulsi face wash 60gm,18,PATANJALI,false,3009,60,,1,1,39.78,Unit,true,SAUNDARYA NEEM TULSI FACE WASH 60GM,2026-07-18T05:16:56.041Z,general,others,Q3yLcB9mrLdUXsza0wiu,,
SANOFI,Strip,dulcoflex adult suppositories,5,SANOFI,false,3002,231,BUSACODYL 10MG,1,1,175.91,Capsule,true,DULCOFLEX ADULT SUPPOSITORIES,2026-07-19T07:44:19.530Z,general,capsule,QXPPmr93acy9IM0UcX68,,
OKAY,Unit,okay phenyl extra stong,0,OKAY,false,,55,,1,1,35,Unit,true,OKAY PHENYL EXTRA STONG,2026-07-21T07:32:57.665Z,general,others,QlLZedZ8oVpaehZ45sex,,
PATANJALI,Unit,saumya eye drop 1oml,5,PATANJALI,false,3002,32,,1,1,25.4,Unit,true,SAUMYA EYE DROP 1OML,2026-07-18T05:08:02.721Z,general,drops,RAIpqB8vuagIkbYyMu2u,,
GILLETTE,Unit,gillette blade 8,18,GILLETTE,false,3009,98,,1,1,69.21,Unit,true,GILLETTE BLADE 8,2026-07-21T06:52:31.068Z,general,others,RK9S3h2mIsYHxTR2T34N,,
AIMIL,Strip,amalki tab,5,AIMIL,false,3002,218,,1,30,218,Tablet,true,AMALKI TAB,2026-07-23T05:24:42.535Z,general,tablet,S18EISRj8MBMd8lLJUmt,,
PATANJALI,Unit,kesh kanti tel,5,PATANJALI,false,3002,124,,1,1,96.57,Unit,true,KESH KANTI TEL,2026-07-18T04:44:28.607202Z,general,others,VCqXCc7pdKOdR6ChCvfl,,
troikaa,Vial,dynapar injection,5,troikaa,false,3002,,diclofenac sodium,1,1,,ml,true,Dynapar Injection,2026-07-12T13:38:22.584Z,general,injection,WKvlzDirm1opOqsyifHl,,
VICKS,Unit,vicks extra strong vaporub 25ml,5,VICKS,false,3002,117,,1,1,92.98,Unit,true,VICKS EXTRA STRONG VAPORUB 25ML,2026-07-21T06:40:53.232Z,general,others,WTkjz2BvWVzCJa7VDWTa,,
GUFIC,Strip,ridol tab.,5,GUFIC,false,,22,,1,10,16.52,Tablet,true,RIDOL TAB.,2026-07-22T11:49:41.847Z,general,tablet,WVp1twPXaaP3c9dpTmUN,,
ARISTO,Bottle,smuth syp.,5,ARISTO,false,,108.9,,1,1,82.97,ml,true,SMUTH SYP.,2026-07-22T11:43:22.373Z,general,syrup,Zt7oSaatAbCbp6H2wzQ2,,
PATANJALI,Unit,patanjali ubtan face wash 60gm,18,PATANJALI,false,3009,75,,1,1,50.85,Unit,true,PATANJALI UBTAN FACE WASH 60GM,2026-07-18T05:21:43.747Z,general,others,bZpwVFGLGJne32QtGjBZ,,
AIMIL AYOUTH VEDA,Unit,vagitone wash 100ml,5,AIMIL AYOUTH VEDA,false,3002,164,,1,1,164,Unit,true,VAGITONE WASH 100ML,2026-07-23T05:27:14.486Z,general,others,fJQO3SdhXEe3ZB9mNnIq,,
OLD SPICE,Unit,old spice pocket perfume,18,OLD SPICE,false,3009,75,,1,1,45.4,Unit,true,OLD SPICE POCKET PERFUME,2026-07-21T06:34:45.731Z,general,others,fNYPyiR9lTS7i9HmjK72,,
ABBOTT,Strip,paraxin 500,5,ABBOTT,false,3002,244.2,CHLORAMPHENICOL,1,10,186.06,Tablet,true,PARAXIN 500,2026-07-16T14:44:58.296Z,general,tablet,gBXQQgY46X2MRIJLwL2A,,
PATANJALI,Unit,saundarya neem tulsi face wash  100gm,18,PATANJALI,false,3009,95,,1,1,62.97,Unit,true,SAUNDARYA NEEM TULSI FACE WASH  100GM,2026-07-18T05:19:06.268Z,general,others,gyxO8usKvHMxKXuGA5id,,
ABBOTT,Strip,depsonil 25 tab,5,ABBOTT,false,3002,18,IMIPRAMINE HYDROCHLORIDE,1,10,13.64,Tablet,true,DEPSONIL 25 TAB,2026-07-19T07:42:20.486Z,general,tablet,hpYu4LCrdbjil2jN6ih4,,
AIMIL AYOUTH VEDA,Unit,vagitone wash 50ml,5,AIMIL AYOUTH VEDA,false,3002,98,,1,1,98,Unit,true,VAGITONE WASH 50ML,2026-07-23T05:28:18.090Z,general,others,ieMhulEhlQfpHqgu1Ndo,,
GILLETTE,Unit,gillette shaving foam 50gm,18,GILLETTE,false,3009,95,,1,1,71.89,Unit,true,GILLETTE SHAVING FOAM 50GM,2026-07-21T06:39:02.727Z,general,others,l5mc90xE97BOgOVCxWxU,,
JOHNSON'S,Unit,johnson baby massage oil,18,JOHNSON'S,false,3009,150,,1,1,109.58,Unit,true,JOHNSON BABY MASSAGE OIL,2026-07-19T12:11:26.647Z,general,others,lnNMERfLbrj6AeBvpQiM,,
PATANJALI,Unit,dant kanti toothpaste 20gm,5,PATANJALI,false,3002,20,,1,1,15.96,Unit,true,DANT KANTI TOOTHPASTE 20GM,2026-07-18T05:04:02.949Z,general,others,nV0qcv88TodAXfWlKGRS,,
AIMIL,Unit,amyvordil forte syrup 200ml,5,AIMIL,false,3002,378,,1,1,378,Unit,true,AMYVORDIL FORTE SYRUP 200ML,2026-07-23T05:21:11.924Z,general,others,nqva9j54SIVYMkvvYAuW,,
DABUR,Strip,dabur chandraprabha vati,5,DABUR,false,3002,170,,1,80,136,Tablet,true,DABUR CHANDRAPRABHA VATI,2026-07-20T07:11:30.204Z,general,tablet,oJF9so47BSwUHtDcsmDG,,
MEDLEY,Strip,rifaxigyl m,5,MEDLEY,false,3002,234.38,,1,10,178.58,Tablet,true,RIFAXIGYL M,2026-07-16T14:48:09.195Z,general,tablet,pD73VvUz5EC3mFpmrizB,,
AIMIL,Unit,memtome syp 200ml,5,AIMIL,false,3002,244,,1,1,244,Unit,true,MEMTOME SYP 200ML,2026-07-23T05:19:48.430Z,general,others,q4xy9i0MRoHkoz4Qjif4,,
PATANJALI,Unit,dant kanti toothpaste 10gm,5,PATANJALI,false,3004,10,,1,1,7.63,Unit,true,DANT KANTI TOOTHPASTE 10GM,2026-07-18T05:05:48.832Z,general,others,qiIrFfLL2rJbqZ7gJbcP,,
AIMIL,Unit,amycordial syp 200ml,5,AIMIL,false,3002,220,,1,1,220,Unit,true,AMYCORDIAL SYP 200ML,2026-07-23T05:16:33.230Z,general,others,qv23mSqGcRnwd4VoF6Nr,,
GILLETTE,Unit,gillette guard shaving cream 125 gm,5,GILLETTE,false,3002,62,,1,1,47.24,Unit,true,GILLETTE GUARD SHAVING CREAM 125 GM,2026-07-21T06:37:23.562Z,general,others,slD6PcEMngz67yvNY00d,,
Pzire,Strip,dolo 650,5,Pzire,false,3002,33.63,paracetamol,1,15,,Tablet,true,Dolo 650,2026-07-09T03:08:48.262782Z,general,tablet,zxesbDweHsDXapJlRIYM,,26